{
	"format_version": "1.21.6",
	"credit": "Made by SHO310",
	"texture_size": [32, 32],
	"textures": {
		"0": "custom:item/sho/soul_fragement/flame_green",
		"particle": "custom:item/sho/soul_fragement/flame_green"
	},
	"elements": [
		{
			"from": [7, 2, 3],
			"to": [8, 6, 4],
			"faces": {
				"north": {"uv": [6, 0, 6.5, 2], "texture": "#0"},
				"east": {"uv": [6, 4.5, 6.5, 6.5], "texture": "#0"},
				"south": {"uv": [6.5, 0, 7, 2], "texture": "#0"},
				"west": {"uv": [6.5, 2, 7, 4], "texture": "#0"},
				"up": {"uv": [6, 3, 5.5, 2.5], "texture": "#0"},
				"down": {"uv": [6, 3, 5.5, 3.5], "texture": "#0"}
			}
		},
		{
			"from": [7, 1, 4],
			"to": [8, 2, 9],
			"faces": {
				"north": {"uv": [4.5, 7, 5, 7.5], "texture": "#0"},
				"east": {"uv": [4, 3.5, 6.5, 4], "texture": "#0"},
				"south": {"uv": [5, 7, 5.5, 7.5], "texture": "#0"},
				"west": {"uv": [4, 4, 6.5, 4.5], "texture": "#0"},
				"up": {"uv": [5, 2.5, 4.5, 0], "texture": "#0"},
				"down": {"uv": [4.5, 4.5, 4, 7], "texture": "#0"}
			}
		},
		{
			"from": [7, 2, 4],
			"to": [8, 7, 5],
			"faces": {
				"north": {"uv": [4.5, 4.5, 5, 7], "texture": "#0"},
				"east": {"uv": [5, 0, 5.5, 2.5], "texture": "#0"},
				"south": {"uv": [5, 4.5, 5.5, 7], "texture": "#0"},
				"west": {"uv": [5.5, 0, 6, 2.5], "texture": "#0"},
				"up": {"uv": [7.5, 5.5, 7, 5], "texture": "#0"},
				"down": {"uv": [6, 7, 5.5, 7.5], "texture": "#0"}
			}
		},
		{
			"from": [7, 3, 10],
			"to": [8, 8, 11],
			"faces": {
				"north": {"uv": [2, 5.5, 2.5, 8], "texture": "#0"},
				"east": {"uv": [2.5, 5.5, 3, 8], "texture": "#0"},
				"south": {"uv": [3, 5.5, 3.5, 8], "texture": "#0"},
				"west": {"uv": [5.5, 4.5, 6, 7], "texture": "#0"},
				"up": {"uv": [7.5, 6, 7, 5.5], "texture": "#0"},
				"down": {"uv": [7.5, 6, 7, 6.5], "texture": "#0"}
			}
		},
		{
			"from": [7, 2, 9],
			"to": [8, 3, 10],
			"faces": {
				"north": {"uv": [7, 6.5, 7.5, 7], "texture": "#0"},
				"east": {"uv": [7, 7, 7.5, 7.5], "texture": "#0"},
				"south": {"uv": [7.5, 0, 8, 0.5], "texture": "#0"},
				"west": {"uv": [7.5, 0.5, 8, 1], "texture": "#0"},
				"up": {"uv": [8, 1.5, 7.5, 1], "texture": "#0"},
				"down": {"uv": [8, 1.5, 7.5, 2], "texture": "#0"}
			}
		},
		{
			"from": [7, 2, 5],
			"to": [8, 9, 6],
			"faces": {
				"north": {"uv": [3.5, 0, 4, 3.5], "texture": "#0"},
				"east": {"uv": [0.5, 3.5, 1, 7], "texture": "#0"},
				"south": {"uv": [1, 3.5, 1.5, 7], "texture": "#0"},
				"west": {"uv": [1.5, 3.5, 2, 7], "texture": "#0"},
				"up": {"uv": [8, 2.5, 7.5, 2], "texture": "#0"},
				"down": {"uv": [8, 2.5, 7.5, 3], "texture": "#0"}
			}
		},
		{
			"from": [7, 2, 6],
			"to": [8, 13, 7],
			"faces": {
				"north": {"uv": [2, 0, 2.5, 5.5], "texture": "#0"},
				"east": {"uv": [2.5, 0, 3, 5.5], "texture": "#0"},
				"south": {"uv": [3, 0, 3.5, 5.5], "texture": "#0"},
				"west": {"uv": [0, 3.5, 0.5, 9], "texture": "#0"},
				"up": {"uv": [8, 3.5, 7.5, 3], "texture": "#0"},
				"down": {"uv": [8, 3.5, 7.5, 4], "texture": "#0"}
			}
		},
		{
			"from": [7, 12, 5],
			"to": [8, 13, 6],
			"faces": {
				"north": {"uv": [7.5, 4, 8, 4.5], "texture": "#0"},
				"east": {"uv": [4.5, 7.5, 5, 8], "texture": "#0"},
				"south": {"uv": [7.5, 4.5, 8, 5], "texture": "#0"},
				"west": {"uv": [5, 7.5, 5.5, 8], "texture": "#0"},
				"up": {"uv": [8, 5.5, 7.5, 5], "texture": "#0"},
				"down": {"uv": [6, 7.5, 5.5, 8], "texture": "#0"}
			}
		},
		{
			"from": [7, 13, 4],
			"to": [8, 14, 5],
			"faces": {
				"north": {"uv": [7.5, 5.5, 8, 6], "texture": "#0"},
				"east": {"uv": [7.5, 6, 8, 6.5], "texture": "#0"},
				"south": {"uv": [7.5, 6.5, 8, 7], "texture": "#0"},
				"west": {"uv": [7, 7.5, 7.5, 8], "texture": "#0"},
				"up": {"uv": [8, 7.5, 7.5, 7], "texture": "#0"},
				"down": {"uv": [8, 7.5, 7.5, 8], "texture": "#0"}
			}
		},
		{
			"from": [7, 7, 9],
			"to": [8, 10, 10],
			"faces": {
				"north": {"uv": [6, 2, 6.5, 3.5], "texture": "#0"},
				"east": {"uv": [0.5, 7, 1, 8.5], "texture": "#0"},
				"south": {"uv": [1, 7, 1.5, 8.5], "texture": "#0"},
				"west": {"uv": [1.5, 7, 2, 8.5], "texture": "#0"},
				"up": {"uv": [8.5, 0.5, 8, 0], "texture": "#0"},
				"down": {"uv": [8.5, 0.5, 8, 1], "texture": "#0"}
			}
		},
		{
			"from": [7, 9, 8],
			"to": [8, 10, 9],
			"faces": {
				"north": {"uv": [8, 1, 8.5, 1.5], "texture": "#0"},
				"east": {"uv": [8, 1.5, 8.5, 2], "texture": "#0"},
				"south": {"uv": [2, 8, 2.5, 8.5], "texture": "#0"},
				"west": {"uv": [8, 2, 8.5, 2.5], "texture": "#0"},
				"up": {"uv": [3, 8.5, 2.5, 8], "texture": "#0"},
				"down": {"uv": [8.5, 2.5, 8, 3], "texture": "#0"}
			}
		},
		{
			"from": [7, 9, 7],
			"to": [8, 12, 8],
			"faces": {
				"north": {"uv": [7, 2, 7.5, 3.5], "texture": "#0"},
				"east": {"uv": [3.5, 7, 4, 8.5], "texture": "#0"},
				"south": {"uv": [7, 3.5, 7.5, 5], "texture": "#0"},
				"west": {"uv": [4, 7, 4.5, 8.5], "texture": "#0"},
				"up": {"uv": [3.5, 8.5, 3, 8], "texture": "#0"},
				"down": {"uv": [8.5, 3, 8, 3.5], "texture": "#0"}
			}
		},
		{
			"from": [7, 11, 9],
			"to": [8, 12, 10],
			"faces": {
				"north": {"uv": [8, 3.5, 8.5, 4], "texture": "#0"},
				"east": {"uv": [8, 4, 8.5, 4.5], "texture": "#0"},
				"south": {"uv": [4.5, 8, 5, 8.5], "texture": "#0"},
				"west": {"uv": [8, 4.5, 8.5, 5], "texture": "#0"},
				"up": {"uv": [5.5, 8.5, 5, 8], "texture": "#0"},
				"down": {"uv": [8.5, 5, 8, 5.5], "texture": "#0"}
			}
		},
		{
			"from": [7, 3, 9],
			"to": [8, 7, 10],
			"faces": {
				"north": {"uv": [6.5, 4, 7, 6], "texture": "#0"},
				"east": {"uv": [6, 6.5, 6.5, 8.5], "texture": "#0"},
				"south": {"uv": [6.5, 6, 7, 8], "texture": "#0"},
				"west": {"uv": [7, 0, 7.5, 2], "texture": "#0"},
				"up": {"uv": [6, 8.5, 5.5, 8], "texture": "#0"},
				"down": {"uv": [8.5, 5.5, 8, 6], "texture": "#0"}
			}
		},
		{
			"from": [7, 2, 7],
			"to": [8, 9, 9],
			"faces": {
				"north": {"uv": [3.5, 3.5, 4, 7], "texture": "#0"},
				"east": {"uv": [0, 0, 1, 3.5], "texture": "#0"},
				"south": {"uv": [4, 0, 4.5, 3.5], "texture": "#0"},
				"west": {"uv": [1, 0, 2, 3.5], "texture": "#0"},
				"up": {"uv": [5, 3.5, 4.5, 2.5], "texture": "#0"},
				"down": {"uv": [5.5, 2.5, 5, 3.5], "texture": "#0"}
			}
		}
	],
	"gui_light": "front",
	"display": {
		"thirdperson_righthand": {
			"rotation": [0, -90, 0],
			"translation": [-0.75, 3.5, 1.5],
			"scale": [0.58, 0.58, 0.58]
		},
		"thirdperson_lefthand": {
			"rotation": [0, -90, 0],
			"translation": [-0.75, 3.5, 1.5],
			"scale": [0.58, 0.58, 0.58]
		},
		"firstperson_righthand": {
			"rotation": [0, -90, 0]
		},
		"firstperson_lefthand": {
			"rotation": [0, -90, 0]
		},
		"ground": {
			"translation": [-0.75, 3, 1],
			"scale": [0.77, 0.77, 0.77]
		},
		"gui": {
			"rotation": [0, 90, 0],
			"translation": [1.25, 0.5, 0]
		},
		"head": {
			"rotation": [0, 90, 0],
			"translation": [1, 13.5, 0]
		},
		"fixed": {
			"rotation": [0, -90, 0],
			"translation": [-1, 0.75, 0]
		},
		"on_shelf": {
			"rotation": [0, 90, 0],
			"translation": [0, 0, -3.5]
		}
	},
	"groups": [
		{
			"name": "flame",
			"origin": [0, 0, 0],
			"color": 0,
			"children": [0, 1, 2, 3, 4, 5, 6, 7, 8, 9, 10, 11, 12, 13, 14]
		}
	]
}