{
	"format_version": "1.21.6",
	"credit": "Made with Blockbench",
	"texture_size": [64, 64],
	"textures": {
		"0": "custom:item/james/pink_cowboy_hat",
		"particle": "custom:item/james/pink_cowboy_hat"
	},
	"elements": [
		{
			"from": [4, 0, 3],
			"to": [13, 5, 13],
			"rotation": {"angle": 0, "axis": "y", "origin": [7, 0, 3]},
			"faces": {
				"north": {"uv": [5.5, 0, 7.75, 1.25], "texture": "#0"},
				"east": {"uv": [5.5, 1.25, 7.75, 2.5], "texture": "#0"},
				"south": {"uv": [5.75, 2.5, 8, 3.75], "texture": "#0"},
				"west": {"uv": [5.75, 3.75, 8, 5], "texture": "#0"},
				"up": {"uv": [2.25, 5.25, 0, 3], "texture": "#0"},
				"down": {"uv": [4.5, 3, 2.25, 5.25], "texture": "#0"}
			}
		},
		{
			"from": [4, 5, 3],
			"to": [7, 7, 13],
			"rotation": {"angle": 0, "axis": "y", "origin": [4, 5, 3]},
			"faces": {
				"north": {"uv": [3.75, 7.5, 4.5, 8], "texture": "#0"},
				"east": {"uv": [7.25, 5, 9.5, 5.5], "texture": "#0"},
				"south": {"uv": [5.25, 7.75, 6, 8.25], "texture": "#0"},
				"west": {"uv": [5.25, 7.25, 7.5, 7.75], "texture": "#0"},
				"up": {"uv": [4.5, 7.5, 3.75, 5.25], "texture": "#0"},
				"down": {"uv": [6.5, 5, 5.75, 7.25], "texture": "#0"}
			}
		},
		{
			"from": [10, 5, 3],
			"to": [13, 7, 13],
			"rotation": {"angle": 0, "axis": "y", "origin": [11, 5, 3]},
			"faces": {
				"north": {"uv": [6, 7.75, 6.75, 8.25], "texture": "#0"},
				"east": {"uv": [7.25, 5.5, 9.5, 6], "texture": "#0"},
				"south": {"uv": [6.75, 7.75, 7.5, 8.25], "texture": "#0"},
				"west": {"uv": [7.25, 6, 9.5, 6.5], "texture": "#0"},
				"up": {"uv": [5.25, 8.25, 4.5, 6], "texture": "#0"},
				"down": {"uv": [7.25, 5, 6.5, 7.25], "texture": "#0"}
			}
		},
		{
			"from": [3, 0, 1],
			"to": [14, 0, 15],
			"rotation": {"angle": 0, "axis": "y", "origin": [6, 0, 5]},
			"faces": {
				"north": {"uv": [8, 4, 10.75, 4.25], "texture": "#0"},
				"east": {"uv": [8, 2.5, 11, 2.75], "texture": "#0"},
				"south": {"uv": [8, 4.25, 10.75, 4.5], "texture": "#0"},
				"west": {"uv": [8, 2.75, 11, 3], "texture": "#0"},
				"up": {"uv": [2.75, 3, 0, 0], "texture": "#0"},
				"down": {"uv": [5.5, 0, 2.75, 3], "texture": "#0"}
			}
		},
		{
			"from": [-2.4641, 2, 1],
			"to": [3.5359, 2, 15],
			"rotation": {"angle": -30, "axis": "z", "origin": [-0.4641, 2, 2]},
			"faces": {
				"north": {"uv": [8, 4.5, 9.25, 4.75], "texture": "#0"},
				"east": {"uv": [8, 3, 11, 3.25], "texture": "#0"},
				"south": {"uv": [8, 4.75, 9.25, 5], "texture": "#0"},
				"west": {"uv": [8, 3.25, 11, 3.5], "texture": "#0"},
				"up": {"uv": [5.75, 6, 4.5, 3], "texture": "#0"},
				"down": {"uv": [1.25, 5.25, 0, 8.25], "texture": "#0"}
			}
		},
		{
			"from": [13.86603, 0.5, 1],
			"to": [19.86603, 0.5, 15],
			"rotation": {"angle": 30, "axis": "z", "origin": [14.86603, 0.5, 2]},
			"faces": {
				"north": {"uv": [7.5, 8, 8.75, 8.25], "texture": "#0"},
				"east": {"uv": [8, 3.5, 11, 3.75], "texture": "#0"},
				"south": {"uv": [0, 8.25, 1.25, 8.5], "texture": "#0"},
				"west": {"uv": [8, 3.75, 11, 4], "texture": "#0"},
				"up": {"uv": [2.5, 8.25, 1.25, 5.25], "texture": "#0"},
				"down": {"uv": [3.75, 5.25, 2.5, 8.25], "texture": "#0"}
			}
		},
		{
			"from": [3.8, 0, 2.9],
			"to": [13, 2, 2.9],
			"rotation": {"angle": 0, "axis": "y", "origin": [7, -1, 1]},
			"faces": {
				"north": {"uv": [7.25, 6.5, 9.5, 7], "texture": "#0"},
				"east": {"uv": [0, 0, 0, 0.5], "texture": "#0"},
				"south": {"uv": [7.5, 7, 9.75, 7.5], "texture": "#0"},
				"west": {"uv": [0, 0, 0, 0.5], "texture": "#0"},
				"up": {"uv": [2.25, 0, 0, 0], "texture": "#0"},
				"down": {"uv": [2.25, 0, 0, 0], "texture": "#0"}
			}
		},
		{
			"from": [3.9, 0, 13.05],
			"to": [13.1, 2, 13.05],
			"rotation": {"angle": 0, "axis": "y", "origin": [8, -1, 11]},
			"faces": {
				"north": {"uv": [7.5, 7.5, 9.75, 8], "texture": "#0"},
				"east": {"uv": [0, 0, 0, 0.5], "texture": "#0"},
				"south": {"uv": [7.75, 0, 10, 0.5], "texture": "#0"},
				"west": {"uv": [0, 0, 0, 0.5], "texture": "#0"},
				"up": {"uv": [2.25, 0, 0, 0], "texture": "#0"},
				"down": {"uv": [2.25, 0, 0, 0], "texture": "#0"}
			}
		},
		{
			"from": [3.9, 0, 2.9],
			"to": [3.9, 2, 13],
			"rotation": {"angle": 0, "axis": "y", "origin": [8, -1, 10]},
			"faces": {
				"north": {"uv": [0, 0, 0, 0.5], "texture": "#0"},
				"east": {"uv": [7.75, 0.5, 10, 1], "texture": "#0"},
				"south": {"uv": [0, 0, 0, 0.5], "texture": "#0"},
				"west": {"uv": [7.75, 1, 10, 1.5], "texture": "#0"},
				"up": {"uv": [0, 2.25, 0, 0], "texture": "#0"},
				"down": {"uv": [0, 0, 0, 2.25], "texture": "#0"}
			}
		},
		{
			"from": [13.05, 0, 2.9],
			"to": [13.05, 2, 13],
			"rotation": {"angle": 0, "axis": "y", "origin": [17, -1, 10]},
			"faces": {
				"north": {"uv": [0, 0, 0, 0.5], "texture": "#0"},
				"east": {"uv": [7.75, 1.5, 10, 2], "texture": "#0"},
				"south": {"uv": [0, 0, 0, 0.5], "texture": "#0"},
				"west": {"uv": [7.75, 2, 10, 2.5], "texture": "#0"},
				"up": {"uv": [0, 2.25, 0, 0], "texture": "#0"},
				"down": {"uv": [0, 0, 0, 2.25], "texture": "#0"}
			}
		}
	],
	"display": {
		"thirdperson_righthand": {
			"translation": [0, 5.25, -4.25]
		},
		"thirdperson_lefthand": {
			"translation": [0, 5.25, -4.25]
		},
		"firstperson_righthand": {
			"rotation": [-180, 45.25, -180],
			"translation": [0, 9, 0]
		},
		"firstperson_lefthand": {
			"rotation": [-180, 45.25, -180],
			"translation": [0, 9, 0]
		},
		"ground": {
			"translation": [0, 3.5, 0]
		},
		"gui": {
			"rotation": [8.4, -50.07, -6.37],
			"translation": [0.5, 3.75, 0],
			"scale": [0.74609, 0.9668, 0.85938]
		},
		"head": {
			"rotation": [3.25, 0, 0],
			"translation": [-0.5, 16.5, 0.5],
			"scale": [1.53906, 1.17188, 1.44531]
		},
		"fixed": {
			"rotation": [-90, 0, 0],
			"translation": [-1, 0, -12],
			"scale": [1.64258, 1.48047, 1.33398]
		}
	},
	"groups": [
		{
			"name": "Cowboy",
			"origin": [8, 8, 8],
			"color": 0,
			"children": [
				{
					"name": "Top",
					"origin": [6, 0, 5],
					"color": 0,
					"children": [0, 1, 2]
				},
				{
					"name": "Bottom",
					"origin": [3, 0, 3],
					"color": 0,
					"children": [3, 4, 5]
				},
				{
					"name": "Middle",
					"origin": [11, 6, 3],
					"color": 0,
					"children": [6, 7, 8, 9]
				}
			]
		}
	]
}