{
	"format_version": "1.21.6",
	"credit": "Made with Blockbench",
	"texture_size": [64, 64],
	"textures": {
		"1": "custom:item/pixels/bag",
		"2": "custom:item/pixels/candy",
		"particle": "custom:item/pixels/bag"
	},
	"elements": [
		{
			"from": [3.5, 0, 5.5],
			"to": [12.5, 0.5, 10.5],
			"rotation": {"angle": 0, "axis": "y", "origin": [3, 0, 4]},
			"faces": {
				"north": {"uv": [5.5, 5.25, 7.75, 5.375], "texture": "#1"},
				"east": {"uv": [5.75, 3.5, 7, 3.625], "texture": "#1"},
				"south": {"uv": [5.5, 5.5, 7.75, 5.625], "texture": "#1"},
				"west": {"uv": [5.75, 3.75, 7, 3.875], "texture": "#1"},
				"up": {"uv": [6.75, 1.25, 4.5, 0], "texture": "#1"},
				"down": {"uv": [6.75, 1.25, 4.5, 2.5], "texture": "#1"}
			}
		},
		{
			"from": [3.5, 0.5, 5.5],
			"to": [12.5, 11.5, 6],
			"rotation": {"angle": 0, "axis": "y", "origin": [3, 0, 4]},
			"faces": {
				"north": {"uv": [0, 0, 2.25, 2.75], "texture": "#1"},
				"east": {"uv": [2.5, 5.5, 2.625, 8.25], "texture": "#1"},
				"south": {"uv": [2.25, 0, 4.5, 2.75], "texture": "#1"},
				"west": {"uv": [5.5, 2.5, 5.625, 5.25], "texture": "#1"},
				"up": {"uv": [8, 2.625, 5.75, 2.5], "texture": "#1"},
				"down": {"uv": [8, 2.75, 5.75, 2.875], "texture": "#1"}
			}
		},
		{
			"from": [3.5, 0.5, 10],
			"to": [12.5, 11.5, 10.5],
			"rotation": {"angle": 0, "axis": "y", "origin": [3, 0, 8]},
			"faces": {
				"north": {"uv": [0, 2.75, 2.25, 5.5], "texture": "#1"},
				"east": {"uv": [2.75, 5.5, 2.875, 8.25], "texture": "#1"},
				"south": {"uv": [2.25, 2.75, 4.5, 5.5], "texture": "#1"},
				"west": {"uv": [3, 5.5, 3.125, 8.25], "texture": "#1"},
				"up": {"uv": [8, 3.125, 5.75, 3], "texture": "#1"},
				"down": {"uv": [8, 3.25, 5.75, 3.375], "texture": "#1"}
			}
		},
		{
			"from": [3.5, 0.5, 6],
			"to": [4, 11.5, 10],
			"rotation": {"angle": 0, "axis": "y", "origin": [3, 0, 4]},
			"faces": {
				"north": {"uv": [2, 5.5, 2.125, 8.25], "texture": "#1"},
				"east": {"uv": [4.5, 2.5, 5.5, 5.25], "texture": "#1"},
				"south": {"uv": [2.25, 5.5, 2.375, 8.25], "texture": "#1"},
				"west": {"uv": [4.5, 5.25, 5.5, 8], "texture": "#1"},
				"up": {"uv": [3.875, 6.5, 3.75, 5.5], "texture": "#1"},
				"down": {"uv": [4.125, 5.5, 4, 6.5], "texture": "#1"}
			}
		},
		{
			"from": [12, 0.5, 6],
			"to": [12.5, 11.5, 10],
			"rotation": {"angle": 0, "axis": "y", "origin": [12, 0, 4]},
			"faces": {
				"north": {"uv": [3.25, 5.5, 3.375, 8.25], "texture": "#1"},
				"east": {"uv": [0, 5.5, 1, 8.25], "texture": "#1"},
				"south": {"uv": [3.5, 5.5, 3.625, 8.25], "texture": "#1"},
				"west": {"uv": [1, 5.5, 2, 8.25], "texture": "#1"},
				"up": {"uv": [4.375, 6.5, 4.25, 5.5], "texture": "#1"},
				"down": {"uv": [5.875, 4, 5.75, 5], "texture": "#1"}
			}
		},
		{
			"from": [6, 11.5, 5.5],
			"to": [6.5, 13.5, 6],
			"rotation": {"angle": 0, "axis": "y", "origin": [6, 0, 5]},
			"faces": {
				"north": {"uv": [6.25, 5.75, 6.375, 6.25], "texture": "#1"},
				"east": {"uv": [6.25, 6.25, 6.375, 6.75], "texture": "#1"},
				"south": {"uv": [3.75, 6.5, 3.875, 7], "texture": "#1"},
				"west": {"uv": [4, 6.5, 4.125, 7], "texture": "#1"},
				"up": {"uv": [6.625, 5.125, 6.5, 5], "texture": "#1"},
				"down": {"uv": [6.875, 4.5, 6.75, 4.625], "texture": "#1"}
			}
		},
		{
			"from": [9.5, 11.5, 5.5],
			"to": [10, 13.5, 6],
			"rotation": {"angle": 0, "axis": "y", "origin": [10, 0, 5]},
			"faces": {
				"north": {"uv": [4.25, 6.5, 4.375, 7], "texture": "#1"},
				"east": {"uv": [5.5, 6.5, 5.625, 7], "texture": "#1"},
				"south": {"uv": [5.75, 6.5, 5.875, 7], "texture": "#1"},
				"west": {"uv": [6.5, 5.75, 6.625, 6.25], "texture": "#1"},
				"up": {"uv": [6.875, 4.875, 6.75, 4.75], "texture": "#1"},
				"down": {"uv": [6.875, 5, 6.75, 5.125], "texture": "#1"}
			}
		},
		{
			"from": [6.5, 13.5, 5.5],
			"to": [9.5, 14, 6],
			"rotation": {"angle": 0, "axis": "y", "origin": [10, 0, 5]},
			"faces": {
				"north": {"uv": [5.75, 5, 6.5, 5.125], "texture": "#1"},
				"east": {"uv": [6.75, 5.75, 6.875, 5.875], "texture": "#1"},
				"south": {"uv": [5.5, 5.75, 6.25, 5.875], "texture": "#1"},
				"west": {"uv": [6.75, 6, 6.875, 6.125], "texture": "#1"},
				"up": {"uv": [6.75, 4.125, 6, 4], "texture": "#1"},
				"down": {"uv": [6.75, 4.25, 6, 4.375], "texture": "#1"}
			}
		},
		{
			"from": [6, 11.5, 10],
			"to": [6.5, 13.5, 10.5],
			"rotation": {"angle": 0, "axis": "y", "origin": [6, 0, 5]},
			"faces": {
				"north": {"uv": [6, 6.5, 6.125, 7], "texture": "#1"},
				"east": {"uv": [6.5, 6.25, 6.625, 6.75], "texture": "#1"},
				"south": {"uv": [6.75, 0, 6.875, 0.5], "texture": "#1"},
				"west": {"uv": [6.75, 0.5, 6.875, 1], "texture": "#1"},
				"up": {"uv": [6.375, 6.875, 6.25, 6.75], "texture": "#1"},
				"down": {"uv": [6.875, 6.25, 6.75, 6.375], "texture": "#1"}
			}
		},
		{
			"from": [9.5, 11.5, 10],
			"to": [10, 13.5, 10.5],
			"rotation": {"angle": 0, "axis": "y", "origin": [10, 0, 9]},
			"faces": {
				"north": {"uv": [6.75, 1, 6.875, 1.5], "texture": "#1"},
				"east": {"uv": [6.75, 1.5, 6.875, 2], "texture": "#1"},
				"south": {"uv": [6.75, 2, 6.875, 2.5], "texture": "#1"},
				"west": {"uv": [6.75, 4, 6.875, 4.5], "texture": "#1"},
				"up": {"uv": [6.625, 6.875, 6.5, 6.75], "texture": "#1"},
				"down": {"uv": [6.875, 6.5, 6.75, 6.625], "texture": "#1"}
			}
		},
		{
			"from": [6.5, 13.5, 10],
			"to": [9.5, 14, 10.5],
			"rotation": {"angle": 0, "axis": "y", "origin": [10, 0, 5]},
			"faces": {
				"north": {"uv": [6, 4.5, 6.75, 4.625], "texture": "#1"},
				"east": {"uv": [6.75, 6.75, 6.875, 6.875], "texture": "#1"},
				"south": {"uv": [6, 4.75, 6.75, 4.875], "texture": "#1"},
				"west": {"uv": [7, 0, 7.125, 0.125], "texture": "#1"},
				"up": {"uv": [6.25, 6.125, 5.5, 6], "texture": "#1"},
				"down": {"uv": [6.25, 6.25, 5.5, 6.375], "texture": "#1"}
			}
		},
		{
			"from": [4, 11, 6],
			"to": [12, 11.5, 10],
			"rotation": {"angle": 0, "axis": "y", "origin": [3, 0, 4]},
			"faces": {
				"north": {"uv": [0, 8, 8, 8.5], "texture": "#2"},
				"east": {"uv": [8, 1, 12, 1.5], "texture": "#2"},
				"south": {"uv": [8, 0, 16, 0.5], "texture": "#2"},
				"west": {"uv": [8, 2, 12, 2.5], "texture": "#2"},
				"up": {"uv": [8, 4, 0, 0], "texture": "#2"},
				"down": {"uv": [8, 4, 0, 8], "texture": "#2"}
			}
		},
		{
			"from": [6.67323, 11, 8.41005],
			"to": [8.67323, 12, 9.41005],
			"rotation": {"angle": 5, "axis": "y", "origin": [7.67323, 10, 8.91005]},
			"faces": {
				"north": {"uv": [8, 3, 10, 4], "texture": "#2"},
				"east": {"uv": [10, 4, 11, 5], "texture": "#2"},
				"south": {"uv": [8, 4, 10, 5], "texture": "#2"},
				"west": {"uv": [10, 5, 11, 6], "texture": "#2"},
				"up": {"uv": [10, 6, 8, 5], "texture": "#2"},
				"down": {"uv": [10, 6, 8, 7], "texture": "#2"}
			}
		},
		{
			"from": [4.66451, 11, 6.68393],
			"to": [6.66451, 12, 7.68393],
			"rotation": {"angle": -15, "axis": "y", "origin": [5.66451, 10, 7.18393]},
			"faces": {
				"north": {"uv": [8, 7, 10, 8], "texture": "#2"},
				"east": {"uv": [6, 10, 7, 11], "texture": "#2"},
				"south": {"uv": [8, 8, 10, 9], "texture": "#2"},
				"west": {"uv": [10, 6, 11, 7], "texture": "#2"},
				"up": {"uv": [2, 10, 0, 9], "texture": "#2"},
				"down": {"uv": [4, 9, 2, 10], "texture": "#2"}
			}
		},
		{
			"from": [10.07886, 11, 6.55386],
			"to": [11.07886, 12, 8.55386],
			"rotation": {"angle": -37.5, "axis": "y", "origin": [10.57886, 10, 7.55386]},
			"faces": {
				"north": {"uv": [7, 10, 8, 11], "texture": "#2"},
				"east": {"uv": [4, 9, 6, 10], "texture": "#2"},
				"south": {"uv": [10, 7, 11, 8], "texture": "#2"},
				"west": {"uv": [6, 9, 8, 10], "texture": "#2"},
				"up": {"uv": [9, 11, 8, 9], "texture": "#2"},
				"down": {"uv": [10, 9, 9, 11], "texture": "#2"}
			}
		},
		{
			"from": [8.25, 11, 7],
			"to": [9.25, 12, 8],
			"rotation": {"angle": -17.5, "axis": "y", "origin": [8.5, 10, 7]},
			"faces": {
				"north": {"uv": [10, 8, 11, 9], "texture": "#2"},
				"east": {"uv": [10, 9, 11, 10], "texture": "#2"},
				"south": {"uv": [10, 10, 11, 11], "texture": "#2"},
				"west": {"uv": [0, 11, 1, 12], "texture": "#2"},
				"up": {"uv": [2, 12, 1, 11], "texture": "#2"},
				"down": {"uv": [3, 11, 2, 12], "texture": "#2"}
			}
		},
		{
			"from": [4.5, 11, 8.5],
			"to": [5.5, 12, 9.5],
			"rotation": {"angle": 22.5, "axis": "y", "origin": [5, 10, 9]},
			"faces": {
				"north": {"uv": [3, 11, 4, 12], "texture": "#2"},
				"east": {"uv": [4, 11, 5, 12], "texture": "#2"},
				"south": {"uv": [11, 4, 12, 5], "texture": "#2"},
				"west": {"uv": [5, 11, 6, 12], "texture": "#2"},
				"up": {"uv": [12, 6, 11, 5], "texture": "#2"},
				"down": {"uv": [7, 11, 6, 12], "texture": "#2"}
			}
		},
		{
			"from": [10.5, 11, 8.75],
			"to": [11.5, 12, 9.75],
			"rotation": {"angle": 25, "axis": "y", "origin": [11, 10, 9]},
			"faces": {
				"north": {"uv": [11, 6, 12, 7], "texture": "#2"},
				"east": {"uv": [7, 11, 8, 12], "texture": "#2"},
				"south": {"uv": [11, 7, 12, 8], "texture": "#2"},
				"west": {"uv": [8, 11, 9, 12], "texture": "#2"},
				"up": {"uv": [12, 9, 11, 8], "texture": "#2"},
				"down": {"uv": [10, 11, 9, 12], "texture": "#2"}
			}
		},
		{
			"from": [9.5, 11, 9],
			"to": [10, 12, 9.5],
			"rotation": {"angle": 17.5, "axis": "y", "origin": [9.75, 10, 9.25]},
			"faces": {
				"north": {"uv": [13, 2, 13.5, 3], "texture": "#2"},
				"east": {"uv": [3, 13, 3.5, 14], "texture": "#2"},
				"south": {"uv": [13, 3, 13.5, 4], "texture": "#2"},
				"west": {"uv": [4, 13, 4.5, 14], "texture": "#2"},
				"up": {"uv": [13.5, 10.5, 13, 10], "texture": "#2"},
				"down": {"uv": [11.5, 13, 11, 13.5], "texture": "#2"}
			}
		},
		{
			"from": [5.75, 11, 8.25],
			"to": [6.25, 12, 8.75],
			"rotation": {"angle": -15, "axis": "y", "origin": [6, 10, 8.5]},
			"faces": {
				"north": {"uv": [13, 4, 13.5, 5], "texture": "#2"},
				"east": {"uv": [5, 13, 5.5, 14], "texture": "#2"},
				"south": {"uv": [13, 5, 13.5, 6], "texture": "#2"},
				"west": {"uv": [6, 13, 6.5, 14], "texture": "#2"},
				"up": {"uv": [13.5, 11.5, 13, 11], "texture": "#2"},
				"down": {"uv": [12.5, 13, 12, 13.5], "texture": "#2"}
			}
		},
		{
			"from": [7.25, 11, 7.25],
			"to": [7.75, 12, 7.75],
			"rotation": {"angle": 17.5, "axis": "y", "origin": [7.5, 10, 7.5]},
			"faces": {
				"north": {"uv": [13, 6, 13.5, 7], "texture": "#2"},
				"east": {"uv": [7, 13, 7.5, 14], "texture": "#2"},
				"south": {"uv": [13, 7, 13.5, 8], "texture": "#2"},
				"west": {"uv": [8, 13, 8.5, 14], "texture": "#2"},
				"up": {"uv": [13.5, 12.5, 13, 12], "texture": "#2"},
				"down": {"uv": [13.5, 13, 13, 13.5], "texture": "#2"}
			}
		},
		{
			"from": [9.4686, 11, 6.52027],
			"to": [9.9686, 12, 7.02027],
			"rotation": {"angle": 32.5, "axis": "y", "origin": [9.7186, 10, 6.77027]},
			"faces": {
				"north": {"uv": [13, 8, 13.5, 9], "texture": "#2"},
				"east": {"uv": [9, 13, 9.5, 14], "texture": "#2"},
				"south": {"uv": [13, 9, 13.5, 10], "texture": "#2"},
				"west": {"uv": [10, 13, 10.5, 14], "texture": "#2"},
				"up": {"uv": [0.5, 14.5, 0, 14], "texture": "#2"},
				"down": {"uv": [1.5, 14, 1, 14.5], "texture": "#2"}
			}
		},
		{
			"from": [11, 11, 5],
			"to": [12, 12, 6],
			"rotation": {"angle": 0, "axis": "y", "origin": [10.5, 10, 7]},
			"faces": {
				"north": {"uv": [11, 9, 12, 10], "texture": "#2"},
				"east": {"uv": [10, 11, 11, 12], "texture": "#2"},
				"south": {"uv": [11, 10, 12, 11], "texture": "#2"},
				"west": {"uv": [11, 11, 12, 12], "texture": "#2"},
				"up": {"uv": [1, 13, 0, 12], "texture": "#2"},
				"down": {"uv": [2, 12, 1, 13], "texture": "#2"}
			}
		},
		{
			"from": [5, 11, 10],
			"to": [6, 12, 11],
			"rotation": {"angle": 0, "axis": "y", "origin": [4.5, 10, 12]},
			"faces": {
				"north": {"uv": [12, 1, 13, 2], "texture": "#2"},
				"east": {"uv": [2, 12, 3, 13], "texture": "#2"},
				"south": {"uv": [12, 2, 13, 3], "texture": "#2"},
				"west": {"uv": [3, 12, 4, 13], "texture": "#2"},
				"up": {"uv": [13, 4, 12, 3], "texture": "#2"},
				"down": {"uv": [5, 12, 4, 13], "texture": "#2"}
			}
		},
		{
			"from": [8.5, 9, 5],
			"to": [9.5, 10, 6],
			"rotation": {"angle": 0, "axis": "y", "origin": [8.5, 9, 7]},
			"faces": {
				"north": {"uv": [12, 4, 13, 5], "texture": "#2"},
				"east": {"uv": [5, 12, 6, 13], "texture": "#2"},
				"south": {"uv": [12, 5, 13, 6], "texture": "#2"},
				"west": {"uv": [6, 12, 7, 13], "texture": "#2"},
				"up": {"uv": [13, 7, 12, 6], "texture": "#2"},
				"down": {"uv": [8, 12, 7, 13], "texture": "#2"}
			}
		},
		{
			"from": [3.75, 11, 5],
			"to": [4.75, 12, 6],
			"rotation": {"angle": 17.5, "axis": "y", "origin": [4.5, 11, 7]},
			"faces": {
				"north": {"uv": [12, 7, 13, 8], "texture": "#2"},
				"east": {"uv": [8, 12, 9, 13], "texture": "#2"},
				"south": {"uv": [12, 8, 13, 9], "texture": "#2"},
				"west": {"uv": [9, 12, 10, 13], "texture": "#2"},
				"up": {"uv": [13, 10, 12, 9], "texture": "#2"},
				"down": {"uv": [11, 12, 10, 13], "texture": "#2"}
			}
		},
		{
			"from": [7.5, 9.5, 10],
			"to": [8.5, 10.5, 11],
			"rotation": {"angle": 0, "axis": "y", "origin": [7.5, 9, 12]},
			"faces": {
				"north": {"uv": [12, 10, 13, 11], "texture": "#2"},
				"east": {"uv": [11, 12, 12, 13], "texture": "#2"},
				"south": {"uv": [12, 11, 13, 12], "texture": "#2"},
				"west": {"uv": [12, 12, 13, 13], "texture": "#2"},
				"up": {"uv": [1, 14, 0, 13], "texture": "#2"},
				"down": {"uv": [2, 13, 1, 14], "texture": "#2"}
			}
		},
		{
			"from": [5, 9, 5],
			"to": [5.5, 9.5, 5.5],
			"rotation": {"angle": 0, "axis": "y", "origin": [4.7186, 8, 4.77027]},
			"faces": {
				"north": {"uv": [14, 1, 14.5, 1.5], "texture": "#2"},
				"east": {"uv": [2, 14, 2.5, 14.5], "texture": "#2"},
				"south": {"uv": [14, 2, 14.5, 2.5], "texture": "#2"},
				"west": {"uv": [3, 14, 3.5, 14.5], "texture": "#2"},
				"up": {"uv": [14.5, 3.5, 14, 3], "texture": "#2"},
				"down": {"uv": [4.5, 14, 4, 14.5], "texture": "#2"}
			}
		},
		{
			"from": [7, 10.5, 5],
			"to": [7.5, 11, 5.5],
			"rotation": {"angle": 0, "axis": "y", "origin": [6.7186, 10, 4.77027]},
			"faces": {
				"north": {"uv": [14, 4, 14.5, 4.5], "texture": "#2"},
				"east": {"uv": [5, 14, 5.5, 14.5], "texture": "#2"},
				"south": {"uv": [14, 5, 14.5, 5.5], "texture": "#2"},
				"west": {"uv": [6, 14, 6.5, 14.5], "texture": "#2"},
				"up": {"uv": [14.5, 6.5, 14, 6], "texture": "#2"},
				"down": {"uv": [7.5, 14, 7, 14.5], "texture": "#2"}
			}
		},
		{
			"from": [10.5, 9.75, 5],
			"to": [11, 10.25, 5.5],
			"rotation": {"angle": 0, "axis": "y", "origin": [10.7186, 9, 4.77027]},
			"faces": {
				"north": {"uv": [14, 7, 14.5, 7.5], "texture": "#2"},
				"east": {"uv": [8, 14, 8.5, 14.5], "texture": "#2"},
				"south": {"uv": [14, 8, 14.5, 8.5], "texture": "#2"},
				"west": {"uv": [9, 14, 9.5, 14.5], "texture": "#2"},
				"up": {"uv": [14.5, 9.5, 14, 9], "texture": "#2"},
				"down": {"uv": [10.5, 14, 10, 14.5], "texture": "#2"}
			}
		},
		{
			"from": [6, 9, 10.5],
			"to": [6.5, 9.5, 11],
			"rotation": {"angle": 0, "axis": "y", "origin": [5.7186, 8, 9.77027]},
			"faces": {
				"north": {"uv": [14, 10, 14.5, 10.5], "texture": "#2"},
				"east": {"uv": [11, 14, 11.5, 14.5], "texture": "#2"},
				"south": {"uv": [14, 11, 14.5, 11.5], "texture": "#2"},
				"west": {"uv": [12, 14, 12.5, 14.5], "texture": "#2"},
				"up": {"uv": [14.5, 12.5, 14, 12], "texture": "#2"},
				"down": {"uv": [13.5, 14, 13, 14.5], "texture": "#2"}
			}
		},
		{
			"from": [10, 10, 10.5],
			"to": [10.5, 10.5, 11],
			"rotation": {"angle": 0, "axis": "y", "origin": [9.7186, 9, 9.77027]},
			"faces": {
				"north": {"uv": [14, 13, 14.5, 13.5], "texture": "#2"},
				"east": {"uv": [14, 14, 14.5, 14.5], "texture": "#2"},
				"south": {"uv": [0, 15, 0.5, 15.5], "texture": "#2"},
				"west": {"uv": [1, 15, 1.5, 15.5], "texture": "#2"},
				"up": {"uv": [15.5, 1.5, 15, 1], "texture": "#2"},
				"down": {"uv": [2.5, 15, 2, 15.5], "texture": "#2"}
			}
		},
		{
			"from": [10.5, 11, 9.9],
			"to": [12.5, 12, 10.9],
			"rotation": {"angle": 12.5, "axis": "y", "origin": [11, 11.5, 10.5]},
			"faces": {
				"north": {"uv": [0, 10, 2, 11], "texture": "#2"},
				"east": {"uv": [13, 1, 14, 2], "texture": "#2"},
				"south": {"uv": [2, 10, 4, 11], "texture": "#2"},
				"west": {"uv": [2, 13, 3, 14], "texture": "#2"},
				"up": {"uv": [12, 4, 10, 3], "texture": "#2"},
				"down": {"uv": [6, 10, 4, 11], "texture": "#2"}
			}
		}
	],
	"display": {
		"thirdperson_righthand": {
			"rotation": [70, 0, 0],
			"translation": [0, -3, -3.5],
			"scale": [0.75, 0.75, 0.75]
		},
		"thirdperson_lefthand": {
			"rotation": [70, 0, 0],
			"translation": [0, -3, -3.5],
			"scale": [0.75, 0.75, 0.75]
		},
		"firstperson_righthand": {
			"translation": [0, -1.5, 0],
			"scale": [0.75, 0.75, 0.75]
		},
		"firstperson_lefthand": {
			"translation": [0, -1.5, 0],
			"scale": [0.75, 0.75, 0.75]
		},
		"ground": {
			"scale": [0.75, 0.75, 0.75]
		},
		"gui": {
			"rotation": [0, -180, 0],
			"translation": [0, 1, 0]
		},
		"head": {
			"translation": [0, 14, 0]
		},
		"fixed": {
			"translation": [0, 1, -1]
		},
		"on_shelf": {
			"rotation": [0, -180, 0],
			"scale": [1.25, 1.25, 1.25]
		}
	},
	"groups": [
		{
			"name": "bag",
			"origin": [8, 8, 8],
			"color": 1,
			"children": [0, 1, 2, 3, 4, 5, 6, 7, 8, 9, 10]
		},
		{
			"name": "candy",
			"origin": [8, 8, 8],
			"color": 7,
			"children": [11, 12, 13, 14, 15, 16, 17, 18, 19, 20, 21, 22, 23, 24, 25, 26, 27, 28, 29, 30, 31, 32]
		}
	]
}