{
	"format_version": "1.21.7",
	"credit": "Made by dadmannwalking",
	"texture_size": [64, 64],
	"textures": {
		"0": "custom:item/dadmann/butterbeer/glass",
		"1": "custom:item/dadmann/butterbeer/butterbeer",
		"3": "custom:item/dadmann/butterbeer/butterbeer_and_froth",
		"particle": "custom:item/dadmann/butterbeer/butterbeer"
	},
	"elements": [
		{
			"from": [6.5, 0, 6.5],
			"to": [9.5, 0.5, 9.5],
			"rotation": {"angle": 0, "axis": "y", "origin": [8, 0, 8]},
			"faces": {
				"north": {"uv": [0.5, 13.5, 3.5, 15.5], "texture": "#0"},
				"east": {"uv": [3, 6.5, 6, 8.5], "texture": "#0"},
				"south": {"uv": [12.5, 0.5, 14.5, 3], "texture": "#0"},
				"west": {"uv": [9, 10, 11.5, 12], "texture": "#0"},
				"up": {"uv": [2.5, 7.5, 0, 5.5], "texture": "#0"},
				"down": {"uv": [7.5, 0, 5, 2.5], "texture": "#0"}
			}
		},
		{
			"from": [6.75, 0.5, 6.75],
			"to": [9.25, 1, 9.25],
			"rotation": {"angle": 0, "axis": "y", "origin": [8, 0, 8]},
			"faces": {
				"north": {"uv": [7.5, 3.5, 11, 6.5], "texture": "#0"},
				"east": {"uv": [8.5, 9.5, 11.5, 13], "texture": "#0"},
				"south": {"uv": [12.5, 3.5, 15.5, 6.5], "texture": "#0"},
				"west": {"uv": [3.5, 13.5, 6, 15.5], "texture": "#0"},
				"up": {"uv": [3, 9, 0.5, 6], "texture": "#0"},
				"down": {"uv": [7.5, 0.5, 5, 3.5], "texture": "#0"}
			}
		},
		{
			"from": [7, 1, 7],
			"to": [9, 1.5, 9],
			"rotation": {"angle": 0, "axis": "y", "origin": [7, 1, 7]},
			"faces": {
				"north": {"uv": [3.5, 13, 8, 10], "texture": "#0"},
				"east": {"uv": [9.5, 2.5, 13, 4.5], "texture": "#0"},
				"south": {"uv": [2.5, 1.5, 6.5, 4], "texture": "#0"},
				"west": {"uv": [9.5, 5, 12.5, 10.5], "texture": "#0"},
				"up": {"uv": [3, 8.5, 0.5, 5.5], "texture": "#0"},
				"down": {"uv": [7.5, 5.5, 3, 8.5], "texture": "#0"}
			}
		},
		{
			"from": [6.5625, 2.5, 6.5625],
			"to": [9.4375, 3, 9.4375],
			"rotation": {"angle": 0, "axis": "y", "origin": [8, 0, 8]},
			"faces": {
				"north": {"uv": [8, 0, 9.5, 0.5], "texture": "#1"},
				"east": {"uv": [8, 0.5, 9.5, 1], "texture": "#1"},
				"south": {"uv": [8, 1, 9.5, 1.5], "texture": "#1"},
				"west": {"uv": [8, 1.5, 9.5, 2], "texture": "#1"},
				"up": {"uv": [4.5, 7.5, 3, 6], "texture": "#1"},
				"down": {"uv": [7.5, 3, 6, 4.5], "texture": "#1"}
			}
		},
		{
			"from": [6.75, 2, 6.75],
			"to": [9.25, 2.5, 9.25],
			"rotation": {"angle": 0, "axis": "y", "origin": [8, 0, 8]},
			"faces": {
				"north": {"uv": [8, 2, 9.5, 2.5], "texture": "#1"},
				"east": {"uv": [8, 2.5, 9.5, 3], "texture": "#1"},
				"south": {"uv": [7.5, 8, 9, 8.5], "texture": "#1"},
				"west": {"uv": [2, 8.5, 3.5, 9], "texture": "#1"},
				"up": {"uv": [6, 7.5, 4.5, 6], "texture": "#1"},
				"down": {"uv": [7.5, 4.5, 6, 6], "texture": "#1"}
			}
		},
		{
			"from": [7, 1.5, 7],
			"to": [9, 2, 9],
			"rotation": {"angle": 0, "axis": "y", "origin": [7, 1, 7]},
			"faces": {
				"north": {"uv": [9.5, 5.5, 10.5, 6], "texture": "#1"},
				"east": {"uv": [6, 9.5, 7, 10], "texture": "#1"},
				"south": {"uv": [9.5, 6, 10.5, 6.5], "texture": "#1"},
				"west": {"uv": [9.5, 6.5, 10.5, 7], "texture": "#1"},
				"up": {"uv": [8.5, 4, 7.5, 3], "texture": "#1"},
				"down": {"uv": [5, 7.5, 4, 8.5], "texture": "#1"}
			}
		},
		{
			"from": [6.625, 3, 6.25],
			"to": [9.375, 8.5, 6.75],
			"rotation": {"angle": 0, "axis": "y", "origin": [9, 3, 5]},
			"faces": {
				"north": {"uv": [1, 0, 7, 16], "texture": "#3"},
				"east": {"uv": [15, 0, 16, 16], "texture": "#3"},
				"south": {"uv": [7, 0, 13, 16], "texture": "#3"},
				"west": {"uv": [14, 0, 15, 16], "texture": "#3"},
				"up": {"uv": [14, 1, 13, 0], "texture": "#3"},
				"down": {"uv": [14, 14, 13, 16], "texture": "#3"}
			}
		},
		{
			"from": [9.25, 3, 6.625],
			"to": [9.75, 8.5, 9.375],
			"rotation": {"angle": 0, "axis": "y", "origin": [8, 3, 8]},
			"faces": {
				"north": {"uv": [0, 0, 0.5, 16], "texture": "#3"},
				"east": {"uv": [3.7, 0, 10.2, 16], "texture": "#3"},
				"south": {"uv": [0.5, 0, 1, 16], "texture": "#3"},
				"west": {"uv": [8.05, 0, 15.05, 16], "texture": "#3"},
				"up": {"uv": [1.5, 1.5, 1, 0], "texture": "#3"},
				"down": {"uv": [1.5, 14.5, 1, 16], "texture": "#3"}
			}
		},
		{
			"from": [6.25, 3, 6.625],
			"to": [6.75, 8.5, 9.375],
			"rotation": {"angle": 0, "axis": "y", "origin": [5, 3, 8]},
			"faces": {
				"north": {"uv": [0, 0, 0.5, 16], "texture": "#3"},
				"east": {"uv": [5.5, 0, 12, 16], "texture": "#3"},
				"south": {"uv": [0.5, 0, 1, 16], "texture": "#3"},
				"west": {"uv": [1.5, 0, 9, 16], "texture": "#3"},
				"up": {"uv": [2, 2, 1.5, 0], "texture": "#3"},
				"down": {"uv": [1.5, 14.5, 1, 16], "texture": "#3"}
			}
		},
		{
			"from": [6.625, 3, 9.25],
			"to": [9.375, 8.5, 9.75],
			"rotation": {"angle": 0, "axis": "y", "origin": [9, 3, 8]},
			"faces": {
				"north": {"uv": [2, 0, 9.5, 16], "texture": "#3"},
				"east": {"uv": [0, 0, 0.5, 16], "texture": "#3"},
				"south": {"uv": [6.5, 0, 14, 16], "texture": "#3"},
				"west": {"uv": [0, 0, 0.5, 16], "texture": "#3"},
				"up": {"uv": [0.5, 1.5, 0, 0], "texture": "#3"},
				"down": {"uv": [0.5, 13.5, 0, 16], "texture": "#3"}
			}
		},
		{
			"from": [9.375, 8.5, 6.375],
			"to": [9.875, 9.5, 9.625],
			"rotation": {"angle": 0, "axis": "y", "origin": [8, 8, 8]},
			"faces": {
				"north": {"uv": [8.5, 9.5, 9, 10], "texture": "#0"},
				"east": {"uv": [3, 2, 7, 5], "texture": "#0"},
				"south": {"uv": [9.5, 9, 10, 9.5], "texture": "#0"},
				"west": {"uv": [9, 8.5, 10.5, 9], "texture": "#0"},
				"up": {"uv": [2, 15.5, 0.5, 13.5], "texture": "#0"},
				"down": {"uv": [12.5, 0, 9.5, 4], "texture": "#0"}
			}
		},
		{
			"from": [6.375, 8.5, 6.125],
			"to": [9.625, 9.5, 6.625],
			"rotation": {"angle": 0, "axis": "y", "origin": [8, 8, 8]},
			"faces": {
				"north": {"uv": [0, 0, 2.5, 4], "texture": "#0"},
				"east": {"uv": [9.5, 9.5, 13, 12], "texture": "#0"},
				"south": {"uv": [2, 9.5, 5.5, 12], "texture": "#0"},
				"west": {"uv": [10, 0, 10.5, 0.5], "texture": "#0"},
				"up": {"uv": [8, 3, 6.5, 8], "texture": "#0"},
				"down": {"uv": [13.5, 2.5, 9.5, 6.5], "texture": "#0"}
			}
		},
		{
			"from": [6.125, 8.5, 6.375],
			"to": [6.625, 9.5, 9.625],
			"rotation": {"angle": 0, "axis": "y", "origin": [6, 8, 9]},
			"faces": {
				"north": {"uv": [0, 4.5, 16, 5.5], "texture": "#0"},
				"east": {"uv": [0, 2.5, 16, 3.5], "texture": "#0"},
				"south": {"uv": [0, 3.5, 16, 4.5], "texture": "#0"},
				"west": {"uv": [0, 0.5, 16, 1.5], "texture": "#0"},
				"up": {"uv": [16, 0.5, 0, 0], "texture": "#0"},
				"down": {"uv": [16, 1.5, 0, 2.5], "texture": "#0"}
			}
		},
		{
			"from": [6.375, 8.5, 9.325],
			"to": [9.625, 9.5, 9.825],
			"rotation": {"angle": 0, "axis": "y", "origin": [8, 8, 8]},
			"faces": {
				"north": {"uv": [0.5, 4, 3, 5.5], "texture": "#0"},
				"east": {"uv": [5, 4.5, 7.5, 8.5], "texture": "#0"},
				"south": {"uv": [13, 4, 15.5, 7], "texture": "#0"},
				"west": {"uv": [0, 13, 3, 16], "texture": "#0"},
				"up": {"uv": [11.5, 12, 9, 10], "texture": "#0"},
				"down": {"uv": [14.5, 1, 12, 2.5], "texture": "#0"}
			}
		},
		{
			"name": "froth",
			"from": [6.375, 8.5, 6.375],
			"to": [9.625, 9.25, 9.625],
			"rotation": {"angle": 0, "axis": "y", "origin": [8, 8, 8]},
			"faces": {
				"north": {"uv": [0, 0, 16, 2], "texture": "#3"},
				"east": {"uv": [0, 0, 16, 2], "texture": "#3"},
				"south": {"uv": [0, 0, 16, 2], "texture": "#3"},
				"west": {"uv": [0, 0, 16, 2], "texture": "#3"},
				"up": {"uv": [0, 0, 16, 2], "texture": "#3"},
				"down": {"uv": [0, 1, 16, 2], "texture": "#3"}
			}
		},
		{
			"from": [7.75, 6.9, 4.5],
			"to": [8.25, 7.4, 5],
			"rotation": {"angle": -5, "axis": "x", "origin": [8.25, 7.42587, 4.8325]},
			"faces": {
				"north": {"uv": [5, 1, 6, 2], "texture": "#0"},
				"east": {"uv": [5, 2, 6, 3], "texture": "#0"},
				"south": {"uv": [3, 5, 4, 6], "texture": "#0"},
				"west": {"uv": [4, 5, 5, 6], "texture": "#0"},
				"up": {"uv": [6, 5, 5, 4], "texture": "#0"},
				"down": {"uv": [6, 5, 5, 6], "texture": "#0"}
			}
		},
		{
			"from": [7.75, 7, 4.6],
			"to": [8.25, 7.5, 6.35],
			"rotation": {"angle": -5, "axis": "x", "origin": [8.25, 7.42587, 4.8325]},
			"faces": {
				"north": {"uv": [10.5, 1, 13, 4.5], "texture": "#0"},
				"east": {"uv": [0, 4, 2, 8.5], "texture": "#0"},
				"south": {"uv": [6, 1, 8.5, 4], "texture": "#0"},
				"west": {"uv": [2, 0, 6, 4], "texture": "#0"},
				"up": {"uv": [11, 11, 9, 7], "texture": "#0"},
				"down": {"uv": [5.5, 4, 2, 8.5], "texture": "#0"}
			}
		},
		{
			"from": [7.75, 3.7, 4.65],
			"to": [8.25, 7.2, 5.15],
			"rotation": {"angle": -5, "axis": "x", "origin": [8.25, 4.66498, 5.14264]},
			"faces": {
				"north": {"uv": [0, 0, 2, 6], "texture": "#0"},
				"east": {"uv": [12.5, 10, 16, 16], "texture": "#0"},
				"south": {"uv": [3, 1, 6.5, 6.5], "texture": "#0"},
				"west": {"uv": [11.5, 0.5, 14.5, 6], "texture": "#0"},
				"up": {"uv": [10, 15.5, 7.5, 10.5], "texture": "#0"},
				"down": {"uv": [12.5, 11.5, 10, 16], "texture": "#0"}
			}
		},
		{
			"from": [7.75, 3.52153, 4.85808],
			"to": [8.25, 3.92153, 5.35808],
			"rotation": {"angle": 15, "axis": "x", "origin": [8.25, 3.77153, 5.10808]},
			"faces": {
				"north": {"uv": [3, 6, 4, 7], "texture": "#0"},
				"east": {"uv": [6, 3, 7, 4], "texture": "#0"},
				"south": {"uv": [4, 6, 5, 7], "texture": "#0"},
				"west": {"uv": [6, 4, 7, 5], "texture": "#0"},
				"up": {"uv": [6, 7, 5, 6], "texture": "#0"},
				"down": {"uv": [7, 5, 6, 6], "texture": "#0"}
			}
		},
		{
			"from": [7.75, 3.5, 4.8],
			"to": [8.25, 4, 6.3],
			"rotation": {"angle": 15, "axis": "x", "origin": [8.25, 3.35565, 4.77342]},
			"faces": {
				"north": {"uv": [6, 6, 7, 7], "texture": "#0"},
				"east": {"uv": [3, 4, 5, 5], "texture": "#0"},
				"south": {"uv": [0, 7, 1, 8], "texture": "#0"},
				"west": {"uv": [4, 3, 6, 4], "texture": "#0"},
				"up": {"uv": [1, 7, 0, 5], "texture": "#0"},
				"down": {"uv": [2, 5, 1, 7], "texture": "#0"}
			}
		}
	],
	"display": {
		"thirdperson_righthand": {
			"rotation": [0, -180, 0],
			"translation": [0, 0.75, -3]
		},
		"thirdperson_lefthand": {
			"rotation": [0, -180, 0],
			"translation": [0, 0, -2.75]
		},
		"ground": {
			"translation": [0, 2.5, 0]
		},
		"gui": {
			"rotation": [28, -114, 0],
			"translation": [0, 3.5, 1],
			"scale": [1.25, 1.25, 1.25]
		},
		"fixed": {
			"rotation": [-90, 72, 0],
			"translation": [0, 0, -12],
			"scale": [1.5, 1.5, 1.5]
		}
	},
	"groups": [
		{
			"name": "stem_empty",
			"origin": [7, 1, 7],
			"color": 0,
			"children": [0, 1, 2]
		},
		{
			"name": "stem_filled",
			"origin": [7, 1, 7],
			"color": 0,
			"children": [3, 4, 5]
		},
		{
			"name": "tankard",
			"origin": [9, 3, 8],
			"color": 0,
			"children": [6, 7, 8, 9]
		},
		{
			"name": "lip",
			"origin": [8, 8, 8],
			"color": 0,
			"children": [10, 11, 12, 13]
		},
		{
			"name": "froth",
			"origin": [8, 8, 8],
			"color": 0,
			"children": [14]
		},
		{
			"name": "handle",
			"origin": [8.25, 3.35565, 4.77342],
			"color": 0,
			"children": [15, 16, 17, 18, 19]
		}
	]
}