{
	"format_version": "1.21.6",
	"credit": "Made with Blockbench",
	"parent": "minecraft:item/apple",
	"texture_size": [32, 32],
	"textures": {
		"0": "custom:item/dadmann/candied_apple/apple",
		"1": "custom:item/dadmann/candied_apple/stick",
		"2": "custom:item/dadmann/candied_apple/caramel",
		"particle": "custom:item/dadmann/candied_apple/apple"
	},
	"elements": [
		{
			"name": "apple",
			"from": [4, 11, 4],
			"to": [12, 19, 12],
			"rotation": {"angle": 0, "axis": "z", "origin": [8, 12, 8]},
			"faces": {
				"north": {"uv": [0, 0, 4, 4], "rotation": 180, "texture": "#0"},
				"east": {"uv": [4, 4, 8, 8], "rotation": 180, "texture": "#0"},
				"south": {"uv": [4, 0, 8, 4], "rotation": 180, "texture": "#0"},
				"west": {"uv": [0, 4, 4, 8], "rotation": 180, "texture": "#0"},
				"up": {"uv": [12, 0, 8, 4], "rotation": 180, "texture": "#0"},
				"down": {"uv": [4, 12, 0, 8], "rotation": 180, "texture": "#0"}
			}
		},
		{
			"name": "stick",
			"from": [7.5, 0, 7.5],
			"to": [8.5, 11, 8.5],
			"rotation": {"angle": 0, "axis": "z", "origin": [8, 12, 8]},
			"faces": {
				"north": {"uv": [0, 0, 0.5, 5.5], "rotation": 180, "texture": "#1"},
				"east": {"uv": [0, 0, 0.5, 5.5], "rotation": 180, "texture": "#1"},
				"south": {"uv": [0, 0, 0.5, 5.5], "rotation": 180, "texture": "#1"},
				"west": {"uv": [0, 0, 0.5, 5.5], "rotation": 180, "texture": "#1"},
				"up": {"uv": [0, 0, 0.5, 0.5], "rotation": 180, "texture": "#1"},
				"down": {"uv": [0, 0, 0.5, 0.5], "rotation": 180, "texture": "#1"}
			}
		},
		{
			"from": [4, 14, 3],
			"to": [9, 19, 4],
			"rotation": {"angle": 0, "axis": "z", "origin": [8, 12, 8]},
			"faces": {
				"north": {"uv": [13.5, 7.5, 16, 10], "rotation": 180, "texture": "#2"},
				"east": {"uv": [12.5, 7.5, 13, 10], "rotation": 180, "texture": "#2"},
				"south": {"uv": [13.5, 7.5, 16, 10], "rotation": 180, "texture": "#2"},
				"west": {"uv": [13, 7.5, 13.5, 10], "rotation": 180, "texture": "#2"},
				"up": {"uv": [13.5, 6.5, 16, 7], "rotation": 180, "texture": "#2"},
				"down": {"uv": [13.5, 7, 16, 7.5], "rotation": 180, "texture": "#2"}
			}
		},
		{
			"from": [4, 19, 4],
			"to": [12, 20, 12],
			"rotation": {"angle": 0, "axis": "y", "origin": [8, 12, 8]},
			"faces": {
				"north": {"uv": [4, 13.5, 8, 14], "rotation": 180, "texture": "#2"},
				"east": {"uv": [4, 13, 8, 13.5], "rotation": 180, "texture": "#2"},
				"south": {"uv": [4, 12.5, 8, 13], "rotation": 180, "texture": "#2"},
				"west": {"uv": [4, 12, 8, 12.5], "rotation": 180, "texture": "#2"},
				"up": {"uv": [4, 8, 8, 12], "rotation": 180, "texture": "#2"},
				"down": {"uv": [0, 12, 4, 16], "rotation": 180, "texture": "#2"}
			}
		},
		{
			"from": [9, 15, 3],
			"to": [12, 19, 4],
			"rotation": {"angle": 0, "axis": "z", "origin": [8, 12, 8]},
			"faces": {
				"north": {"uv": [8, 12, 9.5, 14], "rotation": 180, "texture": "#2"},
				"east": {"uv": [10, 12, 10.5, 14], "rotation": 180, "texture": "#2"},
				"south": {"uv": [8, 12, 9.5, 14], "rotation": 180, "texture": "#2"},
				"west": {"uv": [9.5, 12, 10, 14], "rotation": 180, "texture": "#2"},
				"up": {"uv": [8, 11, 9.5, 11.5], "rotation": 180, "texture": "#2"},
				"down": {"uv": [8, 11.5, 9.5, 12], "rotation": 180, "texture": "#2"}
			}
		},
		{
			"from": [12, 15, 4],
			"to": [13, 19, 9],
			"rotation": {"angle": 0, "axis": "z", "origin": [8, 12, 8]},
			"faces": {
				"north": {"uv": [13, 11.5, 13.5, 13.5], "rotation": 180, "texture": "#2"},
				"east": {"uv": [8.5, 14, 11, 16], "rotation": 180, "texture": "#2"},
				"south": {"uv": [13.5, 11.5, 14, 13.5], "rotation": 180, "texture": "#2"},
				"west": {"uv": [8.5, 14, 11, 16], "rotation": 180, "texture": "#2"},
				"up": {"uv": [14, 11, 14.5, 13.5], "rotation": 180, "texture": "#2"},
				"down": {"uv": [14.5, 11, 15, 13.5], "rotation": 180, "texture": "#2"}
			}
		},
		{
			"from": [12, 14, 9],
			"to": [13, 19, 12],
			"rotation": {"angle": 0, "axis": "z", "origin": [8, 12, 8]},
			"faces": {
				"north": {"uv": [12, 13.5, 12.5, 16], "rotation": 180, "texture": "#2"},
				"east": {"uv": [13, 13.5, 14.5, 16], "rotation": 180, "texture": "#2"},
				"south": {"uv": [12.5, 13.5, 13, 16], "rotation": 180, "texture": "#2"},
				"west": {"uv": [13, 13.5, 14.5, 16], "rotation": 180, "texture": "#2"},
				"up": {"uv": [11, 14.5, 11.5, 16], "rotation": 180, "texture": "#2"},
				"down": {"uv": [11.5, 14.5, 12, 16], "rotation": 180, "texture": "#2"}
			}
		},
		{
			"from": [9, 14, 12],
			"to": [12, 19, 13],
			"rotation": {"angle": 0, "axis": "z", "origin": [8, 12, 8]},
			"faces": {
				"north": {"uv": [14.5, 13.5, 16, 16], "rotation": 180, "texture": "#2"},
				"east": {"uv": [15, 11, 15.5, 13.5], "rotation": 180, "texture": "#2"},
				"south": {"uv": [14.5, 13.5, 16, 16], "rotation": 180, "texture": "#2"},
				"west": {"uv": [15.5, 11, 16, 13.5], "rotation": 180, "texture": "#2"},
				"up": {"uv": [14.5, 10, 16, 10.5], "rotation": 180, "texture": "#2"},
				"down": {"uv": [14.5, 10.5, 16, 11], "rotation": 180, "texture": "#2"}
			}
		},
		{
			"from": [4, 15, 12],
			"to": [9, 19, 13],
			"rotation": {"angle": 0, "axis": "z", "origin": [8, 12, 8]},
			"faces": {
				"north": {"uv": [13.5, 2, 16, 4], "rotation": 180, "texture": "#2"},
				"east": {"uv": [8.5, 4, 9, 6], "rotation": 180, "texture": "#2"},
				"south": {"uv": [13.5, 0, 16, 2], "rotation": 180, "texture": "#2"},
				"west": {"uv": [8, 4, 8.5, 6], "rotation": 180, "texture": "#2"},
				"up": {"uv": [4, 14, 6.5, 14.5], "rotation": 180, "texture": "#2"},
				"down": {"uv": [4, 14.5, 6.5, 15], "rotation": 180, "texture": "#2"}
			}
		},
		{
			"from": [3, 15, 10],
			"to": [4, 19, 12],
			"rotation": {"angle": 0, "axis": "z", "origin": [8, 12, 8]},
			"faces": {
				"north": {"uv": [6.5, 14, 7, 16], "rotation": 180, "texture": "#2"},
				"east": {"uv": [7.5, 14, 8.5, 16], "rotation": 180, "texture": "#2"},
				"south": {"uv": [7, 14, 7.5, 16], "rotation": 180, "texture": "#2"},
				"west": {"uv": [7.5, 14, 8.5, 16], "rotation": 180, "texture": "#2"},
				"up": {"uv": [5.5, 15, 6, 16], "rotation": 180, "texture": "#2"},
				"down": {"uv": [6, 15, 6.5, 16], "rotation": 180, "texture": "#2"}
			}
		},
		{
			"from": [3, 14, 4],
			"to": [4, 19, 10],
			"rotation": {"angle": 0, "axis": "z", "origin": [8, 12, 8]},
			"faces": {
				"north": {"uv": [12, 4, 12.5, 6.5], "rotation": 180, "texture": "#2"},
				"east": {"uv": [13, 4, 16, 6.5], "rotation": 180, "texture": "#2"},
				"south": {"uv": [12.5, 4, 13, 6.5], "rotation": 180, "texture": "#2"},
				"west": {"uv": [13, 4, 16, 6.5], "rotation": 180, "texture": "#2"},
				"up": {"uv": [12.5, 1, 13, 4], "rotation": 180, "texture": "#2"},
				"down": {"uv": [13, 1, 13.5, 4], "rotation": 180, "texture": "#2"}
			}
		}
	],
	"display": {
		"thirdperson_righthand": {
			"rotation": [0, 19, 0],
			"translation": [-1.25, 0.25, 0.5],
			"scale": [0.39, 0.39, 0.39]
		},
		"thirdperson_lefthand": {
			"rotation": [0, 19, 0],
			"translation": [-1.25, 0.25, 0.5],
			"scale": [0.39, 0.39, 0.39]
		},
		"firstperson_righthand": {
			"rotation": [0, 19, 0],
			"translation": [-1.25, 0.25, 0.5],
			"scale": [0.39, 0.39, 0.39]
		},
		"firstperson_lefthand": {
			"rotation": [0, 19, 0],
			"translation": [-1.25, 0.25, 0.5],
			"scale": [0.39, 0.39, 0.39]
		},
		"ground": {
			"rotation": [0, 0, 180],
			"translation": [0, 3.5, 0],
			"scale": [0.5, 0.5, 0.5]
		},
		"gui": {
			"rotation": [0, 20, 180],
			"translation": [0, 1.25, 0],
			"scale": [0.65, 0.65, 0.65]
		},
		"head": {
			"scale": [0, 0, 0]
		},
		"fixed": {
			"translation": [0, -1.5, 0.5],
			"scale": [0.78, 0.78, 0.78]
		}
	},
	"groups": [
		0,
		1,
		{
			"name": "caramel",
			"origin": [1, 0, 3],
			"color": 0,
			"children": [2, 3, 4, 5, 6, 7, 8, 9, 10]
		}
	]
}