{
	"format_version": "1.21.6",
	"credit": "Made with Blockbench",
	"texture_size": [64, 64],
	"textures": {
		"0": "custom:item/dadmann/candy_corn/candy_corn",
		"particle": "custom:item/dadmann/candy_corn/candy_corn"
	},
	"elements": [
		{
			"from": [5.1, 0, 2.2],
			"to": [10.7, 1, 13.8],
			"rotation": {"angle": 0, "axis": "y", "origin": [1.9, 0, 2]},
			"faces": {
				"north": {"uv": [8, 2.5, 9.375, 2.75], "texture": "#0"},
				"east": {"uv": [6.5, 4.75, 9.375, 5], "texture": "#0"},
				"south": {"uv": [8, 2.75, 9.375, 3], "texture": "#0"},
				"west": {"uv": [3.75, 7.5, 6.625, 7.75], "texture": "#0"},
				"up": {"uv": [1.375, 5.875, 0, 3], "texture": "#0"},
				"down": {"uv": [4.375, 0, 3, 2.875], "texture": "#0"}
			}
		},
		{
			"from": [4.9, 1, 2],
			"to": [10.9, 4, 14],
			"rotation": {"angle": 0, "axis": "y", "origin": [1.9, 0, 2]},
			"faces": {
				"north": {"uv": [0, 6, 1.5, 6.75], "texture": "#0"},
				"east": {"uv": [5, 5, 8, 5.75], "texture": "#0"},
				"south": {"uv": [6.5, 2.5, 8, 3.25], "texture": "#0"},
				"west": {"uv": [5.5, 0, 8.5, 0.75], "texture": "#0"},
				"up": {"uv": [1.5, 3, 0, 0], "texture": "#0"},
				"down": {"uv": [3, 0, 1.5, 3], "texture": "#0"}
			}
		},
		{
			"from": [5.4, 4, 2.5],
			"to": [10.4, 6, 13.5],
			"rotation": {"angle": 0, "axis": "y", "origin": [1.9, 0, 2]},
			"faces": {
				"north": {"uv": [7.5, 7.25, 8.75, 7.75], "texture": "#0"},
				"east": {"uv": [6.25, 1.5, 9, 2], "texture": "#0"},
				"south": {"uv": [2.25, 7.75, 3.5, 8.25], "texture": "#0"},
				"west": {"uv": [6.25, 2, 9, 2.5], "texture": "#0"},
				"up": {"uv": [2.75, 5.75, 1.5, 3], "texture": "#0"},
				"down": {"uv": [4, 3, 2.75, 5.75], "texture": "#0"}
			}
		},
		{
			"from": [5.9, 6, 3],
			"to": [9.9, 10, 13],
			"rotation": {"angle": 0, "axis": "y", "origin": [1.9, 7, 2]},
			"faces": {
				"north": {"uv": [5, 6.5, 6, 7.5], "texture": "#0"},
				"east": {"uv": [4, 3, 6.5, 4], "texture": "#0"},
				"south": {"uv": [6, 6.5, 7, 7.5], "texture": "#0"},
				"west": {"uv": [4, 4, 6.5, 5], "texture": "#0"},
				"up": {"uv": [5.5, 2.5, 4.5, 0], "texture": "#0"},
				"down": {"uv": [5, 5, 4, 7.5], "texture": "#0"}
			}
		},
		{
			"from": [6.4, 10, 3.5],
			"to": [9.4, 12, 12.5],
			"rotation": {"angle": 0, "axis": "y", "origin": [1.9, 7, 2]},
			"faces": {
				"north": {"uv": [6, 7.75, 6.75, 8.25], "texture": "#0"},
				"east": {"uv": [6.5, 3.25, 8.75, 3.75], "texture": "#0"},
				"south": {"uv": [7.5, 7.75, 8.25, 8.25], "texture": "#0"},
				"west": {"uv": [6.5, 3.75, 8.75, 4.25], "texture": "#0"},
				"up": {"uv": [6.25, 3, 5.5, 0.75], "texture": "#0"},
				"down": {"uv": [2.25, 5.75, 1.5, 8], "texture": "#0"}
			}
		},
		{
			"from": [6.4, 12, 4],
			"to": [9.4, 15, 12],
			"rotation": {"angle": 0, "axis": "y", "origin": [1.9, 13, 2]},
			"faces": {
				"north": {"uv": [3.5, 7.75, 4.25, 8.5], "texture": "#0"},
				"east": {"uv": [5, 5.75, 7, 6.5], "texture": "#0"},
				"south": {"uv": [4.25, 7.75, 5, 8.5], "texture": "#0"},
				"west": {"uv": [6.25, 0.75, 8.25, 1.5], "texture": "#0"},
				"up": {"uv": [3, 7.75, 2.25, 5.75], "texture": "#0"},
				"down": {"uv": [3.75, 5.75, 3, 7.75], "texture": "#0"}
			}
		},
		{
			"from": [6.9, 15, 4.5],
			"to": [8.9, 17, 11.5],
			"rotation": {"angle": 0, "axis": "y", "origin": [1.9, 13, 2]},
			"faces": {
				"north": {"uv": [1.5, 8, 2, 8.5], "texture": "#0"},
				"east": {"uv": [6.5, 4.25, 8.25, 4.75], "texture": "#0"},
				"south": {"uv": [8, 5, 8.5, 5.5], "texture": "#0"},
				"west": {"uv": [7, 5.75, 8.75, 6.25], "texture": "#0"},
				"up": {"uv": [0.5, 8.5, 0, 6.75], "texture": "#0"},
				"down": {"uv": [1, 6.75, 0.5, 8.5], "texture": "#0"}
			}
		},
		{
			"from": [6.9, 17, 5],
			"to": [8.9, 19, 11],
			"rotation": {"angle": 0, "axis": "y", "origin": [1.9, 16, 2]},
			"faces": {
				"north": {"uv": [8.25, 0.75, 8.75, 1.25], "texture": "#0"},
				"east": {"uv": [7, 6.25, 8.5, 6.75], "texture": "#0"},
				"south": {"uv": [1, 8.25, 1.5, 8.75], "texture": "#0"},
				"west": {"uv": [7, 6.75, 8.5, 7.25], "texture": "#0"},
				"up": {"uv": [1.5, 8.25, 1, 6.75], "texture": "#0"},
				"down": {"uv": [7.5, 7.25, 7, 8.75], "texture": "#0"}
			}
		},
		{
			"from": [7.4, 19, 6],
			"to": [8.4, 20.5, 10],
			"rotation": {"angle": 0, "axis": "y", "origin": [1.9, 16, 2]},
			"faces": {
				"north": {"uv": [6.25, 2.5, 6.5, 2.875], "texture": "#0"},
				"east": {"uv": [4.5, 2.5, 5.5, 2.875], "texture": "#0"},
				"south": {"uv": [3.75, 6.75, 4, 7.125], "texture": "#0"},
				"west": {"uv": [5, 7.75, 6, 8.125], "texture": "#0"},
				"up": {"uv": [4, 6.75, 3.75, 5.75], "texture": "#0"},
				"down": {"uv": [7, 7.5, 6.75, 8.5], "texture": "#0"}
			}
		}
	],
	"display": {
		"thirdperson_righthand": {
			"rotation": [0, 20, 11],
			"translation": [-0.5, 1, -0.5],
			"scale": [0.2, 0.2, 0.2]
		},
		"thirdperson_lefthand": {
			"rotation": [0, 20, 11],
			"translation": [-0.5, 1, -0.5],
			"scale": [0.2, 0.2, 0.2]
		},
		"firstperson_righthand": {
			"rotation": [-18, 22, 8],
			"translation": [-0.5, 0, -0.5],
			"scale": [0.2, 0.2, 0.2]
		},
		"firstperson_lefthand": {
			"rotation": [-18, 22, 8],
			"translation": [-0.5, 0, -0.5],
			"scale": [0.2, 0.2, 0.2]
		},
		"ground": {
			"scale": [0.25, 0.25, 0.25]
		},
		"head": {
			"scale": [0, 0, 0]
		},
		"fixed": {
			"rotation": [0, -90, 0],
			"translation": [0, -2, 0.5],
			"scale": [0.5, 0.5, 0.5]
		}
	}
}