{
	"format_version": "1.21.7",
	"credit": "Made by dadmannwalking",
	"texture_size": [64, 64],
	"textures": {
		"0": "custom:item/dadmann/cauldron_cake/chocolate",
		"1": "custom:item/dadmann/cauldron_cake/icing",
		"2": "custom:item/dadmann/cauldron_cake/sprinkles",
		"particle": "custom:item/dadmann/cauldron_cake/chocolate"
	},
	"elements": [
		{
			"from": [4.5, 2, 5.5],
			"to": [5.5, 8, 10.5],
			"rotation": {"angle": 0, "axis": "y", "origin": [7, 1, 7]},
			"faces": {
				"north": {"uv": [6, 0, 6.25, 1.5], "texture": "#0"},
				"east": {"uv": [5, 0, 6.25, 1.5], "texture": "#0"},
				"south": {"uv": [14.75, 0, 16, 16], "texture": "#0"},
				"west": {"uv": [14.75, 0, 16, 16], "texture": "#0"},
				"up": {"uv": [14.75, 14.75, 16, 16], "texture": "#0"},
				"down": {"uv": [0, 5, 0.25, 6.25], "texture": "#0"}
			}
		},
		{
			"from": [6.5, 3, 4.25],
			"to": [9.5, 7, 5.5],
			"rotation": {"angle": 0, "axis": "y", "origin": [7, 1, 7]},
			"faces": {
				"north": {"uv": [14, 2, 16, 14], "texture": "#0"},
				"east": {"uv": [14, 2, 16, 14], "texture": "#0"},
				"south": {"uv": [14, 2, 16, 14], "texture": "#0"},
				"west": {"uv": [14, 2, 16, 14], "texture": "#0"},
				"up": {"uv": [14, 2, 16, 3.25], "texture": "#0"},
				"down": {"uv": [14, 13, 16, 14.25], "texture": "#0"}
			}
		},
		{
			"from": [4.25, 3, 6.5],
			"to": [5.5, 7, 9.5],
			"rotation": {"angle": 0, "axis": "y", "origin": [7, 1, 7]},
			"faces": {
				"north": {"uv": [14.75, 2, 16, 14], "texture": "#0"},
				"east": {"uv": [14, 2, 16, 14], "texture": "#0"},
				"south": {"uv": [14.75, 2, 16, 14], "texture": "#0"},
				"west": {"uv": [14, 2, 16, 14], "texture": "#0"},
				"up": {"uv": [14.75, 2, 16, 4], "texture": "#0"},
				"down": {"uv": [14.75, 11, 16, 14], "texture": "#0"}
			}
		},
		{
			"from": [5.5, 2, 10.5],
			"to": [10.5, 8, 11.5],
			"rotation": {"angle": 0, "axis": "y", "origin": [7, 1, 7]},
			"faces": {
				"north": {"uv": [5, 0, 6.25, 1.5], "texture": "#0"},
				"east": {"uv": [15, 0, 16, 16], "texture": "#0"},
				"south": {"uv": [14.75, 0, 16, 16], "texture": "#0"},
				"west": {"uv": [15, 0, 16, 16], "texture": "#0"},
				"up": {"uv": [14.75, 14.75, 16, 16], "texture": "#0"},
				"down": {"uv": [1, 0, 2.25, 0.25], "texture": "#0"}
			}
		},
		{
			"from": [6.5, 3, 9.5],
			"to": [9.5, 7, 11.75],
			"rotation": {"angle": 0, "axis": "y", "origin": [7, 1, 7]},
			"faces": {
				"north": {"uv": [14, 2, 16, 14], "texture": "#0"},
				"east": {"uv": [14.75, 2, 16, 14], "texture": "#0"},
				"south": {"uv": [14, 2, 16, 14], "texture": "#0"},
				"west": {"uv": [14.75, 2, 16, 14], "texture": "#0"},
				"up": {"uv": [15, 2, 16, 3.25], "texture": "#0"},
				"down": {"uv": [15, 13, 16, 14.25], "texture": "#0"}
			}
		},
		{
			"from": [5.5, 2, 4.5],
			"to": [10.5, 8, 5.5],
			"rotation": {"angle": 0, "axis": "y", "origin": [7, 1, 7]},
			"faces": {
				"north": {"uv": [14, 0, 16, 16], "texture": "#0"},
				"east": {"uv": [15, 0, 16, 16], "texture": "#0"},
				"south": {"uv": [14, 0, 16, 16], "texture": "#0"},
				"west": {"uv": [15, 0, 16, 16], "texture": "#0"},
				"up": {"uv": [14, 15, 16, 16], "texture": "#0"},
				"down": {"uv": [14, 15, 16, 16], "texture": "#0"}
			}
		},
		{
			"from": [5.5, 1, 5.5],
			"to": [10.5, 2, 10.5],
			"rotation": {"angle": 0, "axis": "y", "origin": [7, 1, 7]},
			"faces": {
				"north": {"uv": [3, 9, 4.25, 9.25], "texture": "#0"},
				"east": {"uv": [5, 12, 6.25, 12.25], "texture": "#0"},
				"south": {"uv": [6, 13, 7.25, 13.25], "texture": "#0"},
				"west": {"uv": [0, 10.75, 3.25, 16], "texture": "#0"},
				"up": {"uv": [9, 12, 10.25, 13.25], "texture": "#0"},
				"down": {"uv": [4, 14.75, 5.25, 16], "texture": "#0"}
			}
		},
		{
			"from": [9.5, 3, 6.5],
			"to": [11.75, 7, 9.5],
			"rotation": {"angle": 0, "axis": "y", "origin": [7, 1, 7]},
			"faces": {
				"north": {"uv": [14.75, 2, 16, 14], "texture": "#0"},
				"east": {"uv": [14, 2, 16, 14], "texture": "#0"},
				"south": {"uv": [14.75, 2, 16, 14], "texture": "#0"},
				"west": {"uv": [14, 2, 16, 14], "texture": "#0"},
				"up": {"uv": [14.75, 2, 16, 4], "texture": "#0"},
				"down": {"uv": [14.75, 12, 16, 14], "texture": "#0"}
			}
		},
		{
			"from": [5.5, 2, 5.5],
			"to": [11.5, 8, 10.5],
			"rotation": {"angle": 0, "axis": "y", "origin": [7, 1, 7]},
			"faces": {
				"north": {"uv": [15.5, 0, 16, 16], "texture": "#0"},
				"east": {"uv": [14.75, 0, 16, 16], "texture": "#0"},
				"south": {"uv": [15.5, 0, 16, 16], "texture": "#0"},
				"west": {"uv": [14.75, 0, 16, 16], "texture": "#0"},
				"up": {"uv": [0, 12.75, 0.5, 16], "texture": "#0"},
				"down": {"uv": [15.5, 14.75, 16, 16], "texture": "#0"}
			}
		},
		{
			"from": [10, 8, 7.5],
			"to": [11, 12.5, 8.5],
			"rotation": {"angle": 0, "axis": "y", "origin": [11, 8, 6]},
			"faces": {
				"north": {"uv": [0, 11.5, 1, 16], "texture": "#0"},
				"east": {"uv": [0, 11.5, 1, 16], "texture": "#0"},
				"south": {"uv": [0, 11.5, 1, 16], "texture": "#0"},
				"west": {"uv": [0, 11.5, 1, 16], "texture": "#0"},
				"up": {"uv": [0, 15, 1, 16], "texture": "#0"},
				"down": {"uv": [0, 15, 1, 16], "texture": "#0"}
			}
		},
		{
			"from": [5, 8, 7.5],
			"to": [6, 12.5, 8.5],
			"rotation": {"angle": 0, "axis": "y", "origin": [5, 8, 6]},
			"faces": {
				"north": {"uv": [0, 11.5, 1, 16], "texture": "#0"},
				"east": {"uv": [0, 11.5, 1, 16], "texture": "#0"},
				"south": {"uv": [0, 11.5, 1, 16], "texture": "#0"},
				"west": {"uv": [0, 11.5, 1, 16], "texture": "#0"},
				"up": {"uv": [0, 12, 1, 13], "texture": "#0"},
				"down": {"uv": [0, 12, 1, 13], "texture": "#0"}
			}
		},
		{
			"from": [9.75, 11.75, 7.5],
			"to": [10.75, 12.75, 8.5],
			"rotation": {"angle": 0, "axis": "y", "origin": [11, 12, 6]},
			"faces": {
				"north": {"uv": [0, 15, 1, 16], "texture": "#0"},
				"east": {"uv": [0, 15, 1, 16], "texture": "#0"},
				"south": {"uv": [1, 15, 2, 16], "texture": "#0"},
				"west": {"uv": [1, 15, 2, 16], "texture": "#0"},
				"up": {"uv": [0, 15, 1, 16], "texture": "#0"},
				"down": {"uv": [0, 15, 1, 16], "texture": "#0"}
			}
		},
		{
			"from": [5.25, 11.75, 7.5],
			"to": [6.25, 12.75, 8.5],
			"rotation": {"angle": 0, "axis": "y", "origin": [7, 12, 6]},
			"faces": {
				"north": {"uv": [0, 9, 1, 10], "texture": "#0"},
				"east": {"uv": [0, 9, 1, 10], "texture": "#0"},
				"south": {"uv": [0, 9, 1, 10], "texture": "#0"},
				"west": {"uv": [0, 9, 1, 10], "texture": "#0"},
				"up": {"uv": [0, 9, 1, 10], "texture": "#0"},
				"down": {"uv": [0, 9, 1, 10], "texture": "#0"}
			}
		},
		{
			"from": [6, 12, 7.5],
			"to": [10, 13, 8.5],
			"rotation": {"angle": 0, "axis": "y", "origin": [11, 12, 6]},
			"faces": {
				"north": {"uv": [0, 12, 1, 16], "rotation": 90, "texture": "#0"},
				"east": {"uv": [0, 15, 1, 16], "rotation": 270, "texture": "#0"},
				"south": {"uv": [0, 12, 1, 16], "rotation": 270, "texture": "#0"},
				"west": {"uv": [0, 15, 1, 16], "rotation": 270, "texture": "#0"},
				"up": {"uv": [0, 12, 1, 16], "rotation": 270, "texture": "#0"},
				"down": {"uv": [0, 12, 1, 16], "rotation": 270, "texture": "#0"}
			}
		},
		{
			"from": [6.25, 8, 6.25],
			"to": [9.75, 8.5, 9.75],
			"rotation": {"angle": 0, "axis": "y", "origin": [8, 8, 8]},
			"faces": {
				"north": {"uv": [0, 0, 3.5, 0.5], "texture": "#1"},
				"east": {"uv": [0, 0, 3.5, 0.5], "texture": "#1"},
				"south": {"uv": [0, 0, 3.5, 0.5], "texture": "#1"},
				"west": {"uv": [0, 0, 3.5, 0.5], "texture": "#1"},
				"up": {"uv": [0, 0, 3.5, 3.5], "texture": "#1"},
				"down": {"uv": [0, 0, 3.5, 3.5], "texture": "#1"}
			}
		},
		{
			"from": [6.25, 8, 6.25],
			"to": [9.75, 8.5, 9.75],
			"rotation": {"angle": -17.5, "axis": "y", "origin": [8, 8, 8]},
			"faces": {
				"north": {"uv": [0, 0, 3.5, 0.5], "texture": "#1"},
				"east": {"uv": [0, 0, 3.5, 0.5], "texture": "#1"},
				"south": {"uv": [0, 0, 3.5, 0.5], "texture": "#1"},
				"west": {"uv": [0, 0, 3.5, 0.5], "texture": "#1"},
				"up": {"uv": [0, 0, 3.5, 3.5], "texture": "#1"},
				"down": {"uv": [0, 0, 3.5, 3.5], "texture": "#1"}
			}
		},
		{
			"from": [6.25, 8, 6.25],
			"to": [9.75, 8.5, 9.75],
			"rotation": {"angle": 15, "axis": "y", "origin": [8, 8, 8]},
			"faces": {
				"north": {"uv": [0, 0, 3.5, 0.5], "texture": "#1"},
				"east": {"uv": [0, 0, 3.5, 0.5], "texture": "#1"},
				"south": {"uv": [0, 0, 3.5, 0.5], "texture": "#1"},
				"west": {"uv": [0, 0, 3.5, 0.5], "texture": "#1"},
				"up": {"uv": [0, 0, 3.5, 3.5], "rotation": 90, "texture": "#1"},
				"down": {"uv": [0, 0, 3.5, 3.5], "rotation": 270, "texture": "#1"}
			}
		},
		{
			"from": [6.25, 8, 6.25],
			"to": [9.75, 8.5, 9.75],
			"rotation": {"angle": -40, "axis": "y", "origin": [8, 8, 8]},
			"faces": {
				"north": {"uv": [0, 0, 3.5, 0.5], "texture": "#1"},
				"east": {"uv": [0, 0, 3.5, 0.5], "texture": "#1"},
				"south": {"uv": [0, 0, 3.5, 0.5], "texture": "#1"},
				"west": {"uv": [0, 0, 3.5, 0.5], "texture": "#1"},
				"up": {"uv": [0, 0, 3.5, 3.5], "texture": "#1"},
				"down": {"uv": [0, 0, 3.5, 3.5], "texture": "#1"}
			}
		},
		{
			"from": [6.5, 8.5, 6.5],
			"to": [9.5, 9, 9.5],
			"rotation": {"angle": 0, "axis": "y", "origin": [8, 8, 8]},
			"faces": {
				"north": {"uv": [0, 0, 3, 0.5], "texture": "#1"},
				"east": {"uv": [0, 0, 3, 0.5], "texture": "#1"},
				"south": {"uv": [0, 0, 3, 0.5], "texture": "#1"},
				"west": {"uv": [0, 0, 3, 0.5], "texture": "#1"},
				"up": {"uv": [0, 0, 3, 3], "texture": "#1"},
				"down": {"uv": [0, 0, 3, 3], "texture": "#1"}
			}
		},
		{
			"from": [6.5, 8.5, 6.5],
			"to": [9.5, 9, 9.5],
			"rotation": {"angle": -20, "axis": "y", "origin": [8, 8, 8]},
			"faces": {
				"north": {"uv": [0, 0, 3, 0.5], "texture": "#1"},
				"east": {"uv": [0, 0, 3, 0.5], "texture": "#1"},
				"south": {"uv": [0, 0, 3, 0.5], "texture": "#1"},
				"west": {"uv": [0, 0, 3, 0.5], "texture": "#1"},
				"up": {"uv": [0, 0, 3, 3], "texture": "#1"},
				"down": {"uv": [0, 0, 3, 3], "texture": "#1"}
			}
		},
		{
			"from": [6.5, 8.5, 6.5],
			"to": [9.5, 9, 9.5],
			"rotation": {"angle": 25, "axis": "y", "origin": [8, 8, 8]},
			"faces": {
				"north": {"uv": [0, 0, 3, 0.5], "texture": "#1"},
				"east": {"uv": [0, 0, 3, 0.5], "texture": "#1"},
				"south": {"uv": [0, 0, 3, 0.5], "texture": "#1"},
				"west": {"uv": [0, 0, 3, 0.5], "texture": "#1"},
				"up": {"uv": [0, 0, 3, 3], "texture": "#1"},
				"down": {"uv": [0, 0, 3, 3], "texture": "#1"}
			}
		},
		{
			"from": [6.5, 8.5, 6.5],
			"to": [9.5, 9, 9.5],
			"rotation": {"angle": -30, "axis": "y", "origin": [8, 8, 8]},
			"faces": {
				"north": {"uv": [0, 0, 3, 0.5], "texture": "#1"},
				"east": {"uv": [0, 0, 3, 0.5], "texture": "#1"},
				"south": {"uv": [0, 0, 3, 0.5], "texture": "#1"},
				"west": {"uv": [0, 0, 3, 0.5], "texture": "#1"},
				"up": {"uv": [0, 0, 3, 3], "rotation": 270, "texture": "#1"},
				"down": {"uv": [0, 0, 3, 3], "rotation": 90, "texture": "#1"}
			}
		},
		{
			"from": [6.75, 9, 6.75],
			"to": [9.25, 9.5, 9.25],
			"rotation": {"angle": 0, "axis": "y", "origin": [8, 8, 8]},
			"faces": {
				"north": {"uv": [0, 0, 2.5, 0.5], "texture": "#1"},
				"east": {"uv": [0, 0, 2.5, 0.5], "texture": "#1"},
				"south": {"uv": [0, 0, 2.5, 0.5], "texture": "#1"},
				"west": {"uv": [0, 0, 2.5, 0.5], "texture": "#1"},
				"up": {"uv": [0, 0, 2.5, 2.5], "texture": "#1"},
				"down": {"uv": [0, 0, 2.5, 2.5], "texture": "#1"}
			}
		},
		{
			"from": [6.75, 9, 6.75],
			"to": [9.25, 9.5, 9.25],
			"rotation": {"angle": -17.5, "axis": "y", "origin": [8, 8, 8]},
			"faces": {
				"north": {"uv": [0, 0, 2.5, 0.5], "texture": "#1"},
				"east": {"uv": [0, 0, 2.5, 0.5], "texture": "#1"},
				"south": {"uv": [0, 0, 2.5, 0.5], "texture": "#1"},
				"west": {"uv": [0, 0, 2.5, 0.5], "texture": "#1"},
				"up": {"uv": [0, 0, 2.5, 2.5], "texture": "#1"},
				"down": {"uv": [0, 0, 2.5, 2.5], "texture": "#1"}
			}
		},
		{
			"from": [6.75, 9, 6.75],
			"to": [9.25, 9.5, 9.25],
			"rotation": {"angle": 35, "axis": "y", "origin": [8, 8, 8]},
			"faces": {
				"north": {"uv": [0, 0, 2.5, 0.5], "texture": "#1"},
				"east": {"uv": [0, 0, 2.5, 0.5], "texture": "#1"},
				"south": {"uv": [0, 0, 2.5, 0.5], "texture": "#1"},
				"west": {"uv": [0, 0, 2.5, 0.5], "texture": "#1"},
				"up": {"uv": [0, 0, 2.5, 2.5], "rotation": 90, "texture": "#1"},
				"down": {"uv": [0, 0, 2.5, 2.5], "rotation": 270, "texture": "#1"}
			}
		},
		{
			"from": [6.75, 9, 6.75],
			"to": [9.25, 9.5, 9.25],
			"rotation": {"angle": 17.5, "axis": "y", "origin": [8, 8, 8]},
			"faces": {
				"north": {"uv": [0, 0, 2.5, 0.5], "texture": "#1"},
				"east": {"uv": [0, 0, 2.5, 0.5], "texture": "#1"},
				"south": {"uv": [0, 0, 2.5, 0.5], "texture": "#1"},
				"west": {"uv": [0, 0, 2.5, 0.5], "texture": "#1"},
				"up": {"uv": [0, 0, 2.5, 2.5], "rotation": 90, "texture": "#1"},
				"down": {"uv": [0, 0, 2.5, 2.5], "rotation": 270, "texture": "#1"}
			}
		},
		{
			"from": [7, 9.5, 7],
			"to": [9, 10, 9],
			"rotation": {"angle": 0, "axis": "y", "origin": [8, 8, 8]},
			"faces": {
				"north": {"uv": [0, 0, 2, 0.5], "texture": "#1"},
				"east": {"uv": [0, 0, 2, 0.5], "texture": "#1"},
				"south": {"uv": [0, 0, 2, 0.5], "texture": "#1"},
				"west": {"uv": [0, 0, 2, 0.5], "texture": "#1"},
				"up": {"uv": [0, 0, 2, 2], "texture": "#1"},
				"down": {"uv": [0, 0, 2, 2], "texture": "#1"}
			}
		},
		{
			"from": [7, 9.5, 7],
			"to": [9, 10, 9],
			"rotation": {"angle": -25, "axis": "y", "origin": [8, 8, 8]},
			"faces": {
				"north": {"uv": [0, 0, 2, 0.5], "texture": "#1"},
				"east": {"uv": [0, 0, 2, 0.5], "texture": "#1"},
				"south": {"uv": [0, 0, 2, 0.5], "texture": "#1"},
				"west": {"uv": [0, 0, 2, 0.5], "texture": "#1"},
				"up": {"uv": [0, 0, 2, 2], "texture": "#1"},
				"down": {"uv": [0, 0, 2, 2], "texture": "#1"}
			}
		},
		{
			"from": [7, 9.5, 7],
			"to": [9, 10, 9],
			"rotation": {"angle": 30, "axis": "y", "origin": [8, 8, 8]},
			"faces": {
				"north": {"uv": [0, 0, 2, 0.5], "texture": "#1"},
				"east": {"uv": [0, 0, 2, 0.5], "texture": "#1"},
				"south": {"uv": [0, 0, 2, 0.5], "texture": "#1"},
				"west": {"uv": [0, 0, 2, 0.5], "texture": "#1"},
				"up": {"uv": [0, 0, 2, 2], "rotation": 90, "texture": "#1"},
				"down": {"uv": [0, 0, 2, 2], "rotation": 270, "texture": "#1"}
			}
		},
		{
			"from": [7.25, 10, 7.25],
			"to": [8.75, 10.5, 8.75],
			"rotation": {"angle": 0, "axis": "y", "origin": [8, 8, 8]},
			"faces": {
				"north": {"uv": [0, 0, 1.5, 0.5], "texture": "#1"},
				"east": {"uv": [0, 0, 1.5, 0.5], "texture": "#1"},
				"south": {"uv": [0, 0, 1.5, 0.5], "texture": "#1"},
				"west": {"uv": [0, 0, 1.5, 0.5], "texture": "#1"},
				"up": {"uv": [0, 0, 1.5, 1.5], "texture": "#1"},
				"down": {"uv": [0, 0, 1.5, 1.5], "texture": "#1"}
			}
		},
		{
			"from": [7.25, 10, 7.25],
			"to": [8.75, 10.5, 8.75],
			"rotation": {"angle": 22.5, "axis": "y", "origin": [8, 8, 8]},
			"faces": {
				"north": {"uv": [0, 0, 1.5, 0.5], "texture": "#1"},
				"east": {"uv": [0, 0, 1.5, 0.5], "texture": "#1"},
				"south": {"uv": [0, 0, 1.5, 0.5], "texture": "#1"},
				"west": {"uv": [0, 0, 1.5, 0.5], "texture": "#1"},
				"up": {"uv": [0, 0, 1.5, 1.5], "texture": "#1"},
				"down": {"uv": [0, 0, 1.5, 1.5], "texture": "#1"}
			}
		},
		{
			"from": [7.25, 10, 7.25],
			"to": [8.75, 10.5, 8.75],
			"rotation": {"angle": 42.5, "axis": "y", "origin": [8, 8, 8]},
			"faces": {
				"north": {"uv": [0, 0, 1.5, 0.5], "texture": "#1"},
				"east": {"uv": [0, 0, 1.5, 0.5], "texture": "#1"},
				"south": {"uv": [0, 0, 1.5, 0.5], "texture": "#1"},
				"west": {"uv": [0, 0, 1.5, 0.5], "texture": "#1"},
				"up": {"uv": [0, 0, 1.5, 1.5], "texture": "#1"},
				"down": {"uv": [0, 0, 1.5, 1.5], "texture": "#1"}
			}
		},
		{
			"from": [7.25, 10, 7.25],
			"to": [8.75, 10.5, 8.75],
			"rotation": {"angle": -20, "axis": "y", "origin": [8, 8, 8]},
			"faces": {
				"north": {"uv": [0, 0, 1.5, 0.5], "texture": "#1"},
				"east": {"uv": [0, 0, 1.5, 0.5], "texture": "#1"},
				"south": {"uv": [0, 0, 1.5, 0.5], "texture": "#1"},
				"west": {"uv": [0, 0, 1.5, 0.5], "texture": "#1"},
				"up": {"uv": [0, 0, 1.5, 1.5], "rotation": 270, "texture": "#1"},
				"down": {"uv": [0, 0, 1.5, 1.5], "rotation": 90, "texture": "#1"}
			}
		},
		{
			"from": [7.5, 10.5, 7.5],
			"to": [8.5, 11, 8.5],
			"rotation": {"angle": 0, "axis": "y", "origin": [8, 8, 8]},
			"faces": {
				"north": {"uv": [0, 0, 1, 0.5], "texture": "#1"},
				"east": {"uv": [0, 0, 1, 0.5], "texture": "#1"},
				"south": {"uv": [0, 0, 1, 0.5], "texture": "#1"},
				"west": {"uv": [0, 0, 1, 0.5], "texture": "#1"},
				"up": {"uv": [0, 0, 1, 1], "texture": "#1"},
				"down": {"uv": [0, 0, 1, 1], "texture": "#1"}
			}
		},
		{
			"from": [7.5, 10.5, 7.5],
			"to": [8.5, 11, 8.5],
			"rotation": {"angle": 32.5, "axis": "y", "origin": [8, 8, 8]},
			"faces": {
				"north": {"uv": [0, 0, 1, 0.5], "texture": "#1"},
				"east": {"uv": [0, 0, 1, 0.5], "texture": "#1"},
				"south": {"uv": [0, 0, 1, 0.5], "texture": "#1"},
				"west": {"uv": [0, 0, 1, 0.5], "texture": "#1"},
				"up": {"uv": [0, 0, 1, 1], "texture": "#1"},
				"down": {"uv": [0, 0, 1, 1], "texture": "#1"}
			}
		},
		{
			"from": [7.5, 10.5, 7.5],
			"to": [8.5, 11, 8.5],
			"rotation": {"angle": -27.5, "axis": "y", "origin": [8, 8, 8]},
			"faces": {
				"north": {"uv": [0, 0, 1, 0.5], "texture": "#1"},
				"east": {"uv": [0, 0, 1, 0.5], "texture": "#1"},
				"south": {"uv": [0, 0, 1, 0.5], "texture": "#1"},
				"west": {"uv": [0, 0, 1, 0.5], "texture": "#1"},
				"up": {"uv": [0, 0, 1, 1], "rotation": 270, "texture": "#1"},
				"down": {"uv": [0, 0, 1, 1], "rotation": 90, "texture": "#1"}
			}
		},
		{
			"from": [9, 0, 5],
			"to": [11, 1, 7],
			"rotation": {"angle": 0, "axis": "y", "origin": [9, 0, 5]},
			"faces": {
				"north": {"uv": [0, 12, 2, 13], "texture": "#0"},
				"east": {"uv": [4, 9, 6, 10], "texture": "#0"},
				"south": {"uv": [5, 8, 7, 9], "texture": "#0"},
				"west": {"uv": [10, 11, 12, 12], "texture": "#0"},
				"up": {"uv": [6, 15, 4, 13], "texture": "#0"},
				"down": {"uv": [9, 13, 7, 15], "texture": "#0"}
			}
		},
		{
			"from": [5, 0, 5],
			"to": [7, 1, 7],
			"rotation": {"angle": 0, "axis": "y", "origin": [5, 0, 5]},
			"faces": {
				"north": {"uv": [5, 15, 7, 16], "texture": "#0"},
				"east": {"uv": [7, 15, 9, 16], "texture": "#0"},
				"south": {"uv": [6, 14, 8, 15], "texture": "#0"},
				"west": {"uv": [8, 15, 10, 16], "texture": "#0"},
				"up": {"uv": [5, 13, 3, 11], "texture": "#0"},
				"down": {"uv": [2, 10, 0, 12], "texture": "#0"}
			}
		},
		{
			"from": [5, 0, 9],
			"to": [7, 1, 11],
			"rotation": {"angle": 0, "axis": "y", "origin": [5, 0, 9]},
			"faces": {
				"north": {"uv": [0, 15, 2, 16], "texture": "#0"},
				"east": {"uv": [8, 11, 10, 12], "texture": "#0"},
				"south": {"uv": [6, 15, 8, 16], "texture": "#0"},
				"west": {"uv": [7, 11, 9, 12], "texture": "#0"},
				"up": {"uv": [5, 13, 3, 11], "texture": "#0"},
				"down": {"uv": [10, 14, 8, 16], "texture": "#0"}
			}
		},
		{
			"from": [9, 0, 9],
			"to": [11, 1, 11],
			"rotation": {"angle": 0, "axis": "y", "origin": [9, 0, 9]},
			"faces": {
				"north": {"uv": [0, 8, 2, 9], "texture": "#0"},
				"east": {"uv": [0, 15, 2, 16], "texture": "#0"},
				"south": {"uv": [5, 13, 7, 14], "texture": "#0"},
				"west": {"uv": [9, 15, 11, 16], "texture": "#0"},
				"up": {"uv": [16, 16, 14, 14], "texture": "#0"},
				"down": {"uv": [5, 10, 3, 12], "texture": "#0"}
			}
		},
		{
			"from": [7.58414, 9, 6.37358],
			"to": [7.83414, 9.25, 6.62358],
			"rotation": {"angle": 21.5, "axis": "y", "origin": [7.70914, 9.125, 6.49858]},
			"faces": {
				"north": {"uv": [0, 0, 0.25, 0.25], "texture": "#2"},
				"east": {"uv": [0, 0, 0.25, 0.25], "texture": "#2"},
				"south": {"uv": [0, 0, 0.25, 0.25], "texture": "#2"},
				"west": {"uv": [0, 0, 0.25, 0.25], "texture": "#2"},
				"up": {"uv": [0, 0, 0.25, 0.25], "texture": "#2"},
				"down": {"uv": [0, 0, 0.25, 0.25], "texture": "#2"}
			}
		},
		{
			"from": [8.55, 9, 6.4],
			"to": [8.8, 9.25, 6.65],
			"rotation": {"angle": -22.5, "axis": "y", "origin": [8.925, 9.125, 6.025]},
			"faces": {
				"north": {"uv": [0, 0, 0.25, 0.25], "texture": "#2"},
				"east": {"uv": [0, 0, 0.25, 0.25], "texture": "#2"},
				"south": {"uv": [0, 0, 0.25, 0.25], "texture": "#2"},
				"west": {"uv": [0, 0, 0.25, 0.25], "texture": "#2"},
				"up": {"uv": [0, 0, 0.25, 0.25], "texture": "#2"},
				"down": {"uv": [0, 0, 0.25, 0.25], "texture": "#2"}
			}
		},
		{
			"from": [8.97769, 8.5, 6.26627],
			"to": [9.22769, 8.75, 6.51627],
			"rotation": {"angle": 42.5, "axis": "y", "origin": [9.10269, 8.625, 6.39127]},
			"faces": {
				"north": {"uv": [0, 0, 0.25, 0.25], "texture": "#2"},
				"east": {"uv": [0, 0, 0.25, 0.25], "texture": "#2"},
				"south": {"uv": [0, 0, 0.25, 0.25], "texture": "#2"},
				"west": {"uv": [0, 0, 0.25, 0.25], "texture": "#2"},
				"up": {"uv": [0, 0, 0.25, 0.25], "texture": "#2"},
				"down": {"uv": [0, 0, 0.25, 0.25], "texture": "#2"}
			}
		},
		{
			"from": [9.65, 9, 7.7],
			"to": [9.9, 9.25, 7.95],
			"rotation": {"angle": -22.5, "axis": "y", "origin": [10.025, 9.125, 7.325]},
			"faces": {
				"north": {"uv": [0, 0, 0.25, 0.25], "texture": "#2"},
				"east": {"uv": [0, 0, 0.25, 0.25], "texture": "#2"},
				"south": {"uv": [0, 0, 0.25, 0.25], "texture": "#2"},
				"west": {"uv": [0, 0, 0.25, 0.25], "texture": "#2"},
				"up": {"uv": [0, 0, 0.25, 0.25], "texture": "#2"},
				"down": {"uv": [0, 0, 0.25, 0.25], "texture": "#2"}
			}
		},
		{
			"from": [6.53806, 9, 6.80866],
			"to": [6.78806, 9.25, 7.05866],
			"rotation": {"angle": -22.5, "axis": "y", "origin": [6.66306, 9.125, 6.93366]},
			"faces": {
				"north": {"uv": [0, 0, 0.25, 0.25], "texture": "#2"},
				"east": {"uv": [0, 0, 0.25, 0.25], "texture": "#2"},
				"south": {"uv": [0, 0, 0.25, 0.25], "texture": "#2"},
				"west": {"uv": [0, 0, 0.25, 0.25], "texture": "#2"},
				"up": {"uv": [0, 0, 0.25, 0.25], "rotation": 270, "texture": "#2"},
				"down": {"uv": [0, 0, 0.25, 0.25], "rotation": 90, "texture": "#2"}
			}
		},
		{
			"from": [6.53806, 9, 8.80866],
			"to": [6.78806, 9.25, 9.05866],
			"rotation": {"angle": 40, "axis": "y", "origin": [6.66306, 9.125, 8.93366]},
			"faces": {
				"north": {"uv": [0, 0, 0.25, 0.25], "texture": "#2"},
				"east": {"uv": [0, 0, 0.25, 0.25], "texture": "#2"},
				"south": {"uv": [0, 0, 0.25, 0.25], "texture": "#2"},
				"west": {"uv": [0, 0, 0.25, 0.25], "texture": "#2"},
				"up": {"uv": [0, 0, 0.25, 0.25], "texture": "#2"},
				"down": {"uv": [0, 0, 0.25, 0.25], "texture": "#2"}
			}
		},
		{
			"from": [8.84673, 9, 9.14673],
			"to": [9.09673, 9.25, 9.39673],
			"rotation": {"angle": -40, "axis": "y", "origin": [8.97173, 9.125, 9.27173]},
			"faces": {
				"north": {"uv": [0, 0, 0.25, 0.25], "texture": "#2"},
				"east": {"uv": [0, 0, 0.25, 0.25], "texture": "#2"},
				"south": {"uv": [0, 0, 0.25, 0.25], "texture": "#2"},
				"west": {"uv": [0, 0, 0.25, 0.25], "texture": "#2"},
				"up": {"uv": [0, 0, 0.25, 0.25], "rotation": 270, "texture": "#2"},
				"down": {"uv": [0, 0, 0.25, 0.25], "rotation": 90, "texture": "#2"}
			}
		},
		{
			"from": [9.5, 8.5, 9.14673],
			"to": [9.75, 8.75, 9.39673],
			"rotation": {"angle": -40, "axis": "y", "origin": [9.97173, 9.125, 9.27173]},
			"faces": {
				"north": {"uv": [0, 0, 0.25, 0.25], "texture": "#2"},
				"east": {"uv": [0, 0, 0.25, 0.25], "texture": "#2"},
				"south": {"uv": [0, 0, 0.25, 0.25], "texture": "#2"},
				"west": {"uv": [0, 0, 0.25, 0.25], "texture": "#2"},
				"up": {"uv": [0, 0, 0.25, 0.25], "rotation": 270, "texture": "#2"},
				"down": {"uv": [0, 0, 0.25, 0.25], "rotation": 90, "texture": "#2"}
			}
		},
		{
			"from": [9.5, 8.5, 7],
			"to": [9.75, 8.75, 7.25],
			"rotation": {"angle": -40, "axis": "y", "origin": [9.97173, 9.125, 7.27173]},
			"faces": {
				"north": {"uv": [0, 0, 0.25, 0.25], "texture": "#2"},
				"east": {"uv": [0, 0, 0.25, 0.25], "texture": "#2"},
				"south": {"uv": [0, 0, 0.25, 0.25], "texture": "#2"},
				"west": {"uv": [0, 0, 0.25, 0.25], "texture": "#2"},
				"up": {"uv": [0, 0, 0.25, 0.25], "rotation": 270, "texture": "#2"},
				"down": {"uv": [0, 0, 0.25, 0.25], "rotation": 90, "texture": "#2"}
			}
		},
		{
			"from": [7.5, 8.5, 6],
			"to": [7.75, 8.75, 6.25],
			"rotation": {"angle": -40, "axis": "y", "origin": [7.97173, 9.125, 6.27173]},
			"faces": {
				"north": {"uv": [0, 0, 0.25, 0.25], "texture": "#2"},
				"east": {"uv": [0, 0, 0.25, 0.25], "texture": "#2"},
				"south": {"uv": [0, 0, 0.25, 0.25], "texture": "#2"},
				"west": {"uv": [0, 0, 0.25, 0.25], "texture": "#2"},
				"up": {"uv": [0, 0, 0.25, 0.25], "rotation": 270, "texture": "#2"},
				"down": {"uv": [0, 0, 0.25, 0.25], "rotation": 90, "texture": "#2"}
			}
		},
		{
			"from": [6.07009, 8.5, 8.97715],
			"to": [6.32009, 8.75, 9.22715],
			"rotation": {"angle": -22.5, "axis": "y", "origin": [6.19509, 8.625, 9.10215]},
			"faces": {
				"north": {"uv": [0, 0, 0.25, 0.25], "texture": "#2"},
				"east": {"uv": [0, 0, 0.25, 0.25], "texture": "#2"},
				"south": {"uv": [0, 0, 0.25, 0.25], "texture": "#2"},
				"west": {"uv": [0, 0, 0.25, 0.25], "texture": "#2"},
				"up": {"uv": [0, 0, 0.25, 0.25], "rotation": 270, "texture": "#2"},
				"down": {"uv": [0, 0, 0.25, 0.25], "rotation": 90, "texture": "#2"}
			}
		},
		{
			"from": [7.07009, 9.5, 8.97715],
			"to": [7.32009, 9.75, 9.22715],
			"rotation": {"angle": -12.5, "axis": "y", "origin": [7.19509, 9.625, 9.10215]},
			"faces": {
				"north": {"uv": [0, 0, 0.25, 0.25], "texture": "#2"},
				"east": {"uv": [0, 0, 0.25, 0.25], "texture": "#2"},
				"south": {"uv": [0, 0, 0.25, 0.25], "texture": "#2"},
				"west": {"uv": [0, 0, 0.25, 0.25], "texture": "#2"},
				"up": {"uv": [0, 0, 0.25, 0.25], "rotation": 270, "texture": "#2"},
				"down": {"uv": [0, 0, 0.25, 0.25], "rotation": 90, "texture": "#2"}
			}
		},
		{
			"from": [6.25, 9.5, 7.5],
			"to": [6.5, 9.75, 7.75],
			"rotation": {"angle": -40, "axis": "y", "origin": [6.97173, 9.125, 8.27173]},
			"faces": {
				"north": {"uv": [0, 0, 0.25, 0.25], "texture": "#2"},
				"east": {"uv": [0, 0, 0.25, 0.25], "texture": "#2"},
				"south": {"uv": [0, 0, 0.25, 0.25], "texture": "#2"},
				"west": {"uv": [0, 0, 0.25, 0.25], "texture": "#2"},
				"up": {"uv": [0, 0, 0.25, 0.25], "rotation": 270, "texture": "#2"},
				"down": {"uv": [0, 0, 0.25, 0.25], "rotation": 90, "texture": "#2"}
			}
		},
		{
			"from": [8, 9.5, 7],
			"to": [8.25, 9.75, 7.25],
			"rotation": {"angle": -24, "axis": "y", "origin": [8.97173, 9.125, 8.27173]},
			"faces": {
				"north": {"uv": [0, 0, 0.25, 0.25], "texture": "#2"},
				"east": {"uv": [0, 0, 0.25, 0.25], "texture": "#2"},
				"south": {"uv": [0, 0, 0.25, 0.25], "texture": "#2"},
				"west": {"uv": [0, 0, 0.25, 0.25], "texture": "#2"},
				"up": {"uv": [0, 0, 0.25, 0.25], "rotation": 270, "texture": "#2"},
				"down": {"uv": [0, 0, 0.25, 0.25], "rotation": 90, "texture": "#2"}
			}
		},
		{
			"from": [8.25, 9.5, 8],
			"to": [8.5, 9.75, 8.25],
			"rotation": {"angle": -40, "axis": "y", "origin": [8.97173, 9.125, 9.27173]},
			"faces": {
				"north": {"uv": [0, 0, 0.25, 0.25], "texture": "#2"},
				"east": {"uv": [0, 0, 0.25, 0.25], "texture": "#2"},
				"south": {"uv": [0, 0, 0.25, 0.25], "texture": "#2"},
				"west": {"uv": [0, 0, 0.25, 0.25], "texture": "#2"},
				"up": {"uv": [0, 0, 0.25, 0.25], "rotation": 270, "texture": "#2"},
				"down": {"uv": [0, 0, 0.25, 0.25], "rotation": 90, "texture": "#2"}
			}
		},
		{
			"from": [6.5, 10, 9.25],
			"to": [6.75, 10.25, 9.5],
			"rotation": {"angle": -40, "axis": "y", "origin": [7.97173, 9.125, 9.77173]},
			"faces": {
				"north": {"uv": [0, 0, 0.25, 0.25], "texture": "#2"},
				"east": {"uv": [0, 0, 0.25, 0.25], "texture": "#2"},
				"south": {"uv": [0, 0, 0.25, 0.25], "texture": "#2"},
				"west": {"uv": [0, 0, 0.25, 0.25], "texture": "#2"},
				"up": {"uv": [0, 0, 0.25, 0.25], "rotation": 270, "texture": "#2"},
				"down": {"uv": [0, 0, 0.25, 0.25], "rotation": 90, "texture": "#2"}
			}
		},
		{
			"from": [6.3, 10, 8.45],
			"to": [6.55, 10.25, 8.7],
			"rotation": {"angle": -40, "axis": "y", "origin": [7.77173, 9.125, 8.97173]},
			"faces": {
				"north": {"uv": [0, 0, 0.25, 0.25], "texture": "#2"},
				"east": {"uv": [0, 0, 0.25, 0.25], "texture": "#2"},
				"south": {"uv": [0, 0, 0.25, 0.25], "texture": "#2"},
				"west": {"uv": [0, 0, 0.25, 0.25], "texture": "#2"},
				"up": {"uv": [0, 0, 0.25, 0.25], "rotation": 270, "texture": "#2"},
				"down": {"uv": [0, 0, 0.25, 0.25], "rotation": 90, "texture": "#2"}
			}
		},
		{
			"from": [6.7, 10, 7.75],
			"to": [6.95, 10.25, 8],
			"rotation": {"angle": -40, "axis": "y", "origin": [8.17173, 9.125, 8.27173]},
			"faces": {
				"north": {"uv": [0, 0, 0.25, 0.25], "texture": "#2"},
				"east": {"uv": [0, 0, 0.25, 0.25], "texture": "#2"},
				"south": {"uv": [0, 0, 0.25, 0.25], "texture": "#2"},
				"west": {"uv": [0, 0, 0.25, 0.25], "texture": "#2"},
				"up": {"uv": [0, 0, 0.25, 0.25], "rotation": 270, "texture": "#2"},
				"down": {"uv": [0, 0, 0.25, 0.25], "rotation": 90, "texture": "#2"}
			}
		},
		{
			"from": [6.33806, 9, 8.10866],
			"to": [6.58806, 9.25, 8.35866],
			"rotation": {"angle": 32.5, "axis": "y", "origin": [6.46306, 9.125, 8.23366]},
			"faces": {
				"north": {"uv": [0, 0, 0.25, 0.25], "texture": "#2"},
				"east": {"uv": [0, 0, 0.25, 0.25], "texture": "#2"},
				"south": {"uv": [0, 0, 0.25, 0.25], "texture": "#2"},
				"west": {"uv": [0, 0, 0.25, 0.25], "texture": "#2"},
				"up": {"uv": [0, 0, 0.25, 0.25], "texture": "#2"},
				"down": {"uv": [0, 0, 0.25, 0.25], "texture": "#2"}
			}
		},
		{
			"from": [7.75, 8.5, 9.8],
			"to": [8, 8.75, 10.05],
			"rotation": {"angle": -40, "axis": "y", "origin": [7.97173, 8.125, 10.27173]},
			"faces": {
				"north": {"uv": [0, 0, 0.25, 0.25], "texture": "#2"},
				"east": {"uv": [0, 0, 0.25, 0.25], "texture": "#2"},
				"south": {"uv": [0, 0, 0.25, 0.25], "texture": "#2"},
				"west": {"uv": [0, 0, 0.25, 0.25], "texture": "#2"},
				"up": {"uv": [0, 0, 0.25, 0.25], "rotation": 270, "texture": "#2"},
				"down": {"uv": [0, 0, 0.25, 0.25], "rotation": 90, "texture": "#2"}
			}
		},
		{
			"from": [8.07009, 10, 6.77715],
			"to": [8.32009, 10.25, 7.02715],
			"rotation": {"angle": -20, "axis": "y", "origin": [8.19509, 10.125, 6.90215]},
			"faces": {
				"north": {"uv": [0, 0, 0.25, 0.25], "texture": "#2"},
				"east": {"uv": [0, 0, 0.25, 0.25], "texture": "#2"},
				"south": {"uv": [0, 0, 0.25, 0.25], "texture": "#2"},
				"west": {"uv": [0, 0, 0.25, 0.25], "texture": "#2"},
				"up": {"uv": [0, 0, 0.25, 0.25], "rotation": 270, "texture": "#2"},
				"down": {"uv": [0, 0, 0.25, 0.25], "rotation": 90, "texture": "#2"}
			}
		},
		{
			"from": [8.67009, 10, 7.27715],
			"to": [8.92009, 10.25, 7.52715],
			"rotation": {"angle": 30, "axis": "y", "origin": [8.79509, 10.125, 7.40215]},
			"faces": {
				"north": {"uv": [0, 0, 0.25, 0.25], "texture": "#2"},
				"east": {"uv": [0, 0, 0.25, 0.25], "texture": "#2"},
				"south": {"uv": [0, 0, 0.25, 0.25], "texture": "#2"},
				"west": {"uv": [0, 0, 0.25, 0.25], "texture": "#2"},
				"up": {"uv": [0, 0, 0.25, 0.25], "texture": "#2"},
				"down": {"uv": [0, 0, 0.25, 0.25], "texture": "#2"}
			}
		},
		{
			"from": [8.3, 10, 8.85],
			"to": [8.55, 10.25, 9.1],
			"rotation": {"angle": -40, "axis": "y", "origin": [9.77173, 9.125, 9.37173]},
			"faces": {
				"north": {"uv": [0, 0, 0.25, 0.25], "texture": "#2"},
				"east": {"uv": [0, 0, 0.25, 0.25], "texture": "#2"},
				"south": {"uv": [0, 0, 0.25, 0.25], "texture": "#2"},
				"west": {"uv": [0, 0, 0.25, 0.25], "texture": "#2"},
				"up": {"uv": [0, 0, 0.25, 0.25], "rotation": 270, "texture": "#2"},
				"down": {"uv": [0, 0, 0.25, 0.25], "rotation": 90, "texture": "#2"}
			}
		},
		{
			"from": [8.1, 10, 9.45],
			"to": [8.35, 10.25, 9.7],
			"rotation": {"angle": -40, "axis": "y", "origin": [9.57173, 9.125, 9.97173]},
			"faces": {
				"north": {"uv": [0, 0, 0.25, 0.25], "texture": "#2"},
				"east": {"uv": [0, 0, 0.25, 0.25], "texture": "#2"},
				"south": {"uv": [0, 0, 0.25, 0.25], "texture": "#2"},
				"west": {"uv": [0, 0, 0.25, 0.25], "texture": "#2"},
				"up": {"uv": [0, 0, 0.25, 0.25], "rotation": 270, "texture": "#2"},
				"down": {"uv": [0, 0, 0.25, 0.25], "rotation": 90, "texture": "#2"}
			}
		},
		{
			"from": [8.07009, 10, 8.87715],
			"to": [8.32009, 10.25, 9.12715],
			"rotation": {"angle": -27.5, "axis": "y", "origin": [8.19509, 10.125, 9.00215]},
			"faces": {
				"north": {"uv": [0, 0, 0.25, 0.25], "texture": "#2"},
				"east": {"uv": [0, 0, 0.25, 0.25], "texture": "#2"},
				"south": {"uv": [0, 0, 0.25, 0.25], "texture": "#2"},
				"west": {"uv": [0, 0, 0.25, 0.25], "texture": "#2"},
				"up": {"uv": [0, 0, 0.25, 0.25], "rotation": 270, "texture": "#2"},
				"down": {"uv": [0, 0, 0.25, 0.25], "rotation": 90, "texture": "#2"}
			}
		},
		{
			"from": [7.3, 10.5, 9.35],
			"to": [7.55, 10.75, 9.6],
			"rotation": {"angle": -40, "axis": "y", "origin": [8.77173, 9.625, 9.87173]},
			"faces": {
				"north": {"uv": [0, 0, 0.25, 0.25], "texture": "#2"},
				"east": {"uv": [0, 0, 0.25, 0.25], "texture": "#2"},
				"south": {"uv": [0, 0, 0.25, 0.25], "texture": "#2"},
				"west": {"uv": [0, 0, 0.25, 0.25], "texture": "#2"},
				"up": {"uv": [0, 0, 0.25, 0.25], "rotation": 270, "texture": "#2"},
				"down": {"uv": [0, 0, 0.25, 0.25], "rotation": 90, "texture": "#2"}
			}
		},
		{
			"from": [7.47009, 10.5, 8.47715],
			"to": [7.72009, 10.75, 8.72715],
			"rotation": {"angle": 32.5, "axis": "y", "origin": [7.59509, 10.625, 8.60215]},
			"faces": {
				"north": {"uv": [0, 0, 0.25, 0.25], "texture": "#2"},
				"east": {"uv": [0, 0, 0.25, 0.25], "texture": "#2"},
				"south": {"uv": [0, 0, 0.25, 0.25], "texture": "#2"},
				"west": {"uv": [0, 0, 0.25, 0.25], "texture": "#2"},
				"up": {"uv": [0, 0, 0.25, 0.25], "texture": "#2"},
				"down": {"uv": [0, 0, 0.25, 0.25], "texture": "#2"}
			}
		},
		{
			"from": [6.7, 10.5, 8.35],
			"to": [6.95, 10.75, 8.6],
			"rotation": {"angle": -40, "axis": "y", "origin": [8.17173, 9.625, 8.87173]},
			"faces": {
				"north": {"uv": [0, 0, 0.25, 0.25], "texture": "#2"},
				"east": {"uv": [0, 0, 0.25, 0.25], "texture": "#2"},
				"south": {"uv": [0, 0, 0.25, 0.25], "texture": "#2"},
				"west": {"uv": [0, 0, 0.25, 0.25], "texture": "#2"},
				"up": {"uv": [0, 0, 0.25, 0.25], "rotation": 270, "texture": "#2"},
				"down": {"uv": [0, 0, 0.25, 0.25], "rotation": 90, "texture": "#2"}
			}
		},
		{
			"from": [7.2, 10.5, 7.95],
			"to": [7.45, 10.75, 8.2],
			"rotation": {"angle": -40, "axis": "y", "origin": [8.67173, 9.625, 8.47173]},
			"faces": {
				"north": {"uv": [0, 0, 0.25, 0.25], "texture": "#2"},
				"east": {"uv": [0, 0, 0.25, 0.25], "texture": "#2"},
				"south": {"uv": [0, 0, 0.25, 0.25], "texture": "#2"},
				"west": {"uv": [0, 0, 0.25, 0.25], "texture": "#2"},
				"up": {"uv": [0, 0, 0.25, 0.25], "rotation": 270, "texture": "#2"},
				"down": {"uv": [0, 0, 0.25, 0.25], "rotation": 90, "texture": "#2"}
			}
		},
		{
			"from": [7.9, 10.5, 8.25],
			"to": [8.15, 10.75, 8.5],
			"rotation": {"angle": -40, "axis": "y", "origin": [9.37173, 9.625, 8.77173]},
			"faces": {
				"north": {"uv": [0, 0, 0.25, 0.25], "texture": "#2"},
				"east": {"uv": [0, 0, 0.25, 0.25], "texture": "#2"},
				"south": {"uv": [0, 0, 0.25, 0.25], "texture": "#2"},
				"west": {"uv": [0, 0, 0.25, 0.25], "texture": "#2"},
				"up": {"uv": [0, 0, 0.25, 0.25], "rotation": 270, "texture": "#2"},
				"down": {"uv": [0, 0, 0.25, 0.25], "rotation": 90, "texture": "#2"}
			}
		},
		{
			"from": [8.07009, 11, 7.47715],
			"to": [8.32009, 11.25, 7.72715],
			"rotation": {"angle": 27.5, "axis": "y", "origin": [8.19509, 11.125, 7.60215]},
			"faces": {
				"north": {"uv": [0, 0, 0.25, 0.25], "texture": "#2"},
				"east": {"uv": [0, 0, 0.25, 0.25], "texture": "#2"},
				"south": {"uv": [0, 0, 0.25, 0.25], "texture": "#2"},
				"west": {"uv": [0, 0, 0.25, 0.25], "texture": "#2"},
				"up": {"uv": [0, 0, 0.25, 0.25], "texture": "#2"},
				"down": {"uv": [0, 0, 0.25, 0.25], "texture": "#2"}
			}
		},
		{
			"from": [8.27009, 11, 7.87715],
			"to": [8.52009, 11.25, 8.12715],
			"rotation": {"angle": -10, "axis": "y", "origin": [8.39509, 11.125, 8.00215]},
			"faces": {
				"north": {"uv": [0, 0, 0.25, 0.25], "texture": "#2"},
				"east": {"uv": [0, 0, 0.25, 0.25], "texture": "#2"},
				"south": {"uv": [0, 0, 0.25, 0.25], "texture": "#2"},
				"west": {"uv": [0, 0, 0.25, 0.25], "texture": "#2"},
				"up": {"uv": [0, 0, 0.25, 0.25], "rotation": 270, "texture": "#2"},
				"down": {"uv": [0, 0, 0.25, 0.25], "rotation": 90, "texture": "#2"}
			}
		},
		{
			"from": [7.4, 11, 8.95],
			"to": [7.65, 11.25, 9.2],
			"rotation": {"angle": -40, "axis": "y", "origin": [8.87173, 10.125, 9.47173]},
			"faces": {
				"north": {"uv": [0, 0, 0.25, 0.25], "texture": "#2"},
				"east": {"uv": [0, 0, 0.25, 0.25], "texture": "#2"},
				"south": {"uv": [0, 0, 0.25, 0.25], "texture": "#2"},
				"west": {"uv": [0, 0, 0.25, 0.25], "texture": "#2"},
				"up": {"uv": [0, 0, 0.25, 0.25], "rotation": 270, "texture": "#2"},
				"down": {"uv": [0, 0, 0.25, 0.25], "rotation": 90, "texture": "#2"}
			}
		},
		{
			"from": [7.57009, 11, 7.97715],
			"to": [7.82009, 11.25, 8.22715],
			"rotation": {"angle": -15, "axis": "y", "origin": [7.69509, 11.125, 8.10215]},
			"faces": {
				"north": {"uv": [0, 0, 0.25, 0.25], "texture": "#2"},
				"east": {"uv": [0, 0, 0.25, 0.25], "texture": "#2"},
				"south": {"uv": [0, 0, 0.25, 0.25], "texture": "#2"},
				"west": {"uv": [0, 0, 0.25, 0.25], "texture": "#2"},
				"up": {"uv": [0, 0, 0.25, 0.25], "rotation": 270, "texture": "#2"},
				"down": {"uv": [0, 0, 0.25, 0.25], "rotation": 90, "texture": "#2"}
			}
		},
		{
			"from": [7.2, 11, 8.45],
			"to": [7.45, 11.25, 8.7],
			"rotation": {"angle": -40, "axis": "y", "origin": [8.67173, 10.125, 8.97173]},
			"faces": {
				"north": {"uv": [0, 0, 0.25, 0.25], "texture": "#2"},
				"east": {"uv": [0, 0, 0.25, 0.25], "texture": "#2"},
				"south": {"uv": [0, 0, 0.25, 0.25], "texture": "#2"},
				"west": {"uv": [0, 0, 0.25, 0.25], "texture": "#2"},
				"up": {"uv": [0, 0, 0.25, 0.25], "rotation": 270, "texture": "#2"},
				"down": {"uv": [0, 0, 0.25, 0.25], "rotation": 90, "texture": "#2"}
			}
		},
		{
			"from": [7.5, 9, 10.15],
			"to": [7.75, 9.25, 10.4],
			"rotation": {"angle": -40, "axis": "y", "origin": [8.97173, 8.125, 10.67173]},
			"faces": {
				"north": {"uv": [0, 0, 0.25, 0.25], "texture": "#2"},
				"east": {"uv": [0, 0, 0.25, 0.25], "texture": "#2"},
				"south": {"uv": [0, 0, 0.25, 0.25], "texture": "#2"},
				"west": {"uv": [0, 0, 0.25, 0.25], "texture": "#2"},
				"up": {"uv": [0, 0, 0.25, 0.25], "rotation": 270, "texture": "#2"},
				"down": {"uv": [0, 0, 0.25, 0.25], "rotation": 90, "texture": "#2"}
			}
		},
		{
			"from": [6.77009, 8.5, 9.47715],
			"to": [7.02009, 8.75, 9.72715],
			"rotation": {"angle": -20, "axis": "y", "origin": [6.89509, 8.625, 9.60215]},
			"faces": {
				"north": {"uv": [0, 0, 0.25, 0.25], "texture": "#2"},
				"east": {"uv": [0, 0, 0.25, 0.25], "texture": "#2"},
				"south": {"uv": [0, 0, 0.25, 0.25], "texture": "#2"},
				"west": {"uv": [0, 0, 0.25, 0.25], "texture": "#2"},
				"up": {"uv": [0, 0, 0.25, 0.25], "rotation": 270, "texture": "#2"},
				"down": {"uv": [0, 0, 0.25, 0.25], "rotation": 90, "texture": "#2"}
			}
		}
	],
	"display": {
		"thirdperson_righthand": {
			"rotation": [32, 27, -8],
			"translation": [-0.5, 0.75, -0.5],
			"scale": [0.5, 0.5, 0.5]
		},
		"thirdperson_lefthand": {
			"rotation": [32, 27, -8],
			"translation": [-0.5, 0.75, -0.5],
			"scale": [0.5, 0.5, 0.5]
		},
		"firstperson_righthand": {
			"rotation": [-11, 29, 5],
			"scale": [0.5, 0.5, 0.5]
		},
		"firstperson_lefthand": {
			"rotation": [-11, 29, 5],
			"scale": [0.5, 0.5, 0.5]
		},
		"ground": {
			"translation": [0, 2.5, 0]
		},
		"gui": {
			"rotation": [31, 57, 0],
			"translation": [0, 1.75, 0]
		},
		"fixed": {
			"rotation": [-90, 0, 0],
			"translation": [0, 0, -9],
			"scale": [1.25, 1.25, 1.25]
		}
	},
	"groups": [
		{
			"name": "cake_walls",
			"origin": [7, 1, 7],
			"color": 0,
			"children": [0, 1, 2, 3, 4, 5, 6, 7, 8]
		},
		{
			"name": "handle",
			"origin": [11, 12, 6],
			"color": 0,
			"children": [9, 10, 11, 12, 13]
		},
		{
			"name": "icing",
			"origin": [8, 8, 8],
			"color": 0,
			"children": [14, 15, 16, 17, 18, 19, 20, 21, 22, 23, 24, 25, 26, 27, 28, 29, 30, 31, 32, 33, 34, 35]
		},
		{
			"name": "feet",
			"origin": [9, 0, 9],
			"color": 0,
			"children": [36, 37, 38, 39]
		},
		{
			"name": "sprinkles",
			"origin": [8.125, 9.125, 6.125],
			"color": 0,
			"children": [40, 41, 42, 43, 44, 45, 46, 47, 48, 49, 50, 51, 52, 53, 54, 55, 56, 57, 58, 59, 60, 61, 62, 63, 64, 65, 66, 67, 68, 69, 70, 71, 72, 73, 74, 75, 76]
		}
	]
}