{
	"format_version": "1.21.6",
	"credit": "Made by SHO310",
	"texture_size": [128, 128],
	"textures": {
		"6": "custom:item/sho/stamps/dadman_stamp_128"
	},
	"elements": [
		{
			"name": "stamp",
			"from": [0, 0, 8],
			"to": [16, 16, 8],
			"rotation": {"angle": 0, "axis": "y", "origin": [0, 0, 8]},
			"faces": {
				"north": {"uv": [0, 0, 16, 16], "texture": "#6"},
				"east": {"uv": [0.125, 1, 0.375, 1.25], "texture": "#6"},
				"south": {"uv": [0, 0, 16, 16], "texture": "#6"},
				"west": {"uv": [0.125, 2.375, 0.375, 2.625], "texture": "#6"},
				"up": {"uv": [1.125, 0.125, 1.375, 0.375], "texture": "#6"},
				"down": {"uv": [2.5, 0.125, 2.75, 0.375], "texture": "#6"}
			}
		}
	],
	"gui_light": "front",
	"display": {
		"thirdperson_righthand": {
			"translation": [0, 3, 1.25],
			"scale": [0.49, 0.49, 0.49]
		},
		"thirdperson_lefthand": {
			"translation": [0, 3, 1.25],
			"scale": [0.49, 0.49, 0.49]
		},
		"firstperson_righthand": {
			"rotation": [0, -15, 6],
			"translation": [-0.25, 4.25, 0],
			"scale": [0.64, 0.64, 0.64]
		},
		"firstperson_lefthand": {
			"rotation": [0, -15, 6],
			"translation": [-0.25, 4.25, 0],
			"scale": [0.64, 0.64, 0.64]
		},
		"ground": {
			"translation": [0, 2, 0],
			"scale": [0.5, 0.5, 0.5]
		},
		"gui": {
			"scale": [0.8, 0.8, 0.8]
		},
		"head": {
			"translation": [0, 9.25, 0],
			"scale": [0.35, 0.35, 0.35]
		},
		"fixed": {
			"translation": [0, 0, -0.5]
		},
		"on_shelf": {
			"translation": [0, 0, -3.5]
		}
	}
}