{
  "model": {
    "type": "range_dispatch",
    "property": "custom_model_data",
    "fallback": {
      "type": "model",
      "model": "block/carved_pumpkin"
    },
    "entries": [
      {
        "model": {
          "type": "model",
          "model": "custom:item/sho/hats/beatle_brown"
        },
        "threshold": 100
      },
      {
        "model": {
          "type": "model",
          "model": "custom:item/sho/costumes/costume_wither_skeleton_1"
        },
        "threshold": 101
      },
      {
        "model": {
          "type": "model",
          "model": "custom:item/sho/costumes/costume_wither_skeleton_2"
        },
        "threshold": 102
      },
      {
        "model": {
          "type": "model",
          "model": "custom:item/sho/costumes/costume_creeper_1"
        },
        "threshold": 103
      },
      {
        "model": {
          "type": "model",
          "model": "custom:item/redpalette/akabenihat"
        },
        "threshold": 200
      },
      {
        "model": {
          "type": "model",
          "model": "custom:item/athi/beanie"
        },
        "threshold": 300
      },
      {
        "model": {
          "type": "model",
          "model": "custom:item/athi/nessie_fedora"
        },
        "threshold": 301
      },
      {
        "model": {
          "type": "model",
          "model": "custom:item/james/pink_cowboy_hat"
        },
        "threshold": 500
      },
      {
        "model": {
          "type": "model",
          "model": "custom:item/pixels/pixels_hat"
        },
        "threshold": 600
      },
      {
        "model": {
          "type": "model",
          "model": "custom:item/sho/hats/beatle_olive_green"
        },
        "threshold": 131
      },
      {
        "model": {
          "type": "model",
          "model": "custom:item/sho/christmas_hat/christmas_hat"
        },
        "threshold": 149
      }
    ]
  }
}
