{
  "model": {
    "type": "range_dispatch",
    "property": "custom_model_data",
    "fallback": {
      "type": "model",
      "model": "item/iron_nugget"
    },
    "entries": [
      {
        "model": {
          "type": "model",
          "model": "custom:item/dadmann/pumpkin_coin"
        },
        "threshold": 406
      },
      {
        "model": {
          "type": "model",
          "model": "custom:item/sho/ghost_coin/ghost_coin"
        },
        "threshold": 107
      },
      {
        "model": {
          "type": "model",
          "model": "custom:item/sho/lock/lock"
        },
        "threshold": 123
      },
      {
        "model": {
          "type": "model",
          "model": "custom:item/dadmann/bat_coin"
        },
        "threshold": 407
      },
      {
        "model": {
          "type": "model",
          "model": "custom:item/dadmann/skull_coin"
        },
        "threshold": 408
      },
      {
        "model": {
          "type": "model",
          "model": "custom:item/dadmann/spider_coin"
        },
        "threshold": 409
      },
      {
        "model": {
          "type": "model",
          "model": "custom:item/sho/soul_fragement/flame_green"
        },
        "threshold": 130
      },
      {
        "model": {
          "type": "model",
          "model": "custom:item/pixels/gemstone"
        },
        "threshold": 601
      },
      {
        "model": {
          "type": "model",
          "model": "custom:item/sho/stamps/stamp_vanian_express_hq"
        },
        "threshold": 132
      },
      {
        "model": {
          "type": "model",
          "model": "custom:item/sho/stamps/stamp_vanian_express_sho"
        },
        "threshold": 133
      },
      {
        "model": {
          "type": "model",
          "model": "custom:item/sho/stamps/stamp_vanian_express_pixel"
        },
        "threshold": 134
      },
      {
        "model": {
          "type": "model",
          "model": "custom:item/sho/stamps/stamp_vanian_express_lynnt"
        },
        "threshold": 135
      },
      {
        "model": {
          "type": "model",
          "model": "custom:item/sho/stamps/stamp_vanian_express_mossy"
        },
        "threshold": 136
      },
      {
        "model": {
          "type": "model",
          "model": "custom:item/sho/stamps/stamp_vanian_express_floral"
        },
        "threshold": 137
      },
      {
        "model": {
          "type": "model",
          "model": "custom:item/sho/stamps/stamp_vanian_express_dadman"
        },
        "threshold": 138
      },
      {
        "model": {
          "type": "model",
          "model": "custom:item/sho/stamps/stamp_vanian_express_kiki"
        },
        "threshold": 139
      },
      {
        "model": {
          "type": "model",
          "model": "custom:item/sho/stamps/stamp_vanian_express_james"
        },
        "threshold": 140
      },
      {
        "model": {
          "type": "model",
          "model": "custom:item/sho/stamps/stamp_vanian_express_macy"
        },
        "threshold": 141
      },
      {
        "model": {
          "type": "model",
          "model": "custom:item/sho/stamps/stamp_vanian_express_will"
        },
        "threshold": 142
      }
    ]
  }
}
