{
	"format_version": "1.21.6",
	"credit": "Made with Blockbench",
	"texture_size": [32, 32],
	"textures": {
		"0": "custom:item/dadmann/wrapped_candy/black_wrapper",
		"particle": "custom:item/dadmann/wrapped_candy/black_wrapper"
	},
	"elements": [
		{
			"from": [5, 5, 6],
			"to": [11, 6, 10],
			"rotation": {"angle": 0, "axis": "y", "origin": [4, 0, 7]},
			"faces": {
				"north": {"uv": [7, 4, 10, 4.5], "texture": "#0"},
				"east": {"uv": [0, 8, 2, 8.5], "texture": "#0"},
				"south": {"uv": [7, 4.5, 10, 5], "texture": "#0"},
				"west": {"uv": [8, 0, 10, 0.5], "texture": "#0"},
				"up": {"uv": [7, 4, 4, 2], "texture": "#0"},
				"down": {"uv": [7, 4, 4, 6], "texture": "#0"}
			}
		},
		{
			"from": [11, 5, 6],
			"to": [11.75, 5.75, 10],
			"rotation": {"angle": 0, "axis": "y", "origin": [4, 0, 7]},
			"faces": {
				"north": {"uv": [9.5, 3.5, 10, 4], "texture": "#0"},
				"east": {"uv": [8, 0.5, 10, 1], "texture": "#0"},
				"south": {"uv": [10, 6, 10.5, 6.5], "texture": "#0"},
				"west": {"uv": [8, 1, 10, 1.5], "texture": "#0"},
				"up": {"uv": [2.5, 10, 2, 8], "texture": "#0"},
				"down": {"uv": [3, 8, 2.5, 10], "texture": "#0"}
			}
		},
		{
			"from": [4.25, 5, 6],
			"to": [5, 5.75, 10],
			"rotation": {"angle": 0, "axis": "y", "origin": [4, 0, 7]},
			"faces": {
				"north": {"uv": [10.5, 6, 11, 6.5], "texture": "#0"},
				"east": {"uv": [8, 1.5, 10, 2], "texture": "#0"},
				"south": {"uv": [6.5, 10.5, 7, 11], "texture": "#0"},
				"west": {"uv": [3, 8, 5, 8.5], "texture": "#0"},
				"up": {"uv": [5.5, 10, 5, 8], "texture": "#0"},
				"down": {"uv": [6, 8, 5.5, 10], "texture": "#0"}
			}
		},
		{
			"from": [4, 1, 6],
			"to": [12, 5, 10],
			"rotation": {"angle": 0, "axis": "y", "origin": [4, 0, 7]},
			"faces": {
				"north": {"uv": [0, 0, 4, 2], "texture": "#0"},
				"east": {"uv": [6, 6, 8, 8], "texture": "#0"},
				"south": {"uv": [0, 2, 4, 4], "texture": "#0"},
				"west": {"uv": [7, 2, 9, 4], "texture": "#0"},
				"up": {"uv": [4, 6, 0, 4], "texture": "#0"},
				"down": {"uv": [8, 0, 4, 2], "texture": "#0"}
			}
		},
		{
			"from": [11, 0.25, 6],
			"to": [11.75, 1, 10],
			"rotation": {"angle": 0, "axis": "y", "origin": [4, 0, 7]},
			"faces": {
				"north": {"uv": [10.5, 6.5, 11, 7], "texture": "#0"},
				"east": {"uv": [6, 8, 8, 8.5], "texture": "#0"},
				"south": {"uv": [7, 10.5, 7.5, 11], "texture": "#0"},
				"west": {"uv": [8, 6, 10, 6.5], "texture": "#0"},
				"up": {"uv": [8.5, 8.5, 8, 6.5], "texture": "#0"},
				"down": {"uv": [0.5, 8.5, 0, 10.5], "texture": "#0"}
			}
		},
		{
			"from": [5, 0, 6],
			"to": [11, 1, 10],
			"rotation": {"angle": 0, "axis": "y", "origin": [4, 0, 7]},
			"faces": {
				"north": {"uv": [7, 5, 10, 5.5], "texture": "#0"},
				"east": {"uv": [3, 8.5, 5, 9], "texture": "#0"},
				"south": {"uv": [7, 5.5, 10, 6], "texture": "#0"},
				"west": {"uv": [6, 8.5, 8, 9], "texture": "#0"},
				"up": {"uv": [3, 8, 0, 6], "texture": "#0"},
				"down": {"uv": [6, 6, 3, 8], "texture": "#0"}
			}
		},
		{
			"from": [4.25, 0.25, 6],
			"to": [5, 1, 10],
			"rotation": {"angle": 0, "axis": "y", "origin": [4, 0, 7]},
			"faces": {
				"north": {"uv": [10.5, 7, 11, 7.5], "texture": "#0"},
				"east": {"uv": [8.5, 6.5, 10.5, 7], "texture": "#0"},
				"south": {"uv": [7.5, 10.5, 8, 11], "texture": "#0"},
				"west": {"uv": [8.5, 7, 10.5, 7.5], "texture": "#0"},
				"up": {"uv": [1, 10.5, 0.5, 8.5], "texture": "#0"},
				"down": {"uv": [1.5, 8.5, 1, 10.5], "texture": "#0"}
			}
		},
		{
			"from": [12.5, 2, 7.75],
			"to": [13, 4, 8.25],
			"rotation": {"angle": 0, "axis": "y", "origin": [4.5, 0, 7]},
			"faces": {
				"north": {"uv": [5, 10, 5.5, 11], "texture": "#0"},
				"east": {"uv": [5.5, 10, 6, 11], "texture": "#0"},
				"south": {"uv": [10, 7.5, 10.5, 8.5], "texture": "#0"},
				"west": {"uv": [10, 8.5, 10.5, 9.5], "texture": "#0"},
				"up": {"uv": [11, 8, 10.5, 7.5], "texture": "#0"},
				"down": {"uv": [8.5, 10.5, 8, 11], "texture": "#0"}
			}
		},
		{
			"from": [12, 2.25, 7.75],
			"to": [12.5, 3.75, 8.25],
			"rotation": {"angle": 0, "axis": "y", "origin": [4, 0, 7]},
			"faces": {
				"north": {"uv": [10, 9.5, 10.5, 10.5], "texture": "#0"},
				"east": {"uv": [0, 10.5, 0.5, 11.5], "texture": "#0"},
				"south": {"uv": [10.5, 0, 11, 1], "texture": "#0"},
				"west": {"uv": [0.5, 10.5, 1, 11.5], "texture": "#0"},
				"up": {"uv": [11, 8.5, 10.5, 8], "texture": "#0"},
				"down": {"uv": [11, 8.5, 10.5, 9], "texture": "#0"}
			}
		},
		{
			"from": [13, 1.75, 7.75],
			"to": [13.5, 4.25, 8.25],
			"rotation": {"angle": 0, "axis": "y", "origin": [5, 0, 7]},
			"faces": {
				"north": {"uv": [6, 9, 6.5, 10.5], "texture": "#0"},
				"east": {"uv": [6.5, 9, 7, 10.5], "texture": "#0"},
				"south": {"uv": [7, 9, 7.5, 10.5], "texture": "#0"},
				"west": {"uv": [7.5, 9, 8, 10.5], "texture": "#0"},
				"up": {"uv": [9.5, 11, 9, 10.5], "texture": "#0"},
				"down": {"uv": [11, 9, 10.5, 9.5], "texture": "#0"}
			}
		},
		{
			"from": [13.5, 1.5, 7.75],
			"to": [14, 4.5, 8.25],
			"rotation": {"angle": 0, "axis": "y", "origin": [5.5, 0, 7]},
			"faces": {
				"north": {"uv": [9, 7.5, 9.5, 9], "texture": "#0"},
				"east": {"uv": [9, 9, 9.5, 10.5], "texture": "#0"},
				"south": {"uv": [9.5, 2, 10, 3.5], "texture": "#0"},
				"west": {"uv": [9.5, 7.5, 10, 9], "texture": "#0"},
				"up": {"uv": [10, 11, 9.5, 10.5], "texture": "#0"},
				"down": {"uv": [11, 9.5, 10.5, 10], "texture": "#0"}
			}
		},
		{
			"from": [14, 1.25, 7.75],
			"to": [14.5, 4.75, 8.25],
			"rotation": {"angle": 0, "axis": "y", "origin": [6, 0, 7]},
			"faces": {
				"north": {"uv": [1.5, 8.5, 2, 10.5], "texture": "#0"},
				"east": {"uv": [8.5, 7.5, 9, 9.5], "texture": "#0"},
				"south": {"uv": [8, 8.5, 8.5, 10.5], "texture": "#0"},
				"west": {"uv": [9, 2, 9.5, 4], "texture": "#0"},
				"up": {"uv": [10.5, 11, 10, 10.5], "texture": "#0"},
				"down": {"uv": [11, 10, 10.5, 10.5], "texture": "#0"}
			}
		},
		{
			"from": [3, 2, 7.75],
			"to": [3.5, 4, 8.25],
			"rotation": {"angle": 0, "axis": "y", "origin": [2.75, 3, 8]},
			"faces": {
				"north": {"uv": [1, 10.5, 1.5, 11.5], "texture": "#0"},
				"east": {"uv": [10.5, 1, 11, 2], "texture": "#0"},
				"south": {"uv": [1.5, 10.5, 2, 11.5], "texture": "#0"},
				"west": {"uv": [10.5, 2, 11, 3], "texture": "#0"},
				"up": {"uv": [11, 11, 10.5, 10.5], "texture": "#0"},
				"down": {"uv": [11.5, 0, 11, 0.5], "texture": "#0"}
			}
		},
		{
			"from": [3.5, 2.25, 7.75],
			"to": [4, 3.75, 8.25],
			"rotation": {"angle": 0, "axis": "y", "origin": [2.75, 3, 8]},
			"faces": {
				"north": {"uv": [10.5, 3, 11, 4], "texture": "#0"},
				"east": {"uv": [10.5, 4, 11, 5], "texture": "#0"},
				"south": {"uv": [10.5, 5, 11, 6], "texture": "#0"},
				"west": {"uv": [6, 10.5, 6.5, 11.5], "texture": "#0"},
				"up": {"uv": [11.5, 1, 11, 0.5], "texture": "#0"},
				"down": {"uv": [11.5, 1, 11, 1.5], "texture": "#0"}
			}
		},
		{
			"from": [2.5, 1.75, 7.75],
			"to": [3, 4.25, 8.25],
			"rotation": {"angle": 0, "axis": "y", "origin": [2.75, 3, 8]},
			"faces": {
				"north": {"uv": [8.5, 9.5, 9, 11], "texture": "#0"},
				"east": {"uv": [9.5, 9, 10, 10.5], "texture": "#0"},
				"south": {"uv": [10, 0, 10.5, 1.5], "texture": "#0"},
				"west": {"uv": [10, 1.5, 10.5, 3], "texture": "#0"},
				"up": {"uv": [11.5, 2, 11, 1.5], "texture": "#0"},
				"down": {"uv": [11.5, 2, 11, 2.5], "texture": "#0"}
			}
		},
		{
			"from": [2, 1.5, 7.75],
			"to": [2.5, 4.5, 8.25],
			"rotation": {"angle": 0, "axis": "y", "origin": [2.75, 3, 8]},
			"faces": {
				"north": {"uv": [2, 10, 2.5, 11.5], "texture": "#0"},
				"east": {"uv": [2.5, 10, 3, 11.5], "texture": "#0"},
				"south": {"uv": [10, 3, 10.5, 4.5], "texture": "#0"},
				"west": {"uv": [10, 4.5, 10.5, 6], "texture": "#0"},
				"up": {"uv": [11.5, 3, 11, 2.5], "texture": "#0"},
				"down": {"uv": [3.5, 11, 3, 11.5], "texture": "#0"}
			}
		},
		{
			"from": [1.5, 1.25, 7.75],
			"to": [2, 4.75, 8.25],
			"rotation": {"angle": 0, "axis": "y", "origin": [2.75, 3, 8]},
			"faces": {
				"north": {"uv": [3, 9, 3.5, 11], "texture": "#0"},
				"east": {"uv": [3.5, 9, 4, 11], "texture": "#0"},
				"south": {"uv": [4, 9, 4.5, 11], "texture": "#0"},
				"west": {"uv": [4.5, 9, 5, 11], "texture": "#0"},
				"up": {"uv": [11.5, 3.5, 11, 3], "texture": "#0"},
				"down": {"uv": [4, 11, 3.5, 11.5], "texture": "#0"}
			}
		}
	],
	"display": {
		"thirdperson_righthand": {
			"rotation": [0, -19, 37],
			"translation": [-2, 1.25, 0.25],
			"scale": [0.25, 0.25, 0.25]
		},
		"thirdperson_lefthand": {
			"rotation": [0, -19, 37],
			"translation": [-2, 1.25, 0.25],
			"scale": [0.25, 0.25, 0.25]
		},
		"firstperson_righthand": {
			"rotation": [0, -45, 85],
			"translation": [0, 2.25, 1.5],
			"scale": [0.25, 0.25, 0.25]
		},
		"firstperson_lefthand": {
			"rotation": [0, -45, 85],
			"translation": [0, 2.25, 1.5],
			"scale": [0.25, 0.25, 0.25]
		},
		"ground": {
			"translation": [0, 0.75, 0],
			"scale": [0.25, 0.25, 0.25]
		},
		"gui": {
			"rotation": [0, 0, 45],
			"translation": [-4, 3.25, 0]
		},
		"head": {
			"scale": [0, 0, 0]
		},
		"fixed": {
			"rotation": [-180, 0, 45],
			"translation": [-2.75, -2.75, 0]
		}
	},
	"groups": [
		{
			"name": "body",
			"origin": [4, 0, 7],
			"color": 0,
			"children": [0, 1, 2, 3, 4, 5, 6]
		},
		{
			"name": "wrapper_left",
			"origin": [6, 0, 7],
			"color": 0,
			"children": [7, 8, 9, 10, 11]
		},
		{
			"name": "wrapper_right",
			"origin": [6, 0, 7],
			"color": 0,
			"children": [12, 13, 14, 15, 16]
		}
	]
}