{
	"format_version": "1.21.6",
	"credit": "Made by SHO310",
	"texture_size": [48, 48],
	"textures": {
		"0": "custom:item/sho/christmas_hat/christmas_hat",
		"1": "custom:item/sho/christmas_hat/christmas_hat_outline",
		"particle": "custom:item/sho/christmas_hat/christmas_hat"
	},
	"elements": [
		{
			"name": "white_1",
			"from": [3, 0, 3],
			"to": [13, 4, 13],
			"rotation": {"angle": 0, "axis": "y", "origin": [3, 0, 3]},
			"faces": {
				"north": {"uv": [4.5, 0, 7, 1], "texture": "#0"},
				"east": {"uv": [4.5, 1, 7, 2], "texture": "#0"},
				"south": {"uv": [4.5, 2, 7, 3], "texture": "#0"},
				"west": {"uv": [4.5, 3, 7, 4], "texture": "#0"},
				"up": {"uv": [2.5, 2.5, 0, 0], "texture": "#0"},
				"down": {"uv": [2.5, 2.5, 0, 5], "texture": "#0"}
			}
		},
		{
			"name": "white_2",
			"from": [7, 4, -0.5],
			"to": [9, 7, 2.5],
			"rotation": {"angle": 0, "axis": "y", "origin": [7, 4, -0.5]},
			"faces": {
				"north": {"uv": [2, 5, 2.5, 5.75], "texture": "#0"},
				"east": {"uv": [1.25, 6.25, 2, 7], "texture": "#0"},
				"south": {"uv": [5.25, 7.25, 5.75, 8], "texture": "#0"},
				"west": {"uv": [7.75, 4.5, 8.5, 5.25], "texture": "#0"},
				"up": {"uv": [6.25, 8.5, 5.75, 7.75], "texture": "#0"},
				"down": {"uv": [6.75, 7.75, 6.25, 8.5], "texture": "#0"}
			}
		},
		{
			"name": "red_1",
			"from": [4, 4, 4],
			"to": [12, 7, 12],
			"rotation": {"angle": 0, "axis": "y", "origin": [3, 4, 3]},
			"faces": {
				"north": {"uv": [5.75, 7, 7.75, 7.75], "texture": "#0"},
				"east": {"uv": [1.25, 7.25, 3.25, 8], "texture": "#0"},
				"south": {"uv": [3.25, 7.25, 5.25, 8], "texture": "#0"},
				"west": {"uv": [7.25, 5.25, 9.25, 6], "texture": "#0"},
				"up": {"uv": [4.5, 2, 2.5, 0], "texture": "#0"},
				"down": {"uv": [4.5, 2, 2.5, 4], "texture": "#0"}
			}
		},
		{
			"name": "red_2",
			"from": [4.75, 1.25, 6],
			"to": [11.25, 6.25, 13.5],
			"rotation": {"angle": -40, "axis": "x", "origin": [3, 1.25, 4.75]},
			"faces": {
				"north": {"uv": [4, 6, 5.75, 7.25], "texture": "#0"},
				"east": {"uv": [0, 5, 2, 6.25], "texture": "#0"},
				"south": {"uv": [6, 4, 7.75, 5.25], "texture": "#0"},
				"west": {"uv": [2, 6, 4, 7.25], "texture": "#0"},
				"up": {"uv": [4.25, 6, 2.5, 4], "texture": "#0"},
				"down": {"uv": [6, 4, 4.25, 6], "texture": "#0"}
			}
		},
		{
			"name": "red_3",
			"from": [5.5, 4, 0.25],
			"to": [10.5, 10.5, 4.25],
			"rotation": {"angle": 25, "axis": "x", "origin": [3, 2.25, 4.75]},
			"faces": {
				"north": {"uv": [6, 5.25, 7.25, 7], "texture": "#0"},
				"east": {"uv": [7, 0, 8, 1.75], "texture": "#0"},
				"south": {"uv": [0, 6.25, 1.25, 8], "texture": "#0"},
				"west": {"uv": [7, 1.75, 8, 3.5], "texture": "#0"},
				"up": {"uv": [8.5, 7, 7.25, 6], "texture": "#0"},
				"down": {"uv": [9, 3.5, 7.75, 4.5], "texture": "#0"}
			}
		},
		{
			"name": "white_2",
			"from": [6.75, 3.75, -0.75],
			"to": [9.25, 7.25, -0.75],
			"rotation": {"angle": 0, "axis": "y", "origin": [8, 5.5, -0.75]},
			"faces": {
				"north": {"uv": [7.33333, 9.66667, 8.33333, 11], "texture": "#1"},
				"east": {"uv": [0, 0, 0, 1.33333], "texture": "#1"},
				"south": {"uv": [8.33333, 9.66667, 7.33333, 11], "texture": "#1"},
				"west": {"uv": [0, 0, 0, 1.33333], "texture": "#1"},
				"up": {"uv": [1, 0, 0, 0], "texture": "#1"},
				"down": {"uv": [1, 0, 0, 0], "texture": "#1"}
			}
		},
		{
			"name": "white_2",
			"from": [6.75, 7.25, -0.75],
			"to": [9.25, 7.25, 2.5],
			"rotation": {"angle": 0, "axis": "y", "origin": [8, 7.25, 0.875]},
			"faces": {
				"north": {"uv": [0, 0, 1, 0], "texture": "#1"},
				"east": {"uv": [0, 0, 1, 0], "texture": "#1"},
				"south": {"uv": [0, 0, 1, 0], "texture": "#1"},
				"west": {"uv": [0, 0, 1, 0], "texture": "#1"},
				"up": {"uv": [10.66667, 3.33333, 9.66667, 2.33333], "texture": "#1"},
				"down": {"uv": [10.66667, 2.33333, 9.66667, 3.33333], "texture": "#1"}
			}
		},
		{
			"name": "white_2",
			"from": [6.75, 3.75, -0.75],
			"to": [9.25, 3.75, 2.5],
			"rotation": {"angle": 0, "axis": "y", "origin": [9, 3.75, 0.875]},
			"faces": {
				"north": {"uv": [0, 0, 1, 0], "texture": "#1"},
				"east": {"uv": [0, 0, 1, 0], "texture": "#1"},
				"south": {"uv": [0, 0, 1, 0], "texture": "#1"},
				"west": {"uv": [0, 0, 1, 0], "texture": "#1"},
				"up": {"uv": [11.33333, 5.33333, 10.33333, 4.33333], "texture": "#1"},
				"down": {"uv": [11.33333, 4.33333, 10.33333, 5.33333], "texture": "#1"}
			}
		},
		{
			"name": "white_2",
			"from": [6.75, 3.75, -0.75],
			"to": [6.75, 7.25, 2.5],
			"rotation": {"angle": 0, "axis": "y", "origin": [6.75, 5.5, 0.875]},
			"faces": {
				"north": {"uv": [0, 0, 0, 1.33333], "texture": "#1"},
				"east": {"uv": [1, 10, 0, 11.33333], "texture": "#1"},
				"south": {"uv": [0, 0, 0, 1.33333], "texture": "#1"},
				"west": {"uv": [0, 10, 1, 11.33333], "texture": "#1"},
				"up": {"uv": [0, 1, 0, 0], "texture": "#1"},
				"down": {"uv": [0, 0, 0, 1], "texture": "#1"}
			}
		},
		{
			"name": "white_2",
			"from": [9.25, 3.75, -0.75],
			"to": [9.25, 7.25, 2.5],
			"rotation": {"angle": 0, "axis": "y", "origin": [9.25, 5.5, 0.875]},
			"faces": {
				"north": {"uv": [0, 0, 0, 1.33333], "texture": "#1"},
				"east": {"uv": [1, 10, 2, 11.33333], "texture": "#1"},
				"south": {"uv": [0, 0, 0, 1.33333], "texture": "#1"},
				"west": {"uv": [2, 10, 1, 11.33333], "texture": "#1"},
				"up": {"uv": [0, 1, 0, 0], "texture": "#1"},
				"down": {"uv": [0, 0, 0, 1], "texture": "#1"}
			}
		},
		{
			"name": "red_3",
			"from": [5.25, 4.6292, 2.41186],
			"to": [5.25, 11.3792, 6.66186],
			"rotation": {"angle": 25, "axis": "x", "origin": [5.25, 8.0042, 4.53686]},
			"faces": {
				"north": {"uv": [0, 0, 0, 2.33333], "texture": "#1"},
				"east": {"uv": [2.66667, 7.66667, 1.33333, 10], "texture": "#1"},
				"south": {"uv": [0, 0, 0, 2.33333], "texture": "#1"},
				"west": {"uv": [1.33333, 7.66667, 2.66667, 10], "texture": "#1"},
				"up": {"uv": [0, 1.33333, 0, 0], "texture": "#1"},
				"down": {"uv": [0, 0, 0, 1.33333], "texture": "#1"}
			}
		},
		{
			"name": "red_3",
			"from": [10.75, 4.6292, 2.41186],
			"to": [10.75, 11.3792, 6.66186],
			"rotation": {"angle": 25, "axis": "x", "origin": [10.75, 8.0042, 4.53686]},
			"faces": {
				"north": {"uv": [0, 0, 0, 2.33333], "texture": "#1"},
				"east": {"uv": [2.66667, 7.66667, 4, 10], "texture": "#1"},
				"south": {"uv": [0, 0, 0, 2.33333], "texture": "#1"},
				"west": {"uv": [4, 7.66667, 2.66667, 10], "texture": "#1"},
				"up": {"uv": [0, 1.33333, 0, 0], "texture": "#1"},
				"down": {"uv": [0, 0, 0, 1.33333], "texture": "#1"}
			}
		},
		{
			"name": "red_3",
			"from": [5.25, 5.52726, 2.61096],
			"to": [10.75, 12.27726, 2.61096],
			"rotation": {"angle": 25, "axis": "x", "origin": [8, 8.90226, 2.61096]},
			"faces": {
				"north": {"uv": [0, 5.33333, 2, 7.66667], "texture": "#1"},
				"east": {"uv": [0, 0, 0, 2.33333], "texture": "#1"},
				"south": {"uv": [2, 5.33333, 0, 7.66667], "texture": "#1"},
				"west": {"uv": [0, 0, 0, 2.33333], "texture": "#1"},
				"up": {"uv": [2, 0, 0, 0], "texture": "#1"},
				"down": {"uv": [2, 0, 0, 0], "texture": "#1"}
			}
		},
		{
			"name": "red_3",
			"from": [5.25, 11.16864, 3.86162],
			"to": [10.75, 11.16864, 7.61162],
			"rotation": {"angle": 25, "axis": "x", "origin": [8, 11.16864, 5.73662]},
			"faces": {
				"north": {"uv": [0, 0, 2, 0], "texture": "#1"},
				"east": {"uv": [0, 0, 1.33333, 0], "texture": "#1"},
				"south": {"uv": [0, 0, 2, 0], "texture": "#1"},
				"west": {"uv": [0, 0, 1.33333, 0], "texture": "#1"},
				"up": {"uv": [11.66667, 2.33333, 9.66667, 1], "texture": "#1"},
				"down": {"uv": [9.66667, 1, 11.66667, 2.33333], "texture": "#1"}
			}
		},
		{
			"name": "red_2",
			"from": [11.5, 3.9594, 3.19401],
			"to": [11.5, 8.9594, 10.94401],
			"rotation": {"angle": -40, "axis": "x", "origin": [11.5, 6.4594, 7.06901]},
			"faces": {
				"north": {"uv": [0, 0, 0, 1.66667], "texture": "#1"},
				"east": {"uv": [4, 5.33333, 6.66667, 7], "texture": "#1"},
				"south": {"uv": [0, 0, 0, 1.66667], "texture": "#1"},
				"west": {"uv": [6.66667, 5.33333, 4, 7], "texture": "#1"},
				"up": {"uv": [0, 2.66667, 0, 0], "texture": "#1"},
				"down": {"uv": [0, 0, 0, 2.66667], "texture": "#1"}
			}
		},
		{
			"name": "red_2",
			"from": [4.5, 3.9594, 3.19401],
			"to": [4.5, 8.9594, 10.94401],
			"rotation": {"angle": -40, "axis": "x", "origin": [4.5, 6.4594, 7.06901]},
			"faces": {
				"north": {"uv": [0, 0, 0, 1.66667], "texture": "#1"},
				"east": {"uv": [9.33333, 7, 6.66667, 8.66667], "texture": "#1"},
				"south": {"uv": [0, 0, 0, 1.66667], "texture": "#1"},
				"west": {"uv": [6.66667, 7, 9.33333, 8.66667], "texture": "#1"},
				"up": {"uv": [0, 2.66667, 0, 0], "texture": "#1"},
				"down": {"uv": [0, 0, 0, 2.66667], "texture": "#1"}
			}
		},
		{
			"name": "red_2",
			"from": [4.5, 6.4502, 10.03743],
			"to": [11.5, 11.4502, 10.03743],
			"rotation": {"angle": -40, "axis": "x", "origin": [8, 8.9502, 10.03743]},
			"faces": {
				"north": {"uv": [9.66667, 1.66667, 7.33333, 3.33333], "texture": "#1"},
				"east": {"uv": [0, 0, 0, 1.66667], "texture": "#1"},
				"south": {"uv": [7.33333, 1.66667, 9.66667, 3.33333], "texture": "#1"},
				"west": {"uv": [0, 0, 0, 1.66667], "texture": "#1"},
				"up": {"uv": [2.33333, 0, 0, 0], "texture": "#1"},
				"down": {"uv": [2.33333, 0, 0, 0], "texture": "#1"}
			}
		},
		{
			"name": "red_1",
			"from": [3.75, 4, 12.25],
			"to": [12.25, 7, 12.25],
			"rotation": {"angle": 0, "axis": "y", "origin": [8, 5.5, 12.25]},
			"faces": {
				"north": {"uv": [10.33333, 4.33333, 7.33333, 5.33333], "texture": "#1"},
				"east": {"uv": [0, 0, 0, 1], "texture": "#1"},
				"south": {"uv": [7.33333, 4.33333, 10.33333, 5.33333], "texture": "#1"},
				"west": {"uv": [0, 0, 0, 1], "texture": "#1"},
				"up": {"uv": [3, 0, 0, 0], "texture": "#1"},
				"down": {"uv": [3, 0, 0, 0], "texture": "#1"}
			}
		},
		{
			"name": "red_1",
			"from": [3.75, 4, 3.75],
			"to": [3.75, 7, 12.25],
			"rotation": {"angle": 0, "axis": "y", "origin": [3.75, 5.5, 8]},
			"faces": {
				"north": {"uv": [0, 0, 0, 1], "texture": "#1"},
				"east": {"uv": [11.33333, 8.66667, 8.33333, 9.66667], "texture": "#1"},
				"south": {"uv": [0, 0, 0, 1], "texture": "#1"},
				"west": {"uv": [8.33333, 8.66667, 11.33333, 9.66667], "texture": "#1"},
				"up": {"uv": [0, 3, 0, 0], "texture": "#1"},
				"down": {"uv": [0, 0, 0, 3], "texture": "#1"}
			}
		},
		{
			"name": "red_1",
			"from": [12.25, 4, 3.75],
			"to": [12.25, 7, 12.25],
			"rotation": {"angle": 0, "axis": "y", "origin": [12.25, 5.5, 8]},
			"faces": {
				"north": {"uv": [0, 0, 0, 1], "texture": "#1"},
				"east": {"uv": [9.33333, 5.33333, 12.33333, 6.33333], "texture": "#1"},
				"south": {"uv": [0, 0, 0, 1], "texture": "#1"},
				"west": {"uv": [12.33333, 5.33333, 9.33333, 6.33333], "texture": "#1"},
				"up": {"uv": [0, 3, 0, 0], "texture": "#1"},
				"down": {"uv": [0, 0, 0, 3], "texture": "#1"}
			}
		},
		{
			"name": "red_1",
			"from": [3.75, 4, 3.75],
			"to": [12.25, 7, 3.75],
			"rotation": {"angle": 0, "axis": "y", "origin": [8, 5.5, 3.75]},
			"faces": {
				"north": {"uv": [9.33333, 7.33333, 12.33333, 8.33333], "texture": "#1"},
				"east": {"uv": [0, 0, 0, 1], "texture": "#1"},
				"south": {"uv": [12.33333, 7.33333, 9.33333, 8.33333], "texture": "#1"},
				"west": {"uv": [0, 0, 0, 1], "texture": "#1"},
				"up": {"uv": [3, 0, 0, 0], "texture": "#1"},
				"down": {"uv": [3, 0, 0, 0], "texture": "#1"}
			}
		},
		{
			"name": "white_1",
			"from": [2.75, 0, 13.25],
			"to": [13.25, 4, 13.25],
			"rotation": {"angle": 0, "axis": "y", "origin": [8, 2, 13.25]},
			"faces": {
				"north": {"uv": [3.66667, 1.33333, 0, 2.66667], "texture": "#1"},
				"east": {"uv": [0, 0, 0, 1.33333], "texture": "#1"},
				"south": {"uv": [0, 1.33333, 3.66667, 2.66667], "texture": "#1"},
				"west": {"uv": [0, 0, 0, 1.33333], "texture": "#1"},
				"up": {"uv": [3.66667, 0, 0, 0], "texture": "#1"},
				"down": {"uv": [3.66667, 0, 0, 0], "texture": "#1"}
			}
		},
		{
			"name": "white_1",
			"from": [2.75, 0, 2.75],
			"to": [13.25, 4, 2.75],
			"rotation": {"angle": 0, "axis": "y", "origin": [8, 2, 2.75]},
			"faces": {
				"north": {"uv": [0, 2.66667, 3.66667, 4], "texture": "#1"},
				"east": {"uv": [0, 0, 0, 1.33333], "texture": "#1"},
				"south": {"uv": [3.66667, 2.66667, 0, 4], "texture": "#1"},
				"west": {"uv": [0, 0, 0, 1.33333], "texture": "#1"},
				"up": {"uv": [3.66667, 0, 0, 0], "texture": "#1"},
				"down": {"uv": [3.66667, 0, 0, 0], "texture": "#1"}
			}
		},
		{
			"name": "white_1",
			"from": [13.25, 0, 2.75],
			"to": [13.25, 4, 13.25],
			"rotation": {"angle": 0, "axis": "y", "origin": [13.25, 2, 8]},
			"faces": {
				"north": {"uv": [0, 0, 0, 1.33333], "texture": "#1"},
				"east": {"uv": [3.66667, 1.33333, 7.33333, 2.66667], "texture": "#1"},
				"south": {"uv": [0, 0, 0, 1.33333], "texture": "#1"},
				"west": {"uv": [7.33333, 1.33333, 3.66667, 2.66667], "texture": "#1"},
				"up": {"uv": [0, 3.66667, 0, 0], "texture": "#1"},
				"down": {"uv": [0, 0, 0, 3.66667], "texture": "#1"}
			}
		},
		{
			"name": "white_1",
			"from": [2.75, 0, 2.75],
			"to": [2.75, 4, 13.25],
			"rotation": {"angle": 0, "axis": "y", "origin": [2.75, 2, 8]},
			"faces": {
				"north": {"uv": [0, 0, 0, 1.33333], "texture": "#1"},
				"east": {"uv": [7.33333, 4, 3.66667, 5.33333], "texture": "#1"},
				"south": {"uv": [0, 0, 0, 1.33333], "texture": "#1"},
				"west": {"uv": [3.66667, 4, 7.33333, 5.33333], "texture": "#1"},
				"up": {"uv": [0, 3.66667, 0, 0], "texture": "#1"},
				"down": {"uv": [0, 0, 0, 3.66667], "texture": "#1"}
			}
		}
	],
	"display": {
		"thirdperson_righthand": {
			"rotation": [52, 180, 0],
			"translation": [0, 0, -1.25],
			"scale": [0.55, 0.55, 0.55]
		},
		"thirdperson_lefthand": {
			"rotation": [52, -180, 0],
			"translation": [0, 0, -1.25],
			"scale": [0.55, 0.55, 0.55]
		},
		"firstperson_righthand": {
			"rotation": [0, 180, 0]
		},
		"firstperson_lefthand": {
			"rotation": [0, 180, 0]
		},
		"ground": {
			"translation": [0, 3.5, 0],
			"scale": [0.78, 0.78, 0.78]
		},
		"gui": {
			"rotation": [40, -45, 0],
			"translation": [0, 2.25, 0],
			"scale": [0.8, 0.8, 0.8]
		},
		"head": {
			"rotation": [0, -180, 0],
			"translation": [0, 14.25, 0],
			"scale": [1.5, 1.5, 1.5]
		},
		"fixed": {
			"rotation": [-90, 180, 0],
			"translation": [0, 0, -7]
		}
	},
	"groups": [
		{
			"name": "core",
			"origin": [3, 0, 3],
			"color": 0,
			"children": [0, 1, 2, 3, 4]
		},
		{
			"name": "outline",
			"origin": [3, 0, 3],
			"color": 0,
			"children": [5, 6, 7, 8, 9, 10, 11, 12, 13, 14, 15, 16, 17, 18, 19, 20, 21, 22, 23, 24]
		}
	]
}