{
  "model": {
    "type": "range_dispatch",
    "property": "custom_model_data",
    "fallback": {
      "type": "model",
      "model": "item/amethyst_shard"
    },
    "entries": [
      {
        "model": {
          "type": "model",
          "model": "custom:item/sho/spiritbound_badge/spiritbound_badge_1"
        },
        "threshold": 124
      },
      {
        "model": {
          "type": "model",
          "model": "custom:item/sho/spiritbound_badge/spiritbound_badge_2"
        },
        "threshold": 125
      },
      {
        "model": {
          "type": "model",
          "model": "custom:item/sho/spiritbound_badge/spiritbound_badge_3"
        },
        "threshold": 126
      }
    ]
  }
}
