{
  "model": {
    "type": "range_dispatch",
    "property": "custom_model_data",
    "fallback": {
      "type": "model",
      "model": "item/candle"
    },
    "entries": [
      {
        "model": {
          "type": "model",
          "model": "custom:item/sho/talisman/tier_one_talisman"
        },
        "threshold": 127
      },
      {
        "model": {
          "type": "model",
          "model": "custom:item/sho/talisman/tier_two_talisman"
        },
        "threshold": 128
      },
      {
        "model": {
          "type": "model",
          "model": "custom:item/sho/talisman/tier_three_talisman"
        },
        "threshold": 129
      }
    ]
  }
}
