{
  "model": {
    "type": "range_dispatch",
    "property": "custom_model_data",
    "fallback": {
      "type": "model",
      "model": "item/cooked_porkchop"
    },
    "entries": [
      {
        "model": {
          "type": "model",
          "model": "custom:item/sho/donut_chocolate"
        },
        "threshold": 104
      },
      {
        "model": {
          "type": "model",
          "model": "custom:item/sho/donut_oreo"
        },
        "threshold": 105
      },
      {
        "model": {
          "type": "model",
          "model": "custom:item/sho/donut_pink"
        },
        "threshold": 106
      }
    ]
  }
}
