{
  "model": {
    "type": "range_dispatch",
    "property": "custom_model_data",
    "fallback": {
      "type": "model",
      "model": "item/golden_carrot"
    },
    "entries": [
      {
        "model": {
          "type": "model",
          "model": "custom:item/dadmann/butterbeer"
        },
        "threshold": 400
      },
      {
        "model": {
          "type": "model",
          "model": "custom:item/dadmann/cauldron_cake"
        },
        "threshold": 401
      }
    ]
  }
}
