{
  "model": {
    "type": "range_dispatch",
    "property": "custom_model_data",
    "fallback": {
      "type": "model",
      "model": "item/iron_nugget"
    },
    "entries": [
      {
        "model": {
          "type": "model",
          "model": "custom:item/dadmann/pumpkin_coin"
        },
        "threshold": 406
      },
      {
        "model": {
          "type": "model",
          "model": "custom:item/sho/ghost_coin/ghost_coin"
        },
        "threshold": 107
      },
      {
        "model": {
          "type": "model",
          "model": "custom:item/sho/lock/lock"
        },
        "threshold": 123
      }
    ]
  }
}
