{
	"format_version": "1.21.6",
	"credit": "Made by SHO310",
	"textures": {
		"0": "custom:item/sho/donut_chocolate/dough",
		"2": "custom:item/sho/donut_chocolate/glazure",
		"3": "custom:item/sho/donut_chocolate/chocolate_bits",
		"particle": "custom:item/sho/donut_chocolate/dough"
	},
	"elements": [
		{
			"from": [3, 0, 6],
			"to": [6, 2, 9],
			"rotation": {"angle": 0, "axis": "y", "origin": [3, 0, 3]},
			"faces": {
				"north": {"uv": [3, 6, 4.5, 7], "texture": "#0"},
				"east": {"uv": [6, 4, 7.5, 5], "texture": "#0"},
				"south": {"uv": [6, 5, 7.5, 6], "texture": "#0"},
				"west": {"uv": [6, 6, 7.5, 7], "texture": "#0"},
				"up": {"uv": [6, 5.5, 4.5, 4], "texture": "#0"},
				"down": {"uv": [6, 5.5, 4.5, 7], "texture": "#0"}
			}
		},
		{
			"from": [9, 0, 6],
			"to": [12, 2, 9],
			"rotation": {"angle": 0, "axis": "y", "origin": [9, 0, 3]},
			"faces": {
				"north": {"uv": [3, 7, 4.5, 8], "texture": "#0"},
				"east": {"uv": [4.5, 7, 6, 8], "texture": "#0"},
				"south": {"uv": [6, 7, 7.5, 8], "texture": "#0"},
				"west": {"uv": [0, 7.5, 1.5, 8.5], "texture": "#0"},
				"up": {"uv": [1.5, 7.5, 0, 6], "texture": "#0"},
				"down": {"uv": [3, 6, 1.5, 7.5], "texture": "#0"}
			}
		},
		{
			"from": [3, 0, 3],
			"to": [12, 2, 6],
			"rotation": {"angle": 0, "axis": "y", "origin": [2, 0, 6]},
			"faces": {
				"north": {"uv": [4.5, 0, 9, 1], "texture": "#0"},
				"east": {"uv": [1.5, 7.5, 3, 8.5], "texture": "#0"},
				"south": {"uv": [4.5, 1, 9, 2], "texture": "#0"},
				"west": {"uv": [7.5, 4, 9, 5], "texture": "#0"},
				"up": {"uv": [4.5, 1.5, 0, 0], "texture": "#0"},
				"down": {"uv": [4.5, 1.5, 0, 3], "texture": "#0"}
			}
		},
		{
			"from": [3, 0, 9],
			"to": [12, 2, 12],
			"rotation": {"angle": 0, "axis": "y", "origin": [2, 0, 12]},
			"faces": {
				"north": {"uv": [4.5, 2, 9, 3], "texture": "#0"},
				"east": {"uv": [7.5, 5, 9, 6], "texture": "#0"},
				"south": {"uv": [4.5, 3, 9, 4], "texture": "#0"},
				"west": {"uv": [7.5, 6, 9, 7], "texture": "#0"},
				"up": {"uv": [4.5, 4.5, 0, 3], "texture": "#0"},
				"down": {"uv": [4.5, 4.5, 0, 6], "texture": "#0"}
			}
		},
		{
			"from": [3.75, 2.5, 5.75],
			"to": [4.25, 2.75, 6.75],
			"rotation": {"angle": 0, "axis": "y", "origin": [2, 2.5, 5.25]},
			"faces": {
				"north": {"uv": [0, 0, 1, 1], "texture": "#3"},
				"east": {"uv": [0, 1, 1, 2], "texture": "#3"},
				"south": {"uv": [1, 0, 2, 1], "texture": "#3"},
				"west": {"uv": [1, 1, 2, 2], "texture": "#3"},
				"up": {"uv": [1, 3, 0, 2], "texture": "#3"},
				"down": {"uv": [3, 0, 2, 1], "texture": "#3"}
			}
		},
		{
			"from": [4.75, 2.5, 5.25],
			"to": [5.25, 2.75, 6.25],
			"rotation": {"angle": 0, "axis": "y", "origin": [3, 2.5, 4.75]},
			"faces": {
				"north": {"uv": [1, 2, 2, 3], "texture": "#3"},
				"east": {"uv": [2, 1, 3, 2], "texture": "#3"},
				"south": {"uv": [2, 2, 3, 3], "texture": "#3"},
				"west": {"uv": [0, 3, 1, 4], "texture": "#3"},
				"up": {"uv": [4, 1, 3, 0], "texture": "#3"},
				"down": {"uv": [2, 3, 1, 4], "texture": "#3"}
			}
		},
		{
			"from": [4.5, 2.5, 7.75],
			"to": [5, 2.75, 9],
			"rotation": {"angle": 0, "axis": "y", "origin": [3, 2.5, 7]},
			"faces": {
				"north": {"uv": [3, 1, 4, 2], "texture": "#3"},
				"east": {"uv": [2, 3, 3, 4], "texture": "#3"},
				"south": {"uv": [3, 2, 4, 3], "texture": "#3"},
				"west": {"uv": [3, 3, 4, 4], "texture": "#3"},
				"up": {"uv": [1, 5, 0, 4], "texture": "#3"},
				"down": {"uv": [5, 0, 4, 1], "texture": "#3"}
			}
		},
		{
			"from": [9.5, 2.5, 7],
			"to": [10, 2.75, 8],
			"rotation": {"angle": 0, "axis": "y", "origin": [8, 2.5, 6]},
			"faces": {
				"north": {"uv": [1, 4, 2, 5], "texture": "#3"},
				"east": {"uv": [4, 1, 5, 2], "texture": "#3"},
				"south": {"uv": [2, 4, 3, 5], "texture": "#3"},
				"west": {"uv": [4, 2, 5, 3], "texture": "#3"},
				"up": {"uv": [4, 5, 3, 4], "texture": "#3"},
				"down": {"uv": [5, 3, 4, 4], "texture": "#3"}
			}
		},
		{
			"from": [10.5, 2.5, 5.75],
			"to": [11, 2.75, 7],
			"rotation": {"angle": 0, "axis": "y", "origin": [9, 2.5, 5]},
			"faces": {
				"north": {"uv": [4, 4, 5, 5], "texture": "#3"},
				"east": {"uv": [0, 5, 1, 6], "texture": "#3"},
				"south": {"uv": [5, 0, 6, 1], "texture": "#3"},
				"west": {"uv": [1, 5, 2, 6], "texture": "#3"},
				"up": {"uv": [6, 2, 5, 1], "texture": "#3"},
				"down": {"uv": [3, 5, 2, 6], "texture": "#3"}
			}
		},
		{
			"from": [10.5, 2.5, 10.5],
			"to": [11, 2.75, 11.5],
			"rotation": {"angle": 0, "axis": "y", "origin": [9, 2.5, 10]},
			"faces": {
				"north": {"uv": [5, 2, 6, 3], "texture": "#3"},
				"east": {"uv": [3, 5, 4, 6], "texture": "#3"},
				"south": {"uv": [5, 3, 6, 4], "texture": "#3"},
				"west": {"uv": [4, 5, 5, 6], "texture": "#3"},
				"up": {"uv": [6, 5, 5, 4], "texture": "#3"},
				"down": {"uv": [6, 5, 5, 6], "texture": "#3"}
			}
		},
		{
			"from": [5.5, 2.5, 10.5],
			"to": [6, 2.75, 11.5],
			"rotation": {"angle": 0, "axis": "y", "origin": [4, 2.5, 10]},
			"faces": {
				"north": {"uv": [0, 6, 1, 7], "texture": "#3"},
				"east": {"uv": [6, 0, 7, 1], "texture": "#3"},
				"south": {"uv": [1, 6, 2, 7], "texture": "#3"},
				"west": {"uv": [6, 1, 7, 2], "texture": "#3"},
				"up": {"uv": [3, 7, 2, 6], "texture": "#3"},
				"down": {"uv": [7, 2, 6, 3], "texture": "#3"}
			}
		},
		{
			"from": [6.5, 2.5, 3.5],
			"to": [7, 2.75, 4.75],
			"rotation": {"angle": 0, "axis": "y", "origin": [5, 2.5, 3]},
			"faces": {
				"north": {"uv": [3, 6, 4, 7], "texture": "#3"},
				"east": {"uv": [6, 3, 7, 4], "texture": "#3"},
				"south": {"uv": [4, 6, 5, 7], "texture": "#3"},
				"west": {"uv": [6, 4, 7, 5], "texture": "#3"},
				"up": {"uv": [6, 7, 5, 6], "texture": "#3"},
				"down": {"uv": [7, 5, 6, 6], "texture": "#3"}
			}
		},
		{
			"from": [4.5, 2.5, 4],
			"to": [5.5, 2.75, 4.5],
			"rotation": {"angle": 0, "axis": "y", "origin": [4, 2.5, 6]},
			"faces": {
				"north": {"uv": [6, 6, 7, 7], "texture": "#3"},
				"east": {"uv": [0, 7, 1, 8], "texture": "#3"},
				"south": {"uv": [7, 0, 8, 1], "texture": "#3"},
				"west": {"uv": [1, 7, 2, 8], "texture": "#3"},
				"up": {"uv": [8, 2, 7, 1], "texture": "#3"},
				"down": {"uv": [3, 7, 2, 8], "texture": "#3"}
			}
		},
		{
			"from": [3.5, 2.5, 10],
			"to": [4.5, 2.75, 10.5],
			"rotation": {"angle": 0, "axis": "y", "origin": [3, 2.5, 12]},
			"faces": {
				"north": {"uv": [7, 2, 8, 3], "texture": "#3"},
				"east": {"uv": [3, 7, 4, 8], "texture": "#3"},
				"south": {"uv": [7, 3, 8, 4], "texture": "#3"},
				"west": {"uv": [4, 7, 5, 8], "texture": "#3"},
				"up": {"uv": [8, 5, 7, 4], "texture": "#3"},
				"down": {"uv": [6, 7, 5, 8], "texture": "#3"}
			}
		},
		{
			"from": [7.75, 2.5, 10.75],
			"to": [9, 2.75, 11.25],
			"rotation": {"angle": 0, "axis": "y", "origin": [7, 2.5, 13]},
			"faces": {
				"north": {"uv": [7, 5, 8, 6], "texture": "#3"},
				"east": {"uv": [6, 7, 7, 8], "texture": "#3"},
				"south": {"uv": [7, 6, 8, 7], "texture": "#3"},
				"west": {"uv": [7, 7, 8, 8], "texture": "#3"},
				"up": {"uv": [1, 9, 0, 8], "texture": "#3"},
				"down": {"uv": [9, 0, 8, 1], "texture": "#3"}
			}
		},
		{
			"from": [6.5, 2.5, 9.75],
			"to": [7.75, 2.75, 10.25],
			"rotation": {"angle": 0, "axis": "y", "origin": [6, 2.5, 12]},
			"faces": {
				"north": {"uv": [1, 8, 2, 9], "texture": "#3"},
				"east": {"uv": [8, 1, 9, 2], "texture": "#3"},
				"south": {"uv": [2, 8, 3, 9], "texture": "#3"},
				"west": {"uv": [8, 2, 9, 3], "texture": "#3"},
				"up": {"uv": [4, 9, 3, 8], "texture": "#3"},
				"down": {"uv": [9, 3, 8, 4], "texture": "#3"}
			}
		},
		{
			"from": [10.25, 2.5, 9],
			"to": [11, 2.75, 9.5],
			"rotation": {"angle": 0, "axis": "y", "origin": [9, 2.5, 11]},
			"faces": {
				"north": {"uv": [4, 8, 5, 9], "texture": "#3"},
				"east": {"uv": [8, 4, 9, 5], "texture": "#3"},
				"south": {"uv": [5, 8, 6, 9], "texture": "#3"},
				"west": {"uv": [8, 5, 9, 6], "texture": "#3"},
				"up": {"uv": [7, 9, 6, 8], "texture": "#3"},
				"down": {"uv": [9, 6, 8, 7], "texture": "#3"}
			}
		},
		{
			"from": [8.5, 2.5, 5],
			"to": [9.25, 2.75, 5.5],
			"rotation": {"angle": 0, "axis": "y", "origin": [8, 2.5, 7]},
			"faces": {
				"north": {"uv": [7, 8, 8, 9], "texture": "#3"},
				"east": {"uv": [8, 7, 9, 8], "texture": "#3"},
				"south": {"uv": [8, 8, 9, 9], "texture": "#3"},
				"west": {"uv": [0, 9, 1, 10], "texture": "#3"},
				"up": {"uv": [10, 1, 9, 0], "texture": "#3"},
				"down": {"uv": [2, 9, 1, 10], "texture": "#3"}
			}
		},
		{
			"from": [7.5, 2.5, 3.75],
			"to": [8.5, 2.75, 4.25],
			"rotation": {"angle": 0, "axis": "y", "origin": [7, 2.5, 5.75]},
			"faces": {
				"north": {"uv": [9, 1, 10, 2], "texture": "#3"},
				"east": {"uv": [2, 9, 3, 10], "texture": "#3"},
				"south": {"uv": [9, 2, 10, 3], "texture": "#3"},
				"west": {"uv": [3, 9, 4, 10], "texture": "#3"},
				"up": {"uv": [10, 4, 9, 3], "texture": "#3"},
				"down": {"uv": [5, 9, 4, 10], "texture": "#3"}
			}
		},
		{
			"from": [9.5, 2.5, 4],
			"to": [10.5, 2.75, 4.5],
			"rotation": {"angle": 0, "axis": "y", "origin": [9, 2.5, 6]},
			"faces": {
				"north": {"uv": [9, 4, 10, 5], "texture": "#3"},
				"east": {"uv": [5, 9, 6, 10], "texture": "#3"},
				"south": {"uv": [9, 5, 10, 6], "texture": "#3"},
				"west": {"uv": [6, 9, 7, 10], "texture": "#3"},
				"up": {"uv": [10, 7, 9, 6], "texture": "#3"},
				"down": {"uv": [8, 9, 7, 10], "texture": "#3"}
			}
		},
		{
			"from": [3, 2, 3],
			"to": [12, 2.5, 6],
			"rotation": {"angle": 0, "axis": "y", "origin": [2, 2, 6]},
			"faces": {
				"north": {"uv": [4.5, 0, 9, 0.5], "texture": "#2"},
				"east": {"uv": [1.5, 6, 3, 6.5], "texture": "#2"},
				"south": {"uv": [4.5, 0.5, 9, 1], "texture": "#2"},
				"west": {"uv": [6, 2, 7.5, 2.5], "texture": "#2"},
				"up": {"uv": [4.5, 1.5, 0, 0], "texture": "#2"},
				"down": {"uv": [4.5, 1.5, 0, 3], "texture": "#2"}
			}
		},
		{
			"from": [3, 2, 9],
			"to": [12, 2.5, 12],
			"rotation": {"angle": 0, "axis": "y", "origin": [2, 2, 12]},
			"faces": {
				"north": {"uv": [4.5, 1, 9, 1.5], "texture": "#2"},
				"east": {"uv": [6, 2.5, 7.5, 3], "texture": "#2"},
				"south": {"uv": [4.5, 1.5, 9, 2], "texture": "#2"},
				"west": {"uv": [3, 6, 4.5, 6.5], "texture": "#2"},
				"up": {"uv": [4.5, 4.5, 0, 3], "texture": "#2"},
				"down": {"uv": [4.5, 4.5, 0, 6], "texture": "#2"}
			}
		},
		{
			"from": [9, 2, 6],
			"to": [12, 2.5, 9],
			"rotation": {"angle": 0, "axis": "y", "origin": [0, 2, 11]},
			"faces": {
				"north": {"uv": [6, 3, 7.5, 3.5], "texture": "#2"},
				"east": {"uv": [6, 3.5, 7.5, 4], "texture": "#2"},
				"south": {"uv": [6, 4, 7.5, 4.5], "texture": "#2"},
				"west": {"uv": [6, 4.5, 7.5, 5], "texture": "#2"},
				"up": {"uv": [6, 3.5, 4.5, 2], "texture": "#2"},
				"down": {"uv": [6, 3.5, 4.5, 5], "texture": "#2"}
			}
		},
		{
			"from": [3, 2, 6],
			"to": [6, 2.5, 9],
			"rotation": {"angle": 0, "axis": "y", "origin": [-6, 2, 11]},
			"faces": {
				"north": {"uv": [6, 5, 7.5, 5.5], "texture": "#2"},
				"east": {"uv": [6, 5.5, 7.5, 6], "texture": "#2"},
				"south": {"uv": [6, 6, 7.5, 6.5], "texture": "#2"},
				"west": {"uv": [1.5, 6.5, 3, 7], "texture": "#2"},
				"up": {"uv": [6, 6.5, 4.5, 5], "texture": "#2"},
				"down": {"uv": [1.5, 6, 0, 7.5], "texture": "#2"}
			}
		}
	],
	"display": {
		"thirdperson_righthand": {
			"translation": [0.25, 3.5, 0],
			"scale": [0.5, 0.5, 0.5]
		},
		"thirdperson_lefthand": {
			"translation": [-0.25, 3.5, 0],
			"scale": [0.5, 0.5, 0.5]
		},
		"firstperson_righthand": {
			"rotation": [7, 43, 0],
			"translation": [4, 4.25, 0]
		},
		"firstperson_lefthand": {
			"rotation": [7, 43, 0],
			"translation": [4, 4.25, 0]
		},
		"ground": {
			"translation": [0, 3.5, 0],
			"scale": [0.8, 0.8, 0.8]
		},
		"gui": {
			"rotation": [36, 47, 0],
			"translation": [0.75, 5, 0]
		},
		"head": {
			"translation": [0, 14.5, 0]
		},
		"fixed": {
			"rotation": [-90, 0, 0],
			"translation": [0, 0, -7]
		}
	},
	"groups": [
		{
			"name": "dough",
			"origin": [8, 8, 8],
			"color": 0,
			"children": [0, 1, 2, 3]
		},
		{
			"name": "topping",
			"origin": [8, 8, 8],
			"color": 0,
			"children": [4, 5, 6, 7, 8, 9, 10, 11, 12, 13, 14, 15, 16, 17, 18, 19]
		},
		{
			"name": "glazing",
			"origin": [8, 8, 8],
			"color": 0,
			"children": [20, 21, 22, 23]
		}
	]
}