{
	"format_version": "1.21.6",
	"credit": "Made with Blockbench",
	"texture_size": [32, 32],
	"textures": {
		"0": "custom:item/dadmann/bat_coin/coin",
		"1": "custom:item/dadmann/bat_coin/rim",
		"2": "custom:item/dadmann/bat_coin/bat",
		"particle": "custom:item/dadmann/bat_coin/coin"
	},
	"elements": [
		{
			"from": [2, 2, 7.5],
			"to": [14, 14, 8.5],
			"faces": {
				"north": {"uv": [0, 0, 1.5, 1.5], "texture": "#0"},
				"east": {"uv": [1.25, 4.25, 1.375, 5.75], "texture": "#0"},
				"south": {"uv": [0, 1.5, 1.5, 3], "texture": "#0"},
				"west": {"uv": [4.875, 3.125, 5, 4.625], "texture": "#0"},
				"up": {"uv": [6.375, 1.125, 4.875, 1], "texture": "#0"},
				"down": {"uv": [6.375, 4.625, 4.875, 4.75], "texture": "#0"}
			}
		},
		{
			"from": [1.8, 1.9, 7.5],
			"to": [2, 14.1, 8.5],
			"rotation": {"angle": 0, "axis": "y", "origin": [8, 8, 8]},
			"faces": {
				"north": {"uv": [4.875, 4.75, 5, 6.25], "texture": "#0"},
				"east": {"uv": [5, 1.125, 5.125, 2.625], "texture": "#0"},
				"south": {"uv": [1.375, 5, 1.5, 6.5], "texture": "#0"},
				"west": {"uv": [1.5, 5, 1.625, 6.5], "texture": "#0"},
				"up": {"uv": [4.75, 1.25, 4.625, 1.125], "texture": "#0"},
				"down": {"uv": [6.5, 1, 6.375, 1.125], "texture": "#0"}
			}
		},
		{
			"from": [1.6, 2.1, 7.5],
			"to": [1.8, 13.8, 8.5],
			"rotation": {"angle": 0, "axis": "y", "origin": [8, 8, 8]},
			"faces": {
				"north": {"uv": [1.625, 5, 1.75, 6.5], "texture": "#0"},
				"east": {"uv": [1.75, 5, 1.875, 6.5], "texture": "#0"},
				"south": {"uv": [1.875, 5, 2, 6.5], "texture": "#0"},
				"west": {"uv": [2, 5, 2.125, 6.5], "texture": "#0"},
				"up": {"uv": [7.125, 7, 7, 6.875], "texture": "#0"},
				"down": {"uv": [7.75, 4.5, 7.625, 4.625], "texture": "#0"}
			}
		},
		{
			"from": [1.4, 2.4, 7.5],
			"to": [1.6, 13.6, 8.5],
			"rotation": {"angle": 0, "axis": "y", "origin": [8, 8, 8]},
			"faces": {
				"north": {"uv": [5, 4.75, 5.125, 6.125], "texture": "#0"},
				"east": {"uv": [5.125, 1.125, 5.25, 2.5], "texture": "#0"},
				"south": {"uv": [2.125, 5.125, 2.25, 6.5], "texture": "#0"},
				"west": {"uv": [2.25, 5.125, 2.375, 6.5], "texture": "#0"},
				"up": {"uv": [7.75, 4.75, 7.625, 4.625], "texture": "#0"},
				"down": {"uv": [7.75, 4.75, 7.625, 4.875], "texture": "#0"}
			}
		},
		{
			"from": [1.2, 2.6, 7.5],
			"to": [1.4, 13.4, 8.5],
			"rotation": {"angle": 0, "axis": "y", "origin": [8, 8, 8]},
			"faces": {
				"north": {"uv": [2.375, 5.125, 2.5, 6.5], "texture": "#0"},
				"east": {"uv": [2.5, 5.125, 2.625, 6.5], "texture": "#0"},
				"south": {"uv": [2.625, 5.125, 2.75, 6.5], "texture": "#0"},
				"west": {"uv": [2.75, 5.125, 2.875, 6.5], "texture": "#0"},
				"up": {"uv": [7.75, 5, 7.625, 4.875], "texture": "#0"},
				"down": {"uv": [7.75, 5, 7.625, 5.125], "texture": "#0"}
			}
		},
		{
			"from": [1, 2.9, 7.5],
			"to": [1.2, 13.1, 8.5],
			"rotation": {"angle": 0, "axis": "y", "origin": [8, 8, 8]},
			"faces": {
				"north": {"uv": [5.375, 1.25, 5.5, 2.5], "texture": "#0"},
				"east": {"uv": [5.25, 5.375, 5.375, 6.625], "texture": "#0"},
				"south": {"uv": [5.375, 5.375, 5.5, 6.625], "texture": "#0"},
				"west": {"uv": [0, 5.5, 0.125, 6.75], "texture": "#0"},
				"up": {"uv": [7.75, 5.25, 7.625, 5.125], "texture": "#0"},
				"down": {"uv": [5.375, 7.625, 5.25, 7.75], "texture": "#0"}
			}
		},
		{
			"from": [0, 5, 7.5],
			"to": [0.2, 11, 8.5],
			"rotation": {"angle": 0, "axis": "y", "origin": [8, 8, 8]},
			"faces": {
				"north": {"uv": [1.375, 3, 1.5, 3.75], "texture": "#0"},
				"east": {"uv": [6.875, 6.25, 7, 7], "texture": "#0"},
				"south": {"uv": [6.5, 6.875, 6.625, 7.625], "texture": "#0"},
				"west": {"uv": [6.625, 6.875, 6.75, 7.625], "texture": "#0"},
				"up": {"uv": [5.5, 7.75, 5.375, 7.625], "texture": "#0"},
				"down": {"uv": [7.75, 5.375, 7.625, 5.5], "texture": "#0"}
			}
		},
		{
			"from": [-0.2, 5.7, 7.5],
			"to": [0, 10.3, 8.5],
			"rotation": {"angle": 0, "axis": "y", "origin": [8, 8, 8]},
			"faces": {
				"north": {"uv": [7.125, 6.875, 7.25, 7.5], "texture": "#0"},
				"east": {"uv": [7.25, 5.375, 7.375, 6], "texture": "#0"},
				"south": {"uv": [7.25, 6, 7.375, 6.625], "texture": "#0"},
				"west": {"uv": [7.25, 6.625, 7.375, 7.25], "texture": "#0"},
				"up": {"uv": [5.625, 7.75, 5.5, 7.625], "texture": "#0"},
				"down": {"uv": [7.75, 5.5, 7.625, 5.625], "texture": "#0"}
			}
		},
		{
			"from": [-0.4, 6.3, 7.5],
			"to": [-0.2, 9.7, 8.5],
			"rotation": {"angle": 0, "axis": "y", "origin": [8, 8, 8]},
			"faces": {
				"north": {"uv": [4.75, 3.125, 4.875, 3.5], "texture": "#0"},
				"east": {"uv": [6.375, 7.375, 6.5, 7.75], "texture": "#0"},
				"south": {"uv": [7.375, 6.625, 7.5, 7], "texture": "#0"},
				"west": {"uv": [6.875, 7.375, 7, 7.75], "texture": "#0"},
				"up": {"uv": [5.75, 7.75, 5.625, 7.625], "texture": "#0"},
				"down": {"uv": [7.75, 5.625, 7.625, 5.75], "texture": "#0"}
			}
		},
		{
			"from": [0.2, 4.5, 7.5],
			"to": [0.4, 11.5, 8.5],
			"rotation": {"angle": 0, "axis": "y", "origin": [8, 8, 8]},
			"faces": {
				"north": {"uv": [1.125, 6.75, 1.25, 7.625], "texture": "#0"},
				"east": {"uv": [6.75, 1.125, 6.875, 2], "texture": "#0"},
				"south": {"uv": [6.75, 2.625, 6.875, 3.5], "texture": "#0"},
				"west": {"uv": [3.5, 6.75, 3.625, 7.625], "texture": "#0"},
				"up": {"uv": [5.875, 7.75, 5.75, 7.625], "texture": "#0"},
				"down": {"uv": [7.75, 5.75, 7.625, 5.875], "texture": "#0"}
			}
		},
		{
			"from": [0.4, 4, 7.5],
			"to": [0.6, 12, 8.5],
			"rotation": {"angle": 0, "axis": "y", "origin": [8, 8, 8]},
			"faces": {
				"north": {"uv": [2.25, 6.625, 2.375, 7.625], "texture": "#0"},
				"east": {"uv": [2.375, 6.625, 2.5, 7.625], "texture": "#0"},
				"south": {"uv": [2.5, 6.625, 2.625, 7.625], "texture": "#0"},
				"west": {"uv": [2.625, 6.625, 2.75, 7.625], "texture": "#0"},
				"up": {"uv": [6, 7.75, 5.875, 7.625], "texture": "#0"},
				"down": {"uv": [7.75, 5.875, 7.625, 6], "texture": "#0"}
			}
		},
		{
			"from": [0.6, 3.6, 7.5],
			"to": [0.8, 12.4, 8.5],
			"rotation": {"angle": 0, "axis": "y", "origin": [8, 8, 8]},
			"faces": {
				"north": {"uv": [6.5, 0, 6.625, 1.125], "texture": "#0"},
				"east": {"uv": [1.5, 6.5, 1.625, 7.625], "texture": "#0"},
				"south": {"uv": [1.625, 6.5, 1.75, 7.625], "texture": "#0"},
				"west": {"uv": [1.75, 6.5, 1.875, 7.625], "texture": "#0"},
				"up": {"uv": [6.125, 7.75, 6, 7.625], "texture": "#0"},
				"down": {"uv": [7.75, 6, 7.625, 6.125], "texture": "#0"}
			}
		},
		{
			"from": [0.8, 3.2, 7.5],
			"to": [1, 12.8, 8.5],
			"rotation": {"angle": 0, "axis": "y", "origin": [8, 8, 8]},
			"faces": {
				"north": {"uv": [0.125, 5.5, 0.25, 6.75], "texture": "#0"},
				"east": {"uv": [0.25, 5.5, 0.375, 6.75], "texture": "#0"},
				"south": {"uv": [0.375, 5.5, 0.5, 6.75], "texture": "#0"},
				"west": {"uv": [0.5, 5.5, 0.625, 6.75], "texture": "#0"},
				"up": {"uv": [6.25, 7.75, 6.125, 7.625], "texture": "#0"},
				"down": {"uv": [7.75, 6.125, 7.625, 6.25], "texture": "#0"}
			}
		},
		{
			"from": [1.9, 14, 7.5],
			"to": [14.1, 14.2, 8.5],
			"rotation": {"angle": 0, "axis": "y", "origin": [8, 8, 8]},
			"faces": {
				"north": {"uv": [2.125, 5, 3.625, 5.125], "texture": "#0"},
				"east": {"uv": [6.25, 7.625, 6.375, 7.75], "texture": "#0"},
				"south": {"uv": [5, 2.625, 6.5, 2.75], "texture": "#0"},
				"west": {"uv": [7.625, 6.25, 7.75, 6.375], "texture": "#0"},
				"up": {"uv": [6.5, 2.875, 5, 2.75], "texture": "#0"},
				"down": {"uv": [6.5, 2.875, 5, 3], "texture": "#0"}
			}
		},
		{
			"from": [2.1, 14.2, 7.5],
			"to": [13.8, 14.4, 8.5],
			"rotation": {"angle": 0, "axis": "y", "origin": [8, 8, 8]},
			"faces": {
				"north": {"uv": [5, 3, 6.5, 3.125], "texture": "#0"},
				"east": {"uv": [7.625, 6.375, 7.75, 6.5], "texture": "#0"},
				"south": {"uv": [5, 3.125, 6.5, 3.25], "texture": "#0"},
				"west": {"uv": [6.5, 7.625, 6.625, 7.75], "texture": "#0"},
				"up": {"uv": [6.5, 3.375, 5, 3.25], "texture": "#0"},
				"down": {"uv": [6.5, 3.375, 5, 3.5], "texture": "#0"}
			}
		},
		{
			"from": [2.4, 14.4, 7.5],
			"to": [13.6, 14.6, 8.5],
			"rotation": {"angle": 0, "axis": "y", "origin": [8, 8, 8]},
			"faces": {
				"north": {"uv": [5, 4.5, 6.375, 4.625], "texture": "#0"},
				"east": {"uv": [7.625, 6.5, 7.75, 6.625], "texture": "#0"},
				"south": {"uv": [5.125, 0, 6.5, 0.125], "texture": "#0"},
				"west": {"uv": [6.625, 7.625, 6.75, 7.75], "texture": "#0"},
				"up": {"uv": [6.5, 0.25, 5.125, 0.125], "texture": "#0"},
				"down": {"uv": [6.5, 0.25, 5.125, 0.375], "texture": "#0"}
			}
		},
		{
			"from": [2.6, 14.6, 7.5],
			"to": [13.4, 14.8, 8.5],
			"rotation": {"angle": 0, "axis": "y", "origin": [8, 8, 8]},
			"faces": {
				"north": {"uv": [5.125, 0.375, 6.5, 0.5], "texture": "#0"},
				"east": {"uv": [7.625, 6.625, 7.75, 6.75], "texture": "#0"},
				"south": {"uv": [5.125, 0.5, 6.5, 0.625], "texture": "#0"},
				"west": {"uv": [6.75, 7.625, 6.875, 7.75], "texture": "#0"},
				"up": {"uv": [6.5, 0.75, 5.125, 0.625], "texture": "#0"},
				"down": {"uv": [6.5, 0.75, 5.125, 0.875], "texture": "#0"}
			}
		},
		{
			"from": [2.9, 14.8, 7.5],
			"to": [13.1, 15, 8.5],
			"rotation": {"angle": 0, "axis": "y", "origin": [8, 8, 8]},
			"faces": {
				"north": {"uv": [5.5, 1.25, 6.75, 1.375], "texture": "#0"},
				"east": {"uv": [7.625, 6.75, 7.75, 6.875], "texture": "#0"},
				"south": {"uv": [5.5, 1.375, 6.75, 1.5], "texture": "#0"},
				"west": {"uv": [7.625, 6.875, 7.75, 7], "texture": "#0"},
				"up": {"uv": [6.75, 1.625, 5.5, 1.5], "texture": "#0"},
				"down": {"uv": [6.75, 1.625, 5.5, 1.75], "texture": "#0"}
			}
		},
		{
			"from": [5, 15.8, 7.5],
			"to": [11, 16, 8.5],
			"rotation": {"angle": 0, "axis": "y", "origin": [8, 8, 8]},
			"faces": {
				"north": {"uv": [6.75, 2.375, 7.5, 2.5], "texture": "#0"},
				"east": {"uv": [7.5, 7.625, 7.625, 7.75], "texture": "#0"},
				"south": {"uv": [6.75, 3.5, 7.5, 3.625], "texture": "#0"},
				"west": {"uv": [7.625, 7.625, 7.75, 7.75], "texture": "#0"},
				"up": {"uv": [7.625, 4.25, 6.875, 4.125], "texture": "#0"},
				"down": {"uv": [7.625, 4.25, 6.875, 4.375], "texture": "#0"}
			}
		},
		{
			"from": [5.7, 16, 7.5],
			"to": [10.3, 16.2, 8.5],
			"rotation": {"angle": 0, "axis": "y", "origin": [8, 8, 8]},
			"faces": {
				"north": {"uv": [7, 1.875, 7.625, 2], "texture": "#0"},
				"east": {"uv": [0, 7.75, 0.125, 7.875], "texture": "#0"},
				"south": {"uv": [7, 3.375, 7.625, 3.5], "texture": "#0"},
				"west": {"uv": [7.75, 0, 7.875, 0.125], "texture": "#0"},
				"up": {"uv": [7.75, 3.125, 7.125, 3], "texture": "#0"},
				"down": {"uv": [7.75, 3.125, 7.125, 3.25], "texture": "#0"}
			}
		},
		{
			"from": [6.3, 16.2, 7.5],
			"to": [9.7, 16.4, 8.5],
			"rotation": {"angle": 0, "axis": "y", "origin": [8, 8, 8]},
			"faces": {
				"north": {"uv": [7.375, 2.875, 7.75, 3], "texture": "#0"},
				"east": {"uv": [0.125, 7.75, 0.25, 7.875], "texture": "#0"},
				"south": {"uv": [7.375, 7, 7.75, 7.125], "texture": "#0"},
				"west": {"uv": [7.75, 0.125, 7.875, 0.25], "texture": "#0"},
				"up": {"uv": [7.75, 7.25, 7.375, 7.125], "texture": "#0"},
				"down": {"uv": [7.75, 7.25, 7.375, 7.375], "texture": "#0"}
			}
		},
		{
			"from": [4.5, 15.6, 7.5],
			"to": [11.5, 15.8, 8.5],
			"rotation": {"angle": 0, "axis": "y", "origin": [8, 8, 8]},
			"faces": {
				"north": {"uv": [6.625, 4.75, 7.5, 4.875], "texture": "#0"},
				"east": {"uv": [0.25, 7.75, 0.375, 7.875], "texture": "#0"},
				"south": {"uv": [6.625, 4.875, 7.5, 5], "texture": "#0"},
				"west": {"uv": [7.75, 0.25, 7.875, 0.375], "texture": "#0"},
				"up": {"uv": [7.5, 5.125, 6.625, 5], "texture": "#0"},
				"down": {"uv": [7.5, 5.125, 6.625, 5.25], "texture": "#0"}
			}
		},
		{
			"from": [4, 15.4, 7.5],
			"to": [12, 15.6, 8.5],
			"rotation": {"angle": 0, "axis": "y", "origin": [8, 8, 8]},
			"faces": {
				"north": {"uv": [6.625, 0.375, 7.625, 0.5], "texture": "#0"},
				"east": {"uv": [0.375, 7.75, 0.5, 7.875], "texture": "#0"},
				"south": {"uv": [6.625, 0.5, 7.625, 0.625], "texture": "#0"},
				"west": {"uv": [0.5, 7.75, 0.625, 7.875], "texture": "#0"},
				"up": {"uv": [7.625, 0.75, 6.625, 0.625], "texture": "#0"},
				"down": {"uv": [7.625, 0.75, 6.625, 0.875], "texture": "#0"}
			}
		},
		{
			"from": [3.6, 15.2, 7.5],
			"to": [12.4, 15.4, 8.5],
			"rotation": {"angle": 0, "axis": "y", "origin": [8, 8, 8]},
			"faces": {
				"north": {"uv": [6.375, 4.5, 7.5, 4.625], "texture": "#0"},
				"east": {"uv": [7.75, 0.5, 7.875, 0.625], "texture": "#0"},
				"south": {"uv": [6.375, 4.625, 7.5, 4.75], "texture": "#0"},
				"west": {"uv": [0.625, 7.75, 0.75, 7.875], "texture": "#0"},
				"up": {"uv": [3, 6.625, 1.875, 6.5], "texture": "#0"},
				"down": {"uv": [7.625, 2.5, 6.5, 2.625], "texture": "#0"}
			}
		},
		{
			"from": [3.2, 15, 7.5],
			"to": [12.8, 15.2, 8.5],
			"rotation": {"angle": 0, "axis": "y", "origin": [8, 8, 8]},
			"faces": {
				"north": {"uv": [5.5, 1.75, 6.75, 1.875], "texture": "#0"},
				"east": {"uv": [7.75, 0.625, 7.875, 0.75], "texture": "#0"},
				"south": {"uv": [5.5, 1.875, 6.75, 2], "texture": "#0"},
				"west": {"uv": [0.75, 7.75, 0.875, 7.875], "texture": "#0"},
				"up": {"uv": [6.75, 2.125, 5.5, 2], "texture": "#0"},
				"down": {"uv": [6.75, 2.125, 5.5, 2.25], "texture": "#0"}
			}
		},
		{
			"from": [14, 1.9, 7.5],
			"to": [14.2, 14.1, 8.5],
			"rotation": {"angle": 0, "axis": "y", "origin": [8, 8, 8]},
			"faces": {
				"north": {"uv": [3.625, 5, 3.75, 6.5], "texture": "#0"},
				"east": {"uv": [3.75, 5, 3.875, 6.5], "texture": "#0"},
				"south": {"uv": [3.875, 5, 4, 6.5], "texture": "#0"},
				"west": {"uv": [4, 5, 4.125, 6.5], "texture": "#0"},
				"up": {"uv": [7.875, 0.875, 7.75, 0.75], "texture": "#0"},
				"down": {"uv": [1, 7.75, 0.875, 7.875], "texture": "#0"}
			}
		},
		{
			"from": [14.2, 2.2, 7.5],
			"to": [14.4, 13.9, 8.5],
			"rotation": {"angle": 0, "axis": "y", "origin": [8, 8, 8]},
			"faces": {
				"north": {"uv": [4.125, 5, 4.25, 6.5], "texture": "#0"},
				"east": {"uv": [4.25, 5, 4.375, 6.5], "texture": "#0"},
				"south": {"uv": [4.375, 5, 4.5, 6.5], "texture": "#0"},
				"west": {"uv": [4.5, 5, 4.625, 6.5], "texture": "#0"},
				"up": {"uv": [7.875, 1, 7.75, 0.875], "texture": "#0"},
				"down": {"uv": [1.125, 7.75, 1, 7.875], "texture": "#0"}
			}
		},
		{
			"from": [14.4, 2.4, 7.5],
			"to": [14.6, 13.6, 8.5],
			"rotation": {"angle": 0, "axis": "y", "origin": [8, 8, 8]},
			"faces": {
				"north": {"uv": [2.875, 5.125, 3, 6.5], "texture": "#0"},
				"east": {"uv": [3, 5.125, 3.125, 6.5], "texture": "#0"},
				"south": {"uv": [3.125, 5.125, 3.25, 6.5], "texture": "#0"},
				"west": {"uv": [3.25, 5.125, 3.375, 6.5], "texture": "#0"},
				"up": {"uv": [7.875, 1.125, 7.75, 1], "texture": "#0"},
				"down": {"uv": [7.875, 1.125, 7.75, 1.25], "texture": "#0"}
			}
		},
		{
			"from": [14.6, 2.6, 7.5],
			"to": [14.8, 13.4, 8.5],
			"rotation": {"angle": 0, "axis": "y", "origin": [8, 8, 8]},
			"faces": {
				"north": {"uv": [3.375, 5.125, 3.5, 6.5], "texture": "#0"},
				"east": {"uv": [3.5, 5.125, 3.625, 6.5], "texture": "#0"},
				"south": {"uv": [5.125, 4.75, 5.25, 6.125], "texture": "#0"},
				"west": {"uv": [5.25, 1.125, 5.375, 2.5], "texture": "#0"},
				"up": {"uv": [1.375, 7.875, 1.25, 7.75], "texture": "#0"},
				"down": {"uv": [1.5, 7.75, 1.375, 7.875], "texture": "#0"}
			}
		},
		{
			"from": [14.8, 2.9, 7.5],
			"to": [15, 13.1, 8.5],
			"rotation": {"angle": 0, "axis": "y", "origin": [8, 8, 8]},
			"faces": {
				"north": {"uv": [0.625, 5.5, 0.75, 6.75], "texture": "#0"},
				"east": {"uv": [0.75, 5.5, 0.875, 6.75], "texture": "#0"},
				"south": {"uv": [0.875, 5.5, 1, 6.75], "texture": "#0"},
				"west": {"uv": [1, 5.5, 1.125, 6.75], "texture": "#0"},
				"up": {"uv": [2, 7.875, 1.875, 7.75], "texture": "#0"},
				"down": {"uv": [2.125, 7.75, 2, 7.875], "texture": "#0"}
			}
		},
		{
			"from": [15.8, 5, 7.5],
			"to": [16, 11, 8.5],
			"rotation": {"angle": 0, "axis": "y", "origin": [8, 8, 8]},
			"faces": {
				"north": {"uv": [6.75, 6.875, 6.875, 7.625], "texture": "#0"},
				"east": {"uv": [7, 1.125, 7.125, 1.875], "texture": "#0"},
				"south": {"uv": [1.25, 7, 1.375, 7.75], "texture": "#0"},
				"west": {"uv": [7, 2.625, 7.125, 3.375], "texture": "#0"},
				"up": {"uv": [2.25, 7.875, 2.125, 7.75], "texture": "#0"},
				"down": {"uv": [7.875, 2.125, 7.75, 2.25], "texture": "#0"}
			}
		},
		{
			"from": [16, 5.7, 7.5],
			"to": [16.2, 10.3, 8.5],
			"rotation": {"angle": 0, "axis": "y", "origin": [8, 8, 8]},
			"faces": {
				"north": {"uv": [7.25, 7.25, 7.375, 7.875], "texture": "#0"},
				"east": {"uv": [7.375, 1.125, 7.5, 1.75], "texture": "#0"},
				"south": {"uv": [5, 7.375, 5.125, 8], "texture": "#0"},
				"west": {"uv": [5.125, 7.375, 5.25, 8], "texture": "#0"},
				"up": {"uv": [7.875, 2.375, 7.75, 2.25], "texture": "#0"},
				"down": {"uv": [7.875, 2.875, 7.75, 3], "texture": "#0"}
			}
		},
		{
			"from": [16.2, 6.3, 7.5],
			"to": [16.4, 9.7, 8.5],
			"rotation": {"angle": 0, "axis": "y", "origin": [8, 8, 8]},
			"faces": {
				"north": {"uv": [7, 7.375, 7.125, 7.75], "texture": "#0"},
				"east": {"uv": [7.375, 7.375, 7.5, 7.75], "texture": "#0"},
				"south": {"uv": [7.5, 1.125, 7.625, 1.5], "texture": "#0"},
				"west": {"uv": [7.5, 4.5, 7.625, 4.875], "texture": "#0"},
				"up": {"uv": [7.875, 3.125, 7.75, 3], "texture": "#0"},
				"down": {"uv": [7.875, 3.125, 7.75, 3.25], "texture": "#0"}
			}
		},
		{
			"from": [15.6, 4.5, 7.5],
			"to": [15.8, 11.5, 8.5],
			"rotation": {"angle": 0, "axis": "y", "origin": [8, 8, 8]},
			"faces": {
				"north": {"uv": [3.625, 6.75, 3.75, 7.625], "texture": "#0"},
				"east": {"uv": [3.75, 6.75, 3.875, 7.625], "texture": "#0"},
				"south": {"uv": [3.875, 6.75, 4, 7.625], "texture": "#0"},
				"west": {"uv": [4, 6.75, 4.125, 7.625], "texture": "#0"},
				"up": {"uv": [7.875, 3.375, 7.75, 3.25], "texture": "#0"},
				"down": {"uv": [7.875, 3.625, 7.75, 3.75], "texture": "#0"}
			}
		},
		{
			"from": [15.4, 4, 7.5],
			"to": [15.6, 12, 8.5],
			"rotation": {"angle": 0, "axis": "y", "origin": [8, 8, 8]},
			"faces": {
				"north": {"uv": [6.625, 2.625, 6.75, 3.625], "texture": "#0"},
				"east": {"uv": [2.75, 6.625, 2.875, 7.625], "texture": "#0"},
				"south": {"uv": [2.875, 6.625, 3, 7.625], "texture": "#0"},
				"west": {"uv": [3.375, 6.625, 3.5, 7.625], "texture": "#0"},
				"up": {"uv": [7.875, 3.875, 7.75, 3.75], "texture": "#0"},
				"down": {"uv": [7.875, 3.875, 7.75, 4], "texture": "#0"}
			}
		},
		{
			"from": [15.2, 3.6, 7.5],
			"to": [15.4, 12.4, 8.5],
			"rotation": {"angle": 0, "axis": "y", "origin": [8, 8, 8]},
			"faces": {
				"north": {"uv": [6.5, 2.625, 6.625, 3.75], "texture": "#0"},
				"east": {"uv": [3, 6.5, 3.125, 7.625], "texture": "#0"},
				"south": {"uv": [3.125, 6.5, 3.25, 7.625], "texture": "#0"},
				"west": {"uv": [3.25, 6.5, 3.375, 7.625], "texture": "#0"},
				"up": {"uv": [7.875, 4.125, 7.75, 4], "texture": "#0"},
				"down": {"uv": [4.375, 7.75, 4.25, 7.875], "texture": "#0"}
			}
		},
		{
			"from": [15, 3.2, 7.5],
			"to": [15.2, 12.8, 8.5],
			"rotation": {"angle": 0, "axis": "y", "origin": [8, 8, 8]},
			"faces": {
				"north": {"uv": [1.125, 5.5, 1.25, 6.75], "texture": "#0"},
				"east": {"uv": [5.5, 5.375, 5.625, 6.625], "texture": "#0"},
				"south": {"uv": [4.625, 5.625, 4.75, 6.875], "texture": "#0"},
				"west": {"uv": [4.75, 5.625, 4.875, 6.875], "texture": "#0"},
				"up": {"uv": [7.875, 4.375, 7.75, 4.25], "texture": "#0"},
				"down": {"uv": [4.5, 7.75, 4.375, 7.875], "texture": "#0"}
			}
		},
		{
			"from": [1.9, 1.8, 7.5],
			"to": [14.1, 2, 8.5],
			"rotation": {"angle": 0, "axis": "y", "origin": [8, 8, 8]},
			"faces": {
				"north": {"uv": [5, 3.5, 6.5, 3.625], "texture": "#0"},
				"east": {"uv": [7.75, 4.375, 7.875, 4.5], "texture": "#0"},
				"south": {"uv": [5, 3.625, 6.5, 3.75], "texture": "#0"},
				"west": {"uv": [7.75, 4.5, 7.875, 4.625], "texture": "#0"},
				"up": {"uv": [6.5, 3.875, 5, 3.75], "texture": "#0"},
				"down": {"uv": [6.5, 3.875, 5, 4], "texture": "#0"}
			}
		},
		{
			"from": [2.2, 1.6, 7.5],
			"to": [13.9, 1.8, 8.5],
			"rotation": {"angle": 0, "axis": "y", "origin": [8, 8, 8]},
			"faces": {
				"north": {"uv": [5, 4, 6.5, 4.125], "texture": "#0"},
				"east": {"uv": [4.625, 7.75, 4.75, 7.875], "texture": "#0"},
				"south": {"uv": [5, 4.125, 6.5, 4.25], "texture": "#0"},
				"west": {"uv": [7.75, 4.625, 7.875, 4.75], "texture": "#0"},
				"up": {"uv": [6.5, 4.375, 5, 4.25], "texture": "#0"},
				"down": {"uv": [6.5, 4.375, 5, 4.5], "texture": "#0"}
			}
		},
		{
			"from": [2.4, 1.4, 7.5],
			"to": [13.6, 1.6, 8.5],
			"rotation": {"angle": 0, "axis": "y", "origin": [8, 8, 8]},
			"faces": {
				"north": {"uv": [5.125, 0.875, 6.5, 1], "texture": "#0"},
				"east": {"uv": [4.75, 7.75, 4.875, 7.875], "texture": "#0"},
				"south": {"uv": [5.125, 2.5, 6.5, 2.625], "texture": "#0"},
				"west": {"uv": [7.75, 4.75, 7.875, 4.875], "texture": "#0"},
				"up": {"uv": [6.625, 4.875, 5.25, 4.75], "texture": "#0"},
				"down": {"uv": [6.625, 4.875, 5.25, 5], "texture": "#0"}
			}
		},
		{
			"from": [2.6, 1.2, 7.5],
			"to": [13.4, 1.4, 8.5],
			"rotation": {"angle": 0, "axis": "y", "origin": [8, 8, 8]},
			"faces": {
				"north": {"uv": [5.25, 5, 6.625, 5.125], "texture": "#0"},
				"east": {"uv": [7.75, 4.875, 7.875, 5], "texture": "#0"},
				"south": {"uv": [5.25, 5.125, 6.625, 5.25], "texture": "#0"},
				"west": {"uv": [7.75, 5, 7.875, 5.125], "texture": "#0"},
				"up": {"uv": [6.625, 5.375, 5.25, 5.25], "texture": "#0"},
				"down": {"uv": [6.75, 1.125, 5.375, 1.25], "texture": "#0"}
			}
		},
		{
			"from": [2.9, 1, 7.5],
			"to": [13.1, 1.2, 8.5],
			"rotation": {"angle": 0, "axis": "y", "origin": [8, 8, 8]},
			"faces": {
				"north": {"uv": [5.5, 2.25, 6.75, 2.375], "texture": "#0"},
				"east": {"uv": [7.75, 5.125, 7.875, 5.25], "texture": "#0"},
				"south": {"uv": [5.5, 2.375, 6.75, 2.5], "texture": "#0"},
				"west": {"uv": [5.25, 7.75, 5.375, 7.875], "texture": "#0"},
				"up": {"uv": [6.875, 5.5, 5.625, 5.375], "texture": "#0"},
				"down": {"uv": [6.875, 5.5, 5.625, 5.625], "texture": "#0"}
			}
		},
		{
			"from": [5, 0, 7.5],
			"to": [11, 0.2, 8.5],
			"rotation": {"angle": 0, "axis": "y", "origin": [8, 8, 8]},
			"faces": {
				"north": {"uv": [6.875, 4.375, 7.625, 4.5], "texture": "#0"},
				"east": {"uv": [5.375, 7.75, 5.5, 7.875], "texture": "#0"},
				"south": {"uv": [7, 0, 7.75, 0.125], "texture": "#0"},
				"west": {"uv": [7.75, 5.375, 7.875, 5.5], "texture": "#0"},
				"up": {"uv": [7.75, 0.25, 7, 0.125], "texture": "#0"},
				"down": {"uv": [7.75, 0.25, 7, 0.375], "texture": "#0"}
			}
		},
		{
			"from": [5.7, -0.2, 7.5],
			"to": [10.3, 0, 8.5],
			"rotation": {"angle": 0, "axis": "y", "origin": [8, 8, 8]},
			"faces": {
				"north": {"uv": [7.125, 3.25, 7.75, 3.375], "texture": "#0"},
				"east": {"uv": [5.5, 7.75, 5.625, 7.875], "texture": "#0"},
				"south": {"uv": [7.375, 1.75, 8, 1.875], "texture": "#0"},
				"west": {"uv": [7.75, 5.5, 7.875, 5.625], "texture": "#0"},
				"up": {"uv": [8, 2.75, 7.375, 2.625], "texture": "#0"},
				"down": {"uv": [8, 2.75, 7.375, 2.875], "texture": "#0"}
			}
		},
		{
			"from": [6.3, -0.4, 7.5],
			"to": [9.7, -0.2, 8.5],
			"rotation": {"angle": 0, "axis": "y", "origin": [8, 8, 8]},
			"faces": {
				"north": {"uv": [7.5, 1.5, 7.875, 1.625], "texture": "#0"},
				"east": {"uv": [5.625, 7.75, 5.75, 7.875], "texture": "#0"},
				"south": {"uv": [7.5, 1.625, 7.875, 1.75], "texture": "#0"},
				"west": {"uv": [7.75, 5.625, 7.875, 5.75], "texture": "#0"},
				"up": {"uv": [7.875, 2.5, 7.5, 2.375], "texture": "#0"},
				"down": {"uv": [7.875, 3.5, 7.5, 3.625], "texture": "#0"}
			}
		},
		{
			"from": [4.5, 0.2, 7.5],
			"to": [11.5, 0.4, 8.5],
			"rotation": {"angle": 0, "axis": "y", "origin": [8, 8, 8]},
			"faces": {
				"north": {"uv": [6.625, 5.25, 7.5, 5.375], "texture": "#0"},
				"east": {"uv": [5.75, 7.75, 5.875, 7.875], "texture": "#0"},
				"south": {"uv": [6.75, 2, 7.625, 2.125], "texture": "#0"},
				"west": {"uv": [7.75, 5.75, 7.875, 5.875], "texture": "#0"},
				"up": {"uv": [7.625, 2.25, 6.75, 2.125], "texture": "#0"},
				"down": {"uv": [7.625, 2.25, 6.75, 2.375], "texture": "#0"}
			}
		},
		{
			"from": [4, 0.4, 7.5],
			"to": [12, 0.6, 8.5],
			"rotation": {"angle": 0, "axis": "y", "origin": [8, 8, 8]},
			"faces": {
				"north": {"uv": [6.625, 0.875, 7.625, 1], "texture": "#0"},
				"east": {"uv": [5.875, 7.75, 6, 7.875], "texture": "#0"},
				"south": {"uv": [6.625, 1, 7.625, 1.125], "texture": "#0"},
				"west": {"uv": [7.75, 5.875, 7.875, 6], "texture": "#0"},
				"up": {"uv": [4.5, 6.75, 3.5, 6.625], "texture": "#0"},
				"down": {"uv": [7.625, 3.625, 6.625, 3.75], "texture": "#0"}
			}
		},
		{
			"from": [3.6, 0.6, 7.5],
			"to": [12.4, 0.8, 8.5],
			"rotation": {"angle": 0, "axis": "y", "origin": [8, 8, 8]},
			"faces": {
				"north": {"uv": [3.375, 6.5, 4.5, 6.625], "texture": "#0"},
				"east": {"uv": [6, 7.75, 6.125, 7.875], "texture": "#0"},
				"south": {"uv": [6.5, 3.75, 7.625, 3.875], "texture": "#0"},
				"west": {"uv": [7.75, 6, 7.875, 6.125], "texture": "#0"},
				"up": {"uv": [7.625, 4, 6.5, 3.875], "texture": "#0"},
				"down": {"uv": [7.625, 4, 6.5, 4.125], "texture": "#0"}
			}
		},
		{
			"from": [3.2, 0.8, 7.5],
			"to": [12.8, 1, 8.5],
			"rotation": {"angle": 0, "axis": "y", "origin": [8, 8, 8]},
			"faces": {
				"north": {"uv": [5.625, 5.625, 6.875, 5.75], "texture": "#0"},
				"east": {"uv": [6.125, 7.75, 6.25, 7.875], "texture": "#0"},
				"south": {"uv": [5.625, 5.75, 6.875, 5.875], "texture": "#0"},
				"west": {"uv": [7.75, 6.125, 7.875, 6.25], "texture": "#0"},
				"up": {"uv": [6.875, 6, 5.625, 5.875], "texture": "#0"},
				"down": {"uv": [6.875, 6, 5.625, 6.125], "texture": "#0"}
			}
		},
		{
			"from": [1.8, 1.9, 7.25],
			"to": [2, 2.3, 8.75],
			"rotation": {"angle": 0, "axis": "y", "origin": [8, 8, 8]},
			"faces": {
				"north": {"uv": [6.25, 7.75, 6.375, 7.875], "texture": "#1"},
				"east": {"uv": [7.75, 6.25, 7.875, 6.375], "texture": "#1"},
				"south": {"uv": [6.375, 7.75, 6.5, 7.875], "texture": "#1"},
				"west": {"uv": [7.75, 6.375, 7.875, 6.5], "texture": "#1"},
				"up": {"uv": [6.625, 7.875, 6.5, 7.75], "texture": "#1"},
				"down": {"uv": [7.875, 6.5, 7.75, 6.625], "texture": "#1"}
			}
		},
		{
			"from": [1.2, 12.9, 7.25],
			"to": [1.4, 13.4, 8.75],
			"rotation": {"angle": 0, "axis": "y", "origin": [8, 18.3, 8]},
			"faces": {
				"north": {"uv": [6.625, 7.75, 6.75, 7.875], "texture": "#1"},
				"east": {"uv": [7.75, 6.625, 7.875, 6.75], "texture": "#1"},
				"south": {"uv": [6.75, 7.75, 6.875, 7.875], "texture": "#1"},
				"west": {"uv": [7.75, 6.75, 7.875, 6.875], "texture": "#1"},
				"up": {"uv": [7, 7.875, 6.875, 7.75], "texture": "#1"},
				"down": {"uv": [7.875, 6.875, 7.75, 7], "texture": "#1"}
			}
		},
		{
			"from": [1.4, 13.2, 7.25],
			"to": [1.6, 13.6, 8.75],
			"rotation": {"angle": 0, "axis": "y", "origin": [8, 18.8, 8]},
			"faces": {
				"north": {"uv": [7, 7.75, 7.125, 7.875], "texture": "#1"},
				"east": {"uv": [7.75, 7, 7.875, 7.125], "texture": "#1"},
				"south": {"uv": [7.75, 7.125, 7.875, 7.25], "texture": "#1"},
				"west": {"uv": [7.75, 7.25, 7.875, 7.375], "texture": "#1"},
				"up": {"uv": [7.5, 7.875, 7.375, 7.75], "texture": "#1"},
				"down": {"uv": [7.625, 7.75, 7.5, 7.875], "texture": "#1"}
			}
		},
		{
			"from": [1.6, 13.3, 7.25],
			"to": [1.8, 13.8, 8.75],
			"rotation": {"angle": 0, "axis": "y", "origin": [8, 19.2, 8]},
			"faces": {
				"north": {"uv": [7.625, 7.75, 7.75, 7.875], "texture": "#1"},
				"east": {"uv": [7.75, 7.625, 7.875, 7.75], "texture": "#1"},
				"south": {"uv": [7.75, 7.75, 7.875, 7.875], "texture": "#1"},
				"west": {"uv": [0, 7.875, 0.125, 8], "texture": "#1"},
				"up": {"uv": [8, 0.125, 7.875, 0], "texture": "#1"},
				"down": {"uv": [0.25, 7.875, 0.125, 8], "texture": "#1"}
			}
		},
		{
			"from": [1.8, 13.7, 7.25],
			"to": [2, 14.1, 8.75],
			"rotation": {"angle": 0, "axis": "y", "origin": [8, 19.8, 8]},
			"faces": {
				"north": {"uv": [7.875, 0.125, 8, 0.25], "texture": "#1"},
				"east": {"uv": [0.25, 7.875, 0.375, 8], "texture": "#1"},
				"south": {"uv": [7.875, 0.25, 8, 0.375], "texture": "#1"},
				"west": {"uv": [0.375, 7.875, 0.5, 8], "texture": "#1"},
				"up": {"uv": [0.625, 8, 0.5, 7.875], "texture": "#1"},
				"down": {"uv": [8, 0.5, 7.875, 0.625], "texture": "#1"}
			}
		},
		{
			"from": [1.6, 2.1, 7.25],
			"to": [1.8, 2.6, 8.75],
			"rotation": {"angle": 0, "axis": "y", "origin": [8, 8, 8]},
			"faces": {
				"north": {"uv": [0.625, 7.875, 0.75, 8], "texture": "#1"},
				"east": {"uv": [7.875, 0.625, 8, 0.75], "texture": "#1"},
				"south": {"uv": [0.75, 7.875, 0.875, 8], "texture": "#1"},
				"west": {"uv": [7.875, 0.75, 8, 0.875], "texture": "#1"},
				"up": {"uv": [1, 8, 0.875, 7.875], "texture": "#1"},
				"down": {"uv": [8, 0.875, 7.875, 1], "texture": "#1"}
			}
		},
		{
			"from": [1.4, 2.4, 7.25],
			"to": [1.6, 2.8, 8.75],
			"rotation": {"angle": 0, "axis": "y", "origin": [8, 8, 8]},
			"faces": {
				"north": {"uv": [1, 7.875, 1.125, 8], "texture": "#1"},
				"east": {"uv": [7.875, 1, 8, 1.125], "texture": "#1"},
				"south": {"uv": [7.875, 1.125, 8, 1.25], "texture": "#1"},
				"west": {"uv": [1.25, 7.875, 1.375, 8], "texture": "#1"},
				"up": {"uv": [1.5, 8, 1.375, 7.875], "texture": "#1"},
				"down": {"uv": [8, 1.5, 7.875, 1.625], "texture": "#1"}
			}
		},
		{
			"from": [1.2, 2.6, 7.25],
			"to": [1.4, 3.1, 8.75],
			"rotation": {"angle": 0, "axis": "y", "origin": [8, 8, 8]},
			"faces": {
				"north": {"uv": [1.625, 7.875, 1.75, 8], "texture": "#1"},
				"east": {"uv": [7.875, 1.625, 8, 1.75], "texture": "#1"},
				"south": {"uv": [1.75, 7.875, 1.875, 8], "texture": "#1"},
				"west": {"uv": [1.875, 7.875, 2, 8], "texture": "#1"},
				"up": {"uv": [2.125, 8, 2, 7.875], "texture": "#1"},
				"down": {"uv": [2.25, 7.875, 2.125, 8], "texture": "#1"}
			}
		},
		{
			"from": [1, 12.6, 7.25],
			"to": [1.2, 13.1, 8.75],
			"rotation": {"angle": 0, "axis": "y", "origin": [8, 8, 8]},
			"faces": {
				"north": {"uv": [7.875, 2.125, 8, 2.25], "texture": "#1"},
				"east": {"uv": [2.25, 7.875, 2.375, 8], "texture": "#1"},
				"south": {"uv": [7.875, 2.25, 8, 2.375], "texture": "#1"},
				"west": {"uv": [2.375, 7.875, 2.5, 8], "texture": "#1"},
				"up": {"uv": [8, 2.5, 7.875, 2.375], "texture": "#1"},
				"down": {"uv": [2.625, 7.875, 2.5, 8], "texture": "#1"}
			}
		},
		{
			"from": [1, 2.9, 7.25],
			"to": [1.2, 3.4, 8.75],
			"rotation": {"angle": 0, "axis": "y", "origin": [8, 8, 8]},
			"faces": {
				"north": {"uv": [7.875, 2.5, 8, 2.625], "texture": "#1"},
				"east": {"uv": [2.625, 7.875, 2.75, 8], "texture": "#1"},
				"south": {"uv": [2.75, 7.875, 2.875, 8], "texture": "#1"},
				"west": {"uv": [2.875, 7.875, 3, 8], "texture": "#1"},
				"up": {"uv": [8, 3, 7.875, 2.875], "texture": "#1"},
				"down": {"uv": [3.125, 7.875, 3, 8], "texture": "#1"}
			}
		},
		{
			"from": [0, 10.1, 7.25],
			"to": [0.2, 11, 8.75],
			"rotation": {"angle": 0, "axis": "y", "origin": [8, 8, 8]},
			"faces": {
				"north": {"uv": [7.875, 3, 8, 3.125], "texture": "#1"},
				"east": {"uv": [3.125, 7.875, 3.25, 8], "texture": "#1"},
				"south": {"uv": [7.875, 3.125, 8, 3.25], "texture": "#1"},
				"west": {"uv": [3.25, 7.875, 3.375, 8], "texture": "#1"},
				"up": {"uv": [8, 3.375, 7.875, 3.25], "texture": "#1"},
				"down": {"uv": [3.5, 7.875, 3.375, 8], "texture": "#1"}
			}
		},
		{
			"from": [0, 5, 7.25],
			"to": [0.2, 5.9, 8.75],
			"rotation": {"angle": 0, "axis": "y", "origin": [8, 8, 8]},
			"faces": {
				"north": {"uv": [7.875, 3.375, 8, 3.5], "texture": "#1"},
				"east": {"uv": [3.5, 7.875, 3.625, 8], "texture": "#1"},
				"south": {"uv": [7.875, 3.5, 8, 3.625], "texture": "#1"},
				"west": {"uv": [3.625, 7.875, 3.75, 8], "texture": "#1"},
				"up": {"uv": [8, 3.75, 7.875, 3.625], "texture": "#1"},
				"down": {"uv": [3.875, 7.875, 3.75, 8], "texture": "#1"}
			}
		},
		{
			"from": [-0.2, 5.7, 7.25],
			"to": [0, 6.5, 8.75],
			"rotation": {"angle": 0, "axis": "y", "origin": [8, 8, 8]},
			"faces": {
				"north": {"uv": [7.875, 3.75, 8, 3.875], "texture": "#1"},
				"east": {"uv": [3.875, 7.875, 4, 8], "texture": "#1"},
				"south": {"uv": [7.875, 3.875, 8, 4], "texture": "#1"},
				"west": {"uv": [4, 7.875, 4.125, 8], "texture": "#1"},
				"up": {"uv": [8, 4.125, 7.875, 4], "texture": "#1"},
				"down": {"uv": [4.25, 7.875, 4.125, 8], "texture": "#1"}
			}
		},
		{
			"from": [-0.2, 9.5, 7.25],
			"to": [0, 10.3, 8.75],
			"rotation": {"angle": 0, "axis": "y", "origin": [8, 8, 8]},
			"faces": {
				"north": {"uv": [7.875, 4.125, 8, 4.25], "texture": "#1"},
				"east": {"uv": [4.25, 7.875, 4.375, 8], "texture": "#1"},
				"south": {"uv": [7.875, 4.25, 8, 4.375], "texture": "#1"},
				"west": {"uv": [4.375, 7.875, 4.5, 8], "texture": "#1"},
				"up": {"uv": [8, 4.5, 7.875, 4.375], "texture": "#1"},
				"down": {"uv": [4.625, 7.875, 4.5, 8], "texture": "#1"}
			}
		},
		{
			"from": [-0.4, 6.3, 7.25],
			"to": [-0.2, 9.7, 8.75],
			"rotation": {"angle": 0, "axis": "y", "origin": [8, 8, 8]},
			"faces": {
				"north": {"uv": [4.875, 7.5, 5, 7.875], "texture": "#1"},
				"east": {"uv": [7.5, 4.875, 7.625, 5.25], "texture": "#1"},
				"south": {"uv": [7.5, 6.625, 7.625, 7], "texture": "#1"},
				"west": {"uv": [7.125, 7.5, 7.25, 7.875], "texture": "#1"},
				"up": {"uv": [8, 4.625, 7.875, 4.5], "texture": "#1"},
				"down": {"uv": [4.75, 7.875, 4.625, 8], "texture": "#1"}
			}
		},
		{
			"from": [0.2, 4.5, 7.25],
			"to": [0.4, 5.2, 8.75],
			"rotation": {"angle": 0, "axis": "y", "origin": [8, 8, 8]},
			"faces": {
				"north": {"uv": [7.875, 4.625, 8, 4.75], "texture": "#1"},
				"east": {"uv": [4.75, 7.875, 4.875, 8], "texture": "#1"},
				"south": {"uv": [7.875, 4.75, 8, 4.875], "texture": "#1"},
				"west": {"uv": [4.875, 7.875, 5, 8], "texture": "#1"},
				"up": {"uv": [8, 5, 7.875, 4.875], "texture": "#1"},
				"down": {"uv": [8, 5, 7.875, 5.125], "texture": "#1"}
			}
		},
		{
			"from": [0.2, 10.9, 7.25],
			"to": [0.4, 11.5, 8.75],
			"rotation": {"angle": 0, "axis": "y", "origin": [8, 8, 8]},
			"faces": {
				"north": {"uv": [7.875, 5.125, 8, 5.25], "texture": "#1"},
				"east": {"uv": [5.25, 7.875, 5.375, 8], "texture": "#1"},
				"south": {"uv": [7.875, 5.25, 8, 5.375], "texture": "#1"},
				"west": {"uv": [5.375, 7.875, 5.5, 8], "texture": "#1"},
				"up": {"uv": [8, 5.5, 7.875, 5.375], "texture": "#1"},
				"down": {"uv": [5.625, 7.875, 5.5, 8], "texture": "#1"}
			}
		},
		{
			"from": [0.4, 11.2, 7.25],
			"to": [0.6, 12, 8.75],
			"rotation": {"angle": 0, "axis": "y", "origin": [8, 8, 8]},
			"faces": {
				"north": {"uv": [7.875, 5.5, 8, 5.625], "texture": "#1"},
				"east": {"uv": [5.625, 7.875, 5.75, 8], "texture": "#1"},
				"south": {"uv": [7.875, 5.625, 8, 5.75], "texture": "#1"},
				"west": {"uv": [5.75, 7.875, 5.875, 8], "texture": "#1"},
				"up": {"uv": [8, 5.875, 7.875, 5.75], "texture": "#1"},
				"down": {"uv": [6, 7.875, 5.875, 8], "texture": "#1"}
			}
		},
		{
			"from": [0.4, 4, 7.25],
			"to": [0.6, 4.7, 8.75],
			"rotation": {"angle": 0, "axis": "y", "origin": [8, 8, 8]},
			"faces": {
				"north": {"uv": [7.875, 5.875, 8, 6], "texture": "#1"},
				"east": {"uv": [6, 7.875, 6.125, 8], "texture": "#1"},
				"south": {"uv": [7.875, 6, 8, 6.125], "texture": "#1"},
				"west": {"uv": [6.125, 7.875, 6.25, 8], "texture": "#1"},
				"up": {"uv": [8, 6.25, 7.875, 6.125], "texture": "#1"},
				"down": {"uv": [6.375, 7.875, 6.25, 8], "texture": "#1"}
			}
		},
		{
			"from": [0.6, 3.6, 7.25],
			"to": [0.8, 4.2, 8.75],
			"rotation": {"angle": 0, "axis": "y", "origin": [8, 8, 8]},
			"faces": {
				"north": {"uv": [7.875, 6.25, 8, 6.375], "texture": "#1"},
				"east": {"uv": [6.375, 7.875, 6.5, 8], "texture": "#1"},
				"south": {"uv": [7.875, 6.375, 8, 6.5], "texture": "#1"},
				"west": {"uv": [6.5, 7.875, 6.625, 8], "texture": "#1"},
				"up": {"uv": [8, 6.625, 7.875, 6.5], "texture": "#1"},
				"down": {"uv": [6.75, 7.875, 6.625, 8], "texture": "#1"}
			}
		},
		{
			"from": [0.6, 11.9, 7.25],
			"to": [0.8, 12.4, 8.75],
			"rotation": {"angle": 0, "axis": "y", "origin": [8, 8, 8]},
			"faces": {
				"north": {"uv": [7.875, 6.625, 8, 6.75], "texture": "#1"},
				"east": {"uv": [6.75, 7.875, 6.875, 8], "texture": "#1"},
				"south": {"uv": [7.875, 6.75, 8, 6.875], "texture": "#1"},
				"west": {"uv": [6.875, 7.875, 7, 8], "texture": "#1"},
				"up": {"uv": [8, 7, 7.875, 6.875], "texture": "#1"},
				"down": {"uv": [7.125, 7.875, 7, 8], "texture": "#1"}
			}
		},
		{
			"from": [0.8, 12.1, 7.25],
			"to": [1, 12.8, 8.75],
			"rotation": {"angle": 0, "axis": "y", "origin": [8, 8, 8]},
			"faces": {
				"north": {"uv": [7.875, 7, 8, 7.125], "texture": "#1"},
				"east": {"uv": [7.125, 7.875, 7.25, 8], "texture": "#1"},
				"south": {"uv": [7.875, 7.125, 8, 7.25], "texture": "#1"},
				"west": {"uv": [7.25, 7.875, 7.375, 8], "texture": "#1"},
				"up": {"uv": [8, 7.375, 7.875, 7.25], "texture": "#1"},
				"down": {"uv": [7.5, 7.875, 7.375, 8], "texture": "#1"}
			}
		},
		{
			"from": [0.8, 3.2, 7.25],
			"to": [1, 3.8, 8.75],
			"rotation": {"angle": 0, "axis": "y", "origin": [8, 8, 8]},
			"faces": {
				"north": {"uv": [7.875, 7.375, 8, 7.5], "texture": "#1"},
				"east": {"uv": [7.5, 7.875, 7.625, 8], "texture": "#1"},
				"south": {"uv": [7.875, 7.5, 8, 7.625], "texture": "#1"},
				"west": {"uv": [7.625, 7.875, 7.75, 8], "texture": "#1"},
				"up": {"uv": [8, 7.75, 7.875, 7.625], "texture": "#1"},
				"down": {"uv": [7.875, 7.875, 7.75, 8], "texture": "#1"}
			}
		},
		{
			"from": [1.9, 14, 7.25],
			"to": [2.3, 14.2, 8.75],
			"rotation": {"angle": 0, "axis": "y", "origin": [8, 8, 8]},
			"faces": {
				"north": {"uv": [7.875, 7.75, 8, 7.875], "texture": "#1"},
				"east": {"uv": [7.875, 7.875, 8, 8], "texture": "#1"},
				"south": {"uv": [0, 8, 0.125, 8.125], "texture": "#1"},
				"west": {"uv": [8, 0, 8.125, 0.125], "texture": "#1"},
				"up": {"uv": [0.25, 8.125, 0.125, 8], "texture": "#1"},
				"down": {"uv": [8.125, 0.125, 8, 0.25], "texture": "#1"}
			}
		},
		{
			"from": [12.9, 14.6, 7.25],
			"to": [13.4, 14.8, 8.75],
			"rotation": {"angle": 0, "axis": "y", "origin": [8, 8, 8]},
			"faces": {
				"north": {"uv": [0.25, 8, 0.375, 8.125], "texture": "#1"},
				"east": {"uv": [8, 0.25, 8.125, 0.375], "texture": "#1"},
				"south": {"uv": [0.375, 8, 0.5, 8.125], "texture": "#1"},
				"west": {"uv": [8, 0.375, 8.125, 0.5], "texture": "#1"},
				"up": {"uv": [0.625, 8.125, 0.5, 8], "texture": "#1"},
				"down": {"uv": [8.125, 0.5, 8, 0.625], "texture": "#1"}
			}
		},
		{
			"from": [13.2, 14.4, 7.25],
			"to": [13.6, 14.6, 8.75],
			"rotation": {"angle": 0, "axis": "y", "origin": [8, 8, 8]},
			"faces": {
				"north": {"uv": [0.625, 8, 0.75, 8.125], "texture": "#1"},
				"east": {"uv": [8, 0.625, 8.125, 0.75], "texture": "#1"},
				"south": {"uv": [0.75, 8, 0.875, 8.125], "texture": "#1"},
				"west": {"uv": [8, 0.75, 8.125, 0.875], "texture": "#1"},
				"up": {"uv": [1, 8.125, 0.875, 8], "texture": "#1"},
				"down": {"uv": [8.125, 0.875, 8, 1], "texture": "#1"}
			}
		},
		{
			"from": [13.3, 14.2, 7.25],
			"to": [13.8, 14.4, 8.75],
			"rotation": {"angle": 0, "axis": "y", "origin": [8, 8, 8]},
			"faces": {
				"north": {"uv": [1, 8, 1.125, 8.125], "texture": "#1"},
				"east": {"uv": [8, 1, 8.125, 1.125], "texture": "#1"},
				"south": {"uv": [1.125, 8, 1.25, 8.125], "texture": "#1"},
				"west": {"uv": [8, 1.125, 8.125, 1.25], "texture": "#1"},
				"up": {"uv": [1.375, 8.125, 1.25, 8], "texture": "#1"},
				"down": {"uv": [8.125, 1.25, 8, 1.375], "texture": "#1"}
			}
		},
		{
			"from": [13.7, 14, 7.25],
			"to": [14.1, 14.2, 8.75],
			"rotation": {"angle": 0, "axis": "y", "origin": [8, 8, 8]},
			"faces": {
				"north": {"uv": [1.375, 8, 1.5, 8.125], "texture": "#1"},
				"east": {"uv": [8, 1.375, 8.125, 1.5], "texture": "#1"},
				"south": {"uv": [1.5, 8, 1.625, 8.125], "texture": "#1"},
				"west": {"uv": [8, 1.5, 8.125, 1.625], "texture": "#1"},
				"up": {"uv": [1.75, 8.125, 1.625, 8], "texture": "#1"},
				"down": {"uv": [8.125, 1.625, 8, 1.75], "texture": "#1"}
			}
		},
		{
			"from": [2.1, 14.2, 7.25],
			"to": [2.6, 14.4, 8.75],
			"rotation": {"angle": 0, "axis": "y", "origin": [8, 8, 8]},
			"faces": {
				"north": {"uv": [1.75, 8, 1.875, 8.125], "texture": "#1"},
				"east": {"uv": [8, 1.75, 8.125, 1.875], "texture": "#1"},
				"south": {"uv": [1.875, 8, 2, 8.125], "texture": "#1"},
				"west": {"uv": [8, 1.875, 8.125, 2], "texture": "#1"},
				"up": {"uv": [2.125, 8.125, 2, 8], "texture": "#1"},
				"down": {"uv": [8.125, 2, 8, 2.125], "texture": "#1"}
			}
		},
		{
			"from": [2.4, 14.4, 7.25],
			"to": [2.8, 14.6, 8.75],
			"rotation": {"angle": 0, "axis": "y", "origin": [8, 8, 8]},
			"faces": {
				"north": {"uv": [2.125, 8, 2.25, 8.125], "texture": "#1"},
				"east": {"uv": [8, 2.125, 8.125, 2.25], "texture": "#1"},
				"south": {"uv": [2.25, 8, 2.375, 8.125], "texture": "#1"},
				"west": {"uv": [8, 2.25, 8.125, 2.375], "texture": "#1"},
				"up": {"uv": [2.5, 8.125, 2.375, 8], "texture": "#1"},
				"down": {"uv": [8.125, 2.375, 8, 2.5], "texture": "#1"}
			}
		},
		{
			"from": [2.6, 14.6, 7.25],
			"to": [3.1, 14.8, 8.75],
			"rotation": {"angle": 0, "axis": "y", "origin": [8, 8, 8]},
			"faces": {
				"north": {"uv": [2.5, 8, 2.625, 8.125], "texture": "#1"},
				"east": {"uv": [8, 2.5, 8.125, 2.625], "texture": "#1"},
				"south": {"uv": [2.625, 8, 2.75, 8.125], "texture": "#1"},
				"west": {"uv": [8, 2.625, 8.125, 2.75], "texture": "#1"},
				"up": {"uv": [2.875, 8.125, 2.75, 8], "texture": "#1"},
				"down": {"uv": [8.125, 2.75, 8, 2.875], "texture": "#1"}
			}
		},
		{
			"from": [12.6, 14.8, 7.25],
			"to": [13.1, 15, 8.75],
			"rotation": {"angle": 0, "axis": "y", "origin": [8, 8, 8]},
			"faces": {
				"north": {"uv": [2.875, 8, 3, 8.125], "texture": "#1"},
				"east": {"uv": [8, 2.875, 8.125, 3], "texture": "#1"},
				"south": {"uv": [3, 8, 3.125, 8.125], "texture": "#1"},
				"west": {"uv": [8, 3, 8.125, 3.125], "texture": "#1"},
				"up": {"uv": [3.25, 8.125, 3.125, 8], "texture": "#1"},
				"down": {"uv": [8.125, 3.125, 8, 3.25], "texture": "#1"}
			}
		},
		{
			"from": [2.9, 14.8, 7.25],
			"to": [3.4, 15, 8.75],
			"rotation": {"angle": 0, "axis": "y", "origin": [8, 8, 8]},
			"faces": {
				"north": {"uv": [3.25, 8, 3.375, 8.125], "texture": "#1"},
				"east": {"uv": [8, 3.25, 8.125, 3.375], "texture": "#1"},
				"south": {"uv": [3.375, 8, 3.5, 8.125], "texture": "#1"},
				"west": {"uv": [8, 3.375, 8.125, 3.5], "texture": "#1"},
				"up": {"uv": [3.625, 8.125, 3.5, 8], "texture": "#1"},
				"down": {"uv": [8.125, 3.5, 8, 3.625], "texture": "#1"}
			}
		},
		{
			"from": [10.1, 15.8, 7.25],
			"to": [11, 16, 8.75],
			"rotation": {"angle": 0, "axis": "y", "origin": [8, 8, 8]},
			"faces": {
				"north": {"uv": [3.625, 8, 3.75, 8.125], "texture": "#1"},
				"east": {"uv": [8, 3.625, 8.125, 3.75], "texture": "#1"},
				"south": {"uv": [3.75, 8, 3.875, 8.125], "texture": "#1"},
				"west": {"uv": [8, 3.75, 8.125, 3.875], "texture": "#1"},
				"up": {"uv": [4, 8.125, 3.875, 8], "texture": "#1"},
				"down": {"uv": [8.125, 3.875, 8, 4], "texture": "#1"}
			}
		},
		{
			"from": [5, 15.8, 7.25],
			"to": [5.9, 16, 8.75],
			"rotation": {"angle": 0, "axis": "y", "origin": [8, 8, 8]},
			"faces": {
				"north": {"uv": [4, 8, 4.125, 8.125], "texture": "#1"},
				"east": {"uv": [8, 4, 8.125, 4.125], "texture": "#1"},
				"south": {"uv": [4.125, 8, 4.25, 8.125], "texture": "#1"},
				"west": {"uv": [8, 4.125, 8.125, 4.25], "texture": "#1"},
				"up": {"uv": [4.375, 8.125, 4.25, 8], "texture": "#1"},
				"down": {"uv": [8.125, 4.25, 8, 4.375], "texture": "#1"}
			}
		},
		{
			"from": [5.7, 16, 7.25],
			"to": [6.5, 16.2, 8.75],
			"rotation": {"angle": 0, "axis": "y", "origin": [8, 8, 8]},
			"faces": {
				"north": {"uv": [4.375, 8, 4.5, 8.125], "texture": "#1"},
				"east": {"uv": [8, 4.375, 8.125, 4.5], "texture": "#1"},
				"south": {"uv": [4.5, 8, 4.625, 8.125], "texture": "#1"},
				"west": {"uv": [8, 4.5, 8.125, 4.625], "texture": "#1"},
				"up": {"uv": [4.75, 8.125, 4.625, 8], "texture": "#1"},
				"down": {"uv": [8.125, 4.625, 8, 4.75], "texture": "#1"}
			}
		},
		{
			"from": [9.5, 16, 7.25],
			"to": [10.3, 16.2, 8.75],
			"rotation": {"angle": 0, "axis": "y", "origin": [8, 8, 8]},
			"faces": {
				"north": {"uv": [4.75, 8, 4.875, 8.125], "texture": "#1"},
				"east": {"uv": [8, 4.75, 8.125, 4.875], "texture": "#1"},
				"south": {"uv": [4.875, 8, 5, 8.125], "texture": "#1"},
				"west": {"uv": [8, 4.875, 8.125, 5], "texture": "#1"},
				"up": {"uv": [5.125, 8.125, 5, 8], "texture": "#1"},
				"down": {"uv": [8.125, 5, 8, 5.125], "texture": "#1"}
			}
		},
		{
			"from": [6.3, 16.2, 7.25],
			"to": [9.7, 16.4, 8.75],
			"rotation": {"angle": 0, "axis": "y", "origin": [8, 8, 8]},
			"faces": {
				"north": {"uv": [7.5, 5.25, 7.875, 5.375], "texture": "#1"},
				"east": {"uv": [5.125, 8, 5.25, 8.125], "texture": "#1"},
				"south": {"uv": [7.5, 7.375, 7.875, 7.5], "texture": "#1"},
				"west": {"uv": [8, 5.125, 8.125, 5.25], "texture": "#1"},
				"up": {"uv": [7.875, 7.625, 7.5, 7.5], "texture": "#1"},
				"down": {"uv": [8, 0.375, 7.625, 0.5], "texture": "#1"}
			}
		},
		{
			"from": [4.5, 15.6, 7.25],
			"to": [5.2, 15.8, 8.75],
			"rotation": {"angle": 0, "axis": "y", "origin": [8, 8, 8]},
			"faces": {
				"north": {"uv": [5.25, 8, 5.375, 8.125], "texture": "#1"},
				"east": {"uv": [8, 5.25, 8.125, 5.375], "texture": "#1"},
				"south": {"uv": [5.375, 8, 5.5, 8.125], "texture": "#1"},
				"west": {"uv": [8, 5.375, 8.125, 5.5], "texture": "#1"},
				"up": {"uv": [5.625, 8.125, 5.5, 8], "texture": "#1"},
				"down": {"uv": [8.125, 5.5, 8, 5.625], "texture": "#1"}
			}
		},
		{
			"from": [10.9, 15.6, 7.25],
			"to": [11.5, 15.8, 8.75],
			"rotation": {"angle": 0, "axis": "y", "origin": [8, 8, 8]},
			"faces": {
				"north": {"uv": [5.625, 8, 5.75, 8.125], "texture": "#1"},
				"east": {"uv": [8, 5.625, 8.125, 5.75], "texture": "#1"},
				"south": {"uv": [5.75, 8, 5.875, 8.125], "texture": "#1"},
				"west": {"uv": [8, 5.75, 8.125, 5.875], "texture": "#1"},
				"up": {"uv": [6, 8.125, 5.875, 8], "texture": "#1"},
				"down": {"uv": [8.125, 5.875, 8, 6], "texture": "#1"}
			}
		},
		{
			"from": [11.2, 15.4, 7.25],
			"to": [12, 15.6, 8.75],
			"rotation": {"angle": 0, "axis": "y", "origin": [8, 8, 8]},
			"faces": {
				"north": {"uv": [6, 8, 6.125, 8.125], "texture": "#1"},
				"east": {"uv": [8, 6, 8.125, 6.125], "texture": "#1"},
				"south": {"uv": [6.125, 8, 6.25, 8.125], "texture": "#1"},
				"west": {"uv": [8, 6.125, 8.125, 6.25], "texture": "#1"},
				"up": {"uv": [6.375, 8.125, 6.25, 8], "texture": "#1"},
				"down": {"uv": [8.125, 6.25, 8, 6.375], "texture": "#1"}
			}
		},
		{
			"from": [4, 15.4, 7.25],
			"to": [4.7, 15.6, 8.75],
			"rotation": {"angle": 0, "axis": "y", "origin": [8, 8, 8]},
			"faces": {
				"north": {"uv": [6.375, 8, 6.5, 8.125], "texture": "#1"},
				"east": {"uv": [8, 6.375, 8.125, 6.5], "texture": "#1"},
				"south": {"uv": [6.5, 8, 6.625, 8.125], "texture": "#1"},
				"west": {"uv": [8, 6.5, 8.125, 6.625], "texture": "#1"},
				"up": {"uv": [6.75, 8.125, 6.625, 8], "texture": "#1"},
				"down": {"uv": [8.125, 6.625, 8, 6.75], "texture": "#1"}
			}
		},
		{
			"from": [3.6, 15.2, 7.25],
			"to": [4.2, 15.4, 8.75],
			"rotation": {"angle": 0, "axis": "y", "origin": [8, 8, 8]},
			"faces": {
				"north": {"uv": [6.75, 8, 6.875, 8.125], "texture": "#1"},
				"east": {"uv": [8, 6.75, 8.125, 6.875], "texture": "#1"},
				"south": {"uv": [6.875, 8, 7, 8.125], "texture": "#1"},
				"west": {"uv": [8, 6.875, 8.125, 7], "texture": "#1"},
				"up": {"uv": [7.125, 8.125, 7, 8], "texture": "#1"},
				"down": {"uv": [8.125, 7, 8, 7.125], "texture": "#1"}
			}
		},
		{
			"from": [11.9, 15.2, 7.25],
			"to": [12.4, 15.4, 8.75],
			"rotation": {"angle": 0, "axis": "y", "origin": [8, 8, 8]},
			"faces": {
				"north": {"uv": [7.125, 8, 7.25, 8.125], "texture": "#1"},
				"east": {"uv": [8, 7.125, 8.125, 7.25], "texture": "#1"},
				"south": {"uv": [7.25, 8, 7.375, 8.125], "texture": "#1"},
				"west": {"uv": [8, 7.25, 8.125, 7.375], "texture": "#1"},
				"up": {"uv": [7.5, 8.125, 7.375, 8], "texture": "#1"},
				"down": {"uv": [8.125, 7.375, 8, 7.5], "texture": "#1"}
			}
		},
		{
			"from": [12.1, 15, 7.25],
			"to": [12.8, 15.2, 8.75],
			"rotation": {"angle": 0, "axis": "y", "origin": [8, 8, 8]},
			"faces": {
				"north": {"uv": [7.5, 8, 7.625, 8.125], "texture": "#1"},
				"east": {"uv": [8, 7.5, 8.125, 7.625], "texture": "#1"},
				"south": {"uv": [7.625, 8, 7.75, 8.125], "texture": "#1"},
				"west": {"uv": [8, 7.625, 8.125, 7.75], "texture": "#1"},
				"up": {"uv": [7.875, 8.125, 7.75, 8], "texture": "#1"},
				"down": {"uv": [8.125, 7.75, 8, 7.875], "texture": "#1"}
			}
		},
		{
			"from": [3.2, 15, 7.25],
			"to": [3.8, 15.2, 8.75],
			"rotation": {"angle": 0, "axis": "y", "origin": [8, 8, 8]},
			"faces": {
				"north": {"uv": [7.875, 8, 8, 8.125], "texture": "#1"},
				"east": {"uv": [8, 7.875, 8.125, 8], "texture": "#1"},
				"south": {"uv": [8, 8, 8.125, 8.125], "texture": "#1"},
				"west": {"uv": [0, 8.125, 0.125, 8.25], "texture": "#1"},
				"up": {"uv": [8.25, 0.125, 8.125, 0], "texture": "#1"},
				"down": {"uv": [0.25, 8.125, 0.125, 8.25], "texture": "#1"}
			}
		},
		{
			"from": [14, 13.7, 7.25],
			"to": [14.2, 14.1, 8.75],
			"rotation": {"angle": 0, "axis": "y", "origin": [8, 8, 8]},
			"faces": {
				"north": {"uv": [8.125, 0.125, 8.25, 0.25], "texture": "#1"},
				"east": {"uv": [0.25, 8.125, 0.375, 8.25], "texture": "#1"},
				"south": {"uv": [8.125, 0.25, 8.25, 0.375], "texture": "#1"},
				"west": {"uv": [0.375, 8.125, 0.5, 8.25], "texture": "#1"},
				"up": {"uv": [8.25, 0.5, 8.125, 0.375], "texture": "#1"},
				"down": {"uv": [0.625, 8.125, 0.5, 8.25], "texture": "#1"}
			}
		},
		{
			"from": [14.6, 2.6, 7.25],
			"to": [14.8, 3.1, 8.75],
			"rotation": {"angle": 0, "axis": "y", "origin": [8, 8, 8]},
			"faces": {
				"north": {"uv": [8.125, 0.5, 8.25, 0.625], "texture": "#1"},
				"east": {"uv": [0.625, 8.125, 0.75, 8.25], "texture": "#1"},
				"south": {"uv": [8.125, 0.625, 8.25, 0.75], "texture": "#1"},
				"west": {"uv": [0.75, 8.125, 0.875, 8.25], "texture": "#1"},
				"up": {"uv": [8.25, 0.875, 8.125, 0.75], "texture": "#1"},
				"down": {"uv": [1, 8.125, 0.875, 8.25], "texture": "#1"}
			}
		},
		{
			"from": [14.4, 2.4, 7.25],
			"to": [14.6, 2.8, 8.75],
			"rotation": {"angle": 0, "axis": "y", "origin": [8, 8, 8]},
			"faces": {
				"north": {"uv": [8.125, 0.875, 8.25, 1], "texture": "#1"},
				"east": {"uv": [1, 8.125, 1.125, 8.25], "texture": "#1"},
				"south": {"uv": [8.125, 1, 8.25, 1.125], "texture": "#1"},
				"west": {"uv": [1.125, 8.125, 1.25, 8.25], "texture": "#1"},
				"up": {"uv": [8.25, 1.25, 8.125, 1.125], "texture": "#1"},
				"down": {"uv": [1.375, 8.125, 1.25, 8.25], "texture": "#1"}
			}
		},
		{
			"from": [14.2, 2.2, 7.25],
			"to": [14.4, 2.7, 8.75],
			"rotation": {"angle": 0, "axis": "y", "origin": [8, 8, 8]},
			"faces": {
				"north": {"uv": [8.125, 1.25, 8.25, 1.375], "texture": "#1"},
				"east": {"uv": [1.375, 8.125, 1.5, 8.25], "texture": "#1"},
				"south": {"uv": [8.125, 1.375, 8.25, 1.5], "texture": "#1"},
				"west": {"uv": [1.5, 8.125, 1.625, 8.25], "texture": "#1"},
				"up": {"uv": [8.25, 1.625, 8.125, 1.5], "texture": "#1"},
				"down": {"uv": [1.75, 8.125, 1.625, 8.25], "texture": "#1"}
			}
		},
		{
			"from": [14, 1.9, 7.25],
			"to": [14.2, 2.3, 8.75],
			"rotation": {"angle": 0, "axis": "y", "origin": [8, 8, 8]},
			"faces": {
				"north": {"uv": [8.125, 1.625, 8.25, 1.75], "texture": "#1"},
				"east": {"uv": [1.75, 8.125, 1.875, 8.25], "texture": "#1"},
				"south": {"uv": [8.125, 1.75, 8.25, 1.875], "texture": "#1"},
				"west": {"uv": [1.875, 8.125, 2, 8.25], "texture": "#1"},
				"up": {"uv": [8.25, 2, 8.125, 1.875], "texture": "#1"},
				"down": {"uv": [2.125, 8.125, 2, 8.25], "texture": "#1"}
			}
		},
		{
			"from": [14.2, 13.4, 7.25],
			"to": [14.4, 13.9, 8.75],
			"rotation": {"angle": 0, "axis": "y", "origin": [8, 8, 8]},
			"faces": {
				"north": {"uv": [8.125, 2, 8.25, 2.125], "texture": "#1"},
				"east": {"uv": [2.125, 8.125, 2.25, 8.25], "texture": "#1"},
				"south": {"uv": [8.125, 2.125, 8.25, 2.25], "texture": "#1"},
				"west": {"uv": [2.25, 8.125, 2.375, 8.25], "texture": "#1"},
				"up": {"uv": [8.25, 2.375, 8.125, 2.25], "texture": "#1"},
				"down": {"uv": [2.5, 8.125, 2.375, 8.25], "texture": "#1"}
			}
		},
		{
			"from": [14.4, 13.2, 7.25],
			"to": [14.6, 13.6, 8.75],
			"rotation": {"angle": 0, "axis": "y", "origin": [8, 8, 8]},
			"faces": {
				"north": {"uv": [8.125, 2.375, 8.25, 2.5], "texture": "#1"},
				"east": {"uv": [2.5, 8.125, 2.625, 8.25], "texture": "#1"},
				"south": {"uv": [8.125, 2.5, 8.25, 2.625], "texture": "#1"},
				"west": {"uv": [2.625, 8.125, 2.75, 8.25], "texture": "#1"},
				"up": {"uv": [8.25, 2.75, 8.125, 2.625], "texture": "#1"},
				"down": {"uv": [2.875, 8.125, 2.75, 8.25], "texture": "#1"}
			}
		},
		{
			"from": [14.6, 12.9, 7.25],
			"to": [14.8, 13.4, 8.75],
			"rotation": {"angle": 0, "axis": "y", "origin": [8, 8, 8]},
			"faces": {
				"north": {"uv": [8.125, 2.75, 8.25, 2.875], "texture": "#1"},
				"east": {"uv": [2.875, 8.125, 3, 8.25], "texture": "#1"},
				"south": {"uv": [8.125, 2.875, 8.25, 3], "texture": "#1"},
				"west": {"uv": [3, 8.125, 3.125, 8.25], "texture": "#1"},
				"up": {"uv": [8.25, 3.125, 8.125, 3], "texture": "#1"},
				"down": {"uv": [3.25, 8.125, 3.125, 8.25], "texture": "#1"}
			}
		},
		{
			"from": [14.8, 2.9, 7.25],
			"to": [15, 3.4, 8.75],
			"rotation": {"angle": 0, "axis": "y", "origin": [8, 8, 8]},
			"faces": {
				"north": {"uv": [8.125, 3.125, 8.25, 3.25], "texture": "#1"},
				"east": {"uv": [3.25, 8.125, 3.375, 8.25], "texture": "#1"},
				"south": {"uv": [8.125, 3.25, 8.25, 3.375], "texture": "#1"},
				"west": {"uv": [3.375, 8.125, 3.5, 8.25], "texture": "#1"},
				"up": {"uv": [8.25, 3.5, 8.125, 3.375], "texture": "#1"},
				"down": {"uv": [3.625, 8.125, 3.5, 8.25], "texture": "#1"}
			}
		},
		{
			"from": [14.8, 12.6, 7.25],
			"to": [15, 13.1, 8.75],
			"rotation": {"angle": 0, "axis": "y", "origin": [8, 8, 8]},
			"faces": {
				"north": {"uv": [8.125, 3.5, 8.25, 3.625], "texture": "#1"},
				"east": {"uv": [3.625, 8.125, 3.75, 8.25], "texture": "#1"},
				"south": {"uv": [8.125, 3.625, 8.25, 3.75], "texture": "#1"},
				"west": {"uv": [3.75, 8.125, 3.875, 8.25], "texture": "#1"},
				"up": {"uv": [8.25, 3.875, 8.125, 3.75], "texture": "#1"},
				"down": {"uv": [4, 8.125, 3.875, 8.25], "texture": "#1"}
			}
		},
		{
			"from": [15.8, 5, 7.25],
			"to": [16, 5.9, 8.75],
			"rotation": {"angle": 0, "axis": "y", "origin": [8, 8, 8]},
			"faces": {
				"north": {"uv": [8.125, 3.875, 8.25, 4], "texture": "#1"},
				"east": {"uv": [4, 8.125, 4.125, 8.25], "texture": "#1"},
				"south": {"uv": [8.125, 4, 8.25, 4.125], "texture": "#1"},
				"west": {"uv": [4.125, 8.125, 4.25, 8.25], "texture": "#1"},
				"up": {"uv": [8.25, 4.25, 8.125, 4.125], "texture": "#1"},
				"down": {"uv": [4.375, 8.125, 4.25, 8.25], "texture": "#1"}
			}
		},
		{
			"from": [15.8, 10.1, 7.25],
			"to": [16, 11, 8.75],
			"rotation": {"angle": 0, "axis": "y", "origin": [8, 8, 8]},
			"faces": {
				"north": {"uv": [8.125, 4.25, 8.25, 4.375], "texture": "#1"},
				"east": {"uv": [4.375, 8.125, 4.5, 8.25], "texture": "#1"},
				"south": {"uv": [8.125, 4.375, 8.25, 4.5], "texture": "#1"},
				"west": {"uv": [4.5, 8.125, 4.625, 8.25], "texture": "#1"},
				"up": {"uv": [8.25, 4.625, 8.125, 4.5], "texture": "#1"},
				"down": {"uv": [4.75, 8.125, 4.625, 8.25], "texture": "#1"}
			}
		},
		{
			"from": [16, 9.5, 7.25],
			"to": [16.2, 10.3, 8.75],
			"rotation": {"angle": 0, "axis": "y", "origin": [8, 8, 8]},
			"faces": {
				"north": {"uv": [8.125, 4.625, 8.25, 4.75], "texture": "#1"},
				"east": {"uv": [4.75, 8.125, 4.875, 8.25], "texture": "#1"},
				"south": {"uv": [8.125, 4.75, 8.25, 4.875], "texture": "#1"},
				"west": {"uv": [4.875, 8.125, 5, 8.25], "texture": "#1"},
				"up": {"uv": [8.25, 5, 8.125, 4.875], "texture": "#1"},
				"down": {"uv": [5.125, 8.125, 5, 8.25], "texture": "#1"}
			}
		},
		{
			"from": [16, 5.7, 7.25],
			"to": [16.2, 6.5, 8.75],
			"rotation": {"angle": 0, "axis": "y", "origin": [8, 8, 8]},
			"faces": {
				"north": {"uv": [8.125, 5, 8.25, 5.125], "texture": "#1"},
				"east": {"uv": [5.125, 8.125, 5.25, 8.25], "texture": "#1"},
				"south": {"uv": [8.125, 5.125, 8.25, 5.25], "texture": "#1"},
				"west": {"uv": [5.25, 8.125, 5.375, 8.25], "texture": "#1"},
				"up": {"uv": [8.25, 5.375, 8.125, 5.25], "texture": "#1"},
				"down": {"uv": [5.5, 8.125, 5.375, 8.25], "texture": "#1"}
			}
		},
		{
			"from": [16.2, 6.3, 7.25],
			"to": [16.4, 9.7, 8.75],
			"rotation": {"angle": 0, "axis": "y", "origin": [8, 8, 8]},
			"faces": {
				"north": {"uv": [7.625, 0.5, 7.75, 0.875], "texture": "#1"},
				"east": {"uv": [7.625, 0.875, 7.75, 1.25], "texture": "#1"},
				"south": {"uv": [1.125, 7.625, 1.25, 8], "texture": "#1"},
				"west": {"uv": [1.5, 7.625, 1.625, 8], "texture": "#1"},
				"up": {"uv": [8.25, 5.5, 8.125, 5.375], "texture": "#1"},
				"down": {"uv": [5.625, 8.125, 5.5, 8.25], "texture": "#1"}
			}
		},
		{
			"from": [15.6, 10.8, 7.25],
			"to": [15.8, 11.5, 8.75],
			"rotation": {"angle": 0, "axis": "y", "origin": [8, 8, 8]},
			"faces": {
				"north": {"uv": [8.125, 5.5, 8.25, 5.625], "texture": "#1"},
				"east": {"uv": [5.625, 8.125, 5.75, 8.25], "texture": "#1"},
				"south": {"uv": [8.125, 5.625, 8.25, 5.75], "texture": "#1"},
				"west": {"uv": [5.75, 8.125, 5.875, 8.25], "texture": "#1"},
				"up": {"uv": [8.25, 5.875, 8.125, 5.75], "texture": "#1"},
				"down": {"uv": [6, 8.125, 5.875, 8.25], "texture": "#1"}
			}
		},
		{
			"from": [15.6, 4.5, 7.25],
			"to": [15.8, 5.1, 8.75],
			"rotation": {"angle": 0, "axis": "y", "origin": [8, 8, 8]},
			"faces": {
				"north": {"uv": [8.125, 5.875, 8.25, 6], "texture": "#1"},
				"east": {"uv": [6, 8.125, 6.125, 8.25], "texture": "#1"},
				"south": {"uv": [8.125, 6, 8.25, 6.125], "texture": "#1"},
				"west": {"uv": [6.125, 8.125, 6.25, 8.25], "texture": "#1"},
				"up": {"uv": [8.25, 6.25, 8.125, 6.125], "texture": "#1"},
				"down": {"uv": [6.375, 8.125, 6.25, 8.25], "texture": "#1"}
			}
		},
		{
			"from": [15.4, 4, 7.25],
			"to": [15.6, 4.8, 8.75],
			"rotation": {"angle": 0, "axis": "y", "origin": [8, 8, 8]},
			"faces": {
				"north": {"uv": [8.125, 6.25, 8.25, 6.375], "texture": "#1"},
				"east": {"uv": [6.375, 8.125, 6.5, 8.25], "texture": "#1"},
				"south": {"uv": [8.125, 6.375, 8.25, 6.5], "texture": "#1"},
				"west": {"uv": [6.5, 8.125, 6.625, 8.25], "texture": "#1"},
				"up": {"uv": [8.25, 6.625, 8.125, 6.5], "texture": "#1"},
				"down": {"uv": [6.75, 8.125, 6.625, 8.25], "texture": "#1"}
			}
		},
		{
			"from": [15.4, 11.3, 7.25],
			"to": [15.6, 12, 8.75],
			"rotation": {"angle": 0, "axis": "y", "origin": [8, 8, 8]},
			"faces": {
				"north": {"uv": [8.125, 6.625, 8.25, 6.75], "texture": "#1"},
				"east": {"uv": [6.75, 8.125, 6.875, 8.25], "texture": "#1"},
				"south": {"uv": [8.125, 6.75, 8.25, 6.875], "texture": "#1"},
				"west": {"uv": [6.875, 8.125, 7, 8.25], "texture": "#1"},
				"up": {"uv": [8.25, 7, 8.125, 6.875], "texture": "#1"},
				"down": {"uv": [7.125, 8.125, 7, 8.25], "texture": "#1"}
			}
		},
		{
			"from": [15.2, 11.8, 7.25],
			"to": [15.4, 12.4, 8.75],
			"rotation": {"angle": 0, "axis": "y", "origin": [8, 8, 8]},
			"faces": {
				"north": {"uv": [8.125, 7, 8.25, 7.125], "texture": "#1"},
				"east": {"uv": [7.125, 8.125, 7.25, 8.25], "texture": "#1"},
				"south": {"uv": [8.125, 7.125, 8.25, 7.25], "texture": "#1"},
				"west": {"uv": [7.25, 8.125, 7.375, 8.25], "texture": "#1"},
				"up": {"uv": [8.25, 7.375, 8.125, 7.25], "texture": "#1"},
				"down": {"uv": [7.5, 8.125, 7.375, 8.25], "texture": "#1"}
			}
		},
		{
			"from": [15.2, 3.6, 7.25],
			"to": [15.4, 4.1, 8.75],
			"rotation": {"angle": 0, "axis": "y", "origin": [8, 8, 8]},
			"faces": {
				"north": {"uv": [8.125, 7.375, 8.25, 7.5], "texture": "#1"},
				"east": {"uv": [7.5, 8.125, 7.625, 8.25], "texture": "#1"},
				"south": {"uv": [8.125, 7.5, 8.25, 7.625], "texture": "#1"},
				"west": {"uv": [7.625, 8.125, 7.75, 8.25], "texture": "#1"},
				"up": {"uv": [8.25, 7.75, 8.125, 7.625], "texture": "#1"},
				"down": {"uv": [7.875, 8.125, 7.75, 8.25], "texture": "#1"}
			}
		},
		{
			"from": [15, 3.2, 7.25],
			"to": [15.2, 3.9, 8.75],
			"rotation": {"angle": 0, "axis": "y", "origin": [8, 8, 8]},
			"faces": {
				"north": {"uv": [8.125, 7.75, 8.25, 7.875], "texture": "#1"},
				"east": {"uv": [7.875, 8.125, 8, 8.25], "texture": "#1"},
				"south": {"uv": [8.125, 7.875, 8.25, 8], "texture": "#1"},
				"west": {"uv": [8, 8.125, 8.125, 8.25], "texture": "#1"},
				"up": {"uv": [8.25, 8.125, 8.125, 8], "texture": "#1"},
				"down": {"uv": [8.25, 8.125, 8.125, 8.25], "texture": "#1"}
			}
		},
		{
			"from": [15, 12.2, 7.25],
			"to": [15.2, 12.8, 8.75],
			"rotation": {"angle": 0, "axis": "y", "origin": [8, 8, 8]},
			"faces": {
				"north": {"uv": [0, 8.25, 0.125, 8.375], "texture": "#1"},
				"east": {"uv": [8.25, 0, 8.375, 0.125], "texture": "#1"},
				"south": {"uv": [0.125, 8.25, 0.25, 8.375], "texture": "#1"},
				"west": {"uv": [8.25, 0.125, 8.375, 0.25], "texture": "#1"},
				"up": {"uv": [0.375, 8.375, 0.25, 8.25], "texture": "#1"},
				"down": {"uv": [8.375, 0.25, 8.25, 0.375], "texture": "#1"}
			}
		},
		{
			"from": [13.7, 1.8, 7.25],
			"to": [14.1, 2, 8.75],
			"rotation": {"angle": 0, "axis": "y", "origin": [8, 8, 8]},
			"faces": {
				"north": {"uv": [0.375, 8.25, 0.5, 8.375], "texture": "#1"},
				"east": {"uv": [8.25, 0.375, 8.375, 0.5], "texture": "#1"},
				"south": {"uv": [0.5, 8.25, 0.625, 8.375], "texture": "#1"},
				"west": {"uv": [8.25, 0.5, 8.375, 0.625], "texture": "#1"},
				"up": {"uv": [0.75, 8.375, 0.625, 8.25], "texture": "#1"},
				"down": {"uv": [8.375, 0.625, 8.25, 0.75], "texture": "#1"}
			}
		},
		{
			"from": [2.6, 1.2, 7.25],
			"to": [3.1, 1.4, 8.75],
			"rotation": {"angle": 0, "axis": "y", "origin": [8, 8, 8]},
			"faces": {
				"north": {"uv": [0.75, 8.25, 0.875, 8.375], "texture": "#1"},
				"east": {"uv": [8.25, 0.75, 8.375, 0.875], "texture": "#1"},
				"south": {"uv": [0.875, 8.25, 1, 8.375], "texture": "#1"},
				"west": {"uv": [8.25, 0.875, 8.375, 1], "texture": "#1"},
				"up": {"uv": [1.125, 8.375, 1, 8.25], "texture": "#1"},
				"down": {"uv": [8.375, 1, 8.25, 1.125], "texture": "#1"}
			}
		},
		{
			"from": [2.4, 1.4, 7.25],
			"to": [2.8, 1.6, 8.75],
			"rotation": {"angle": 0, "axis": "y", "origin": [8, 8, 8]},
			"faces": {
				"north": {"uv": [1.125, 8.25, 1.25, 8.375], "texture": "#1"},
				"east": {"uv": [8.25, 1.125, 8.375, 1.25], "texture": "#1"},
				"south": {"uv": [1.25, 8.25, 1.375, 8.375], "texture": "#1"},
				"west": {"uv": [8.25, 1.25, 8.375, 1.375], "texture": "#1"},
				"up": {"uv": [1.5, 8.375, 1.375, 8.25], "texture": "#1"},
				"down": {"uv": [8.375, 1.375, 8.25, 1.5], "texture": "#1"}
			}
		},
		{
			"from": [2.2, 1.6, 7.25],
			"to": [2.7, 1.8, 8.75],
			"rotation": {"angle": 0, "axis": "y", "origin": [8, 8, 8]},
			"faces": {
				"north": {"uv": [1.5, 8.25, 1.625, 8.375], "texture": "#1"},
				"east": {"uv": [8.25, 1.5, 8.375, 1.625], "texture": "#1"},
				"south": {"uv": [1.625, 8.25, 1.75, 8.375], "texture": "#1"},
				"west": {"uv": [8.25, 1.625, 8.375, 1.75], "texture": "#1"},
				"up": {"uv": [1.875, 8.375, 1.75, 8.25], "texture": "#1"},
				"down": {"uv": [8.375, 1.75, 8.25, 1.875], "texture": "#1"}
			}
		},
		{
			"from": [1.9, 1.8, 7.25],
			"to": [2.3, 2, 8.75],
			"rotation": {"angle": 0, "axis": "y", "origin": [8, 8, 8]},
			"faces": {
				"north": {"uv": [1.875, 8.25, 2, 8.375], "texture": "#1"},
				"east": {"uv": [8.25, 1.875, 8.375, 2], "texture": "#1"},
				"south": {"uv": [2, 8.25, 2.125, 8.375], "texture": "#1"},
				"west": {"uv": [8.25, 2, 8.375, 2.125], "texture": "#1"},
				"up": {"uv": [2.25, 8.375, 2.125, 8.25], "texture": "#1"},
				"down": {"uv": [8.375, 2.125, 8.25, 2.25], "texture": "#1"}
			}
		},
		{
			"from": [13.4, 1.6, 7.25],
			"to": [13.9, 1.8, 8.75],
			"rotation": {"angle": 0, "axis": "y", "origin": [8, 8, 8]},
			"faces": {
				"north": {"uv": [2.25, 8.25, 2.375, 8.375], "texture": "#1"},
				"east": {"uv": [8.25, 2.25, 8.375, 2.375], "texture": "#1"},
				"south": {"uv": [2.375, 8.25, 2.5, 8.375], "texture": "#1"},
				"west": {"uv": [8.25, 2.375, 8.375, 2.5], "texture": "#1"},
				"up": {"uv": [2.625, 8.375, 2.5, 8.25], "texture": "#1"},
				"down": {"uv": [8.375, 2.5, 8.25, 2.625], "texture": "#1"}
			}
		},
		{
			"from": [13.2, 1.4, 7.25],
			"to": [13.6, 1.6, 8.75],
			"rotation": {"angle": 0, "axis": "y", "origin": [8, 8, 8]},
			"faces": {
				"north": {"uv": [2.625, 8.25, 2.75, 8.375], "texture": "#1"},
				"east": {"uv": [8.25, 2.625, 8.375, 2.75], "texture": "#1"},
				"south": {"uv": [2.75, 8.25, 2.875, 8.375], "texture": "#1"},
				"west": {"uv": [8.25, 2.75, 8.375, 2.875], "texture": "#1"},
				"up": {"uv": [3, 8.375, 2.875, 8.25], "texture": "#1"},
				"down": {"uv": [8.375, 2.875, 8.25, 3], "texture": "#1"}
			}
		},
		{
			"from": [12.9, 1.2, 7.25],
			"to": [13.4, 1.4, 8.75],
			"rotation": {"angle": 0, "axis": "y", "origin": [8, 8, 8]},
			"faces": {
				"north": {"uv": [3, 8.25, 3.125, 8.375], "texture": "#1"},
				"east": {"uv": [8.25, 3, 8.375, 3.125], "texture": "#1"},
				"south": {"uv": [3.125, 8.25, 3.25, 8.375], "texture": "#1"},
				"west": {"uv": [8.25, 3.125, 8.375, 3.25], "texture": "#1"},
				"up": {"uv": [3.375, 8.375, 3.25, 8.25], "texture": "#1"},
				"down": {"uv": [8.375, 3.25, 8.25, 3.375], "texture": "#1"}
			}
		},
		{
			"from": [2.9, 1, 7.25],
			"to": [3.4, 1.2, 8.75],
			"rotation": {"angle": 0, "axis": "y", "origin": [8, 8, 8]},
			"faces": {
				"north": {"uv": [3.375, 8.25, 3.5, 8.375], "texture": "#1"},
				"east": {"uv": [8.25, 3.375, 8.375, 3.5], "texture": "#1"},
				"south": {"uv": [3.5, 8.25, 3.625, 8.375], "texture": "#1"},
				"west": {"uv": [8.25, 3.5, 8.375, 3.625], "texture": "#1"},
				"up": {"uv": [3.75, 8.375, 3.625, 8.25], "texture": "#1"},
				"down": {"uv": [8.375, 3.625, 8.25, 3.75], "texture": "#1"}
			}
		},
		{
			"from": [12.6, 1, 7.25],
			"to": [13.1, 1.2, 8.75],
			"rotation": {"angle": 0, "axis": "y", "origin": [8, 8, 8]},
			"faces": {
				"north": {"uv": [3.75, 8.25, 3.875, 8.375], "texture": "#1"},
				"east": {"uv": [8.25, 3.75, 8.375, 3.875], "texture": "#1"},
				"south": {"uv": [3.875, 8.25, 4, 8.375], "texture": "#1"},
				"west": {"uv": [8.25, 3.875, 8.375, 4], "texture": "#1"},
				"up": {"uv": [4.125, 8.375, 4, 8.25], "texture": "#1"},
				"down": {"uv": [8.375, 4, 8.25, 4.125], "texture": "#1"}
			}
		},
		{
			"from": [5, 0, 7.25],
			"to": [5.9, 0.2, 8.75],
			"rotation": {"angle": 0, "axis": "y", "origin": [8, 8, 8]},
			"faces": {
				"north": {"uv": [4.125, 8.25, 4.25, 8.375], "texture": "#1"},
				"east": {"uv": [8.25, 4.125, 8.375, 4.25], "texture": "#1"},
				"south": {"uv": [4.25, 8.25, 4.375, 8.375], "texture": "#1"},
				"west": {"uv": [8.25, 4.25, 8.375, 4.375], "texture": "#1"},
				"up": {"uv": [4.5, 8.375, 4.375, 8.25], "texture": "#1"},
				"down": {"uv": [8.375, 4.375, 8.25, 4.5], "texture": "#1"}
			}
		},
		{
			"from": [10.1, 0, 7.25],
			"to": [11, 0.2, 8.75],
			"rotation": {"angle": 0, "axis": "y", "origin": [8, 8, 8]},
			"faces": {
				"north": {"uv": [4.5, 8.25, 4.625, 8.375], "texture": "#1"},
				"east": {"uv": [8.25, 4.5, 8.375, 4.625], "texture": "#1"},
				"south": {"uv": [4.625, 8.25, 4.75, 8.375], "texture": "#1"},
				"west": {"uv": [8.25, 4.625, 8.375, 4.75], "texture": "#1"},
				"up": {"uv": [4.875, 8.375, 4.75, 8.25], "texture": "#1"},
				"down": {"uv": [8.375, 4.75, 8.25, 4.875], "texture": "#1"}
			}
		},
		{
			"from": [9.5, -0.2, 7.25],
			"to": [10.3, 0, 8.75],
			"rotation": {"angle": 0, "axis": "y", "origin": [8, 8, 8]},
			"faces": {
				"north": {"uv": [4.875, 8.25, 5, 8.375], "texture": "#1"},
				"east": {"uv": [8.25, 4.875, 8.375, 5], "texture": "#1"},
				"south": {"uv": [5, 8.25, 5.125, 8.375], "texture": "#1"},
				"west": {"uv": [8.25, 5, 8.375, 5.125], "texture": "#1"},
				"up": {"uv": [5.25, 8.375, 5.125, 8.25], "texture": "#1"},
				"down": {"uv": [8.375, 5.125, 8.25, 5.25], "texture": "#1"}
			}
		},
		{
			"from": [5.7, -0.2, 7.25],
			"to": [6.5, 0, 8.75],
			"rotation": {"angle": 0, "axis": "y", "origin": [8, 8, 8]},
			"faces": {
				"north": {"uv": [5.25, 8.25, 5.375, 8.375], "texture": "#1"},
				"east": {"uv": [8.25, 5.25, 8.375, 5.375], "texture": "#1"},
				"south": {"uv": [5.375, 8.25, 5.5, 8.375], "texture": "#1"},
				"west": {"uv": [8.25, 5.375, 8.375, 5.5], "texture": "#1"},
				"up": {"uv": [5.625, 8.375, 5.5, 8.25], "texture": "#1"},
				"down": {"uv": [8.375, 5.5, 8.25, 5.625], "texture": "#1"}
			}
		},
		{
			"from": [6.3, -0.4, 7.25],
			"to": [9.7, -0.2, 8.75],
			"rotation": {"angle": 0, "axis": "y", "origin": [8, 8, 8]},
			"faces": {
				"north": {"uv": [7.625, 1.25, 8, 1.375], "texture": "#1"},
				"east": {"uv": [5.625, 8.25, 5.75, 8.375], "texture": "#1"},
				"south": {"uv": [7.625, 1.375, 8, 1.5], "texture": "#1"},
				"west": {"uv": [8.25, 5.625, 8.375, 5.75], "texture": "#1"},
				"up": {"uv": [8, 2, 7.625, 1.875], "texture": "#1"},
				"down": {"uv": [8, 2, 7.625, 2.125], "texture": "#1"}
			}
		},
		{
			"from": [10.8, 0.2, 7.25],
			"to": [11.5, 0.4, 8.75],
			"rotation": {"angle": 0, "axis": "y", "origin": [8, 8, 8]},
			"faces": {
				"north": {"uv": [5.75, 8.25, 5.875, 8.375], "texture": "#1"},
				"east": {"uv": [8.25, 5.75, 8.375, 5.875], "texture": "#1"},
				"south": {"uv": [5.875, 8.25, 6, 8.375], "texture": "#1"},
				"west": {"uv": [8.25, 5.875, 8.375, 6], "texture": "#1"},
				"up": {"uv": [6.125, 8.375, 6, 8.25], "texture": "#1"},
				"down": {"uv": [8.375, 6, 8.25, 6.125], "texture": "#1"}
			}
		},
		{
			"from": [4.5, 0.2, 7.25],
			"to": [5.1, 0.4, 8.75],
			"rotation": {"angle": 0, "axis": "y", "origin": [8, 8, 8]},
			"faces": {
				"north": {"uv": [6.125, 8.25, 6.25, 8.375], "texture": "#1"},
				"east": {"uv": [8.25, 6.125, 8.375, 6.25], "texture": "#1"},
				"south": {"uv": [6.25, 8.25, 6.375, 8.375], "texture": "#1"},
				"west": {"uv": [8.25, 6.25, 8.375, 6.375], "texture": "#1"},
				"up": {"uv": [6.5, 8.375, 6.375, 8.25], "texture": "#1"},
				"down": {"uv": [8.375, 6.375, 8.25, 6.5], "texture": "#1"}
			}
		},
		{
			"from": [4, 0.4, 7.25],
			"to": [4.8, 0.6, 8.75],
			"rotation": {"angle": 0, "axis": "y", "origin": [8, 8, 8]},
			"faces": {
				"north": {"uv": [6.5, 8.25, 6.625, 8.375], "texture": "#1"},
				"east": {"uv": [8.25, 6.5, 8.375, 6.625], "texture": "#1"},
				"south": {"uv": [6.625, 8.25, 6.75, 8.375], "texture": "#1"},
				"west": {"uv": [8.25, 6.625, 8.375, 6.75], "texture": "#1"},
				"up": {"uv": [6.875, 8.375, 6.75, 8.25], "texture": "#1"},
				"down": {"uv": [8.375, 6.75, 8.25, 6.875], "texture": "#1"}
			}
		},
		{
			"from": [11.3, 0.4, 7.25],
			"to": [12, 0.6, 8.75],
			"rotation": {"angle": 0, "axis": "y", "origin": [8, 8, 8]},
			"faces": {
				"north": {"uv": [6.875, 8.25, 7, 8.375], "texture": "#1"},
				"east": {"uv": [8.25, 6.875, 8.375, 7], "texture": "#1"},
				"south": {"uv": [7, 8.25, 7.125, 8.375], "texture": "#1"},
				"west": {"uv": [8.25, 7, 8.375, 7.125], "texture": "#1"},
				"up": {"uv": [7.25, 8.375, 7.125, 8.25], "texture": "#1"},
				"down": {"uv": [8.375, 7.125, 8.25, 7.25], "texture": "#1"}
			}
		},
		{
			"from": [11.8, 0.6, 7.25],
			"to": [12.4, 0.8, 8.75],
			"rotation": {"angle": 0, "axis": "y", "origin": [8, 8, 8]},
			"faces": {
				"north": {"uv": [7.25, 8.25, 7.375, 8.375], "texture": "#1"},
				"east": {"uv": [8.25, 7.25, 8.375, 7.375], "texture": "#1"},
				"south": {"uv": [7.375, 8.25, 7.5, 8.375], "texture": "#1"},
				"west": {"uv": [8.25, 7.375, 8.375, 7.5], "texture": "#1"},
				"up": {"uv": [7.625, 8.375, 7.5, 8.25], "texture": "#1"},
				"down": {"uv": [8.375, 7.5, 8.25, 7.625], "texture": "#1"}
			}
		},
		{
			"from": [3.6, 0.6, 7.25],
			"to": [4.1, 0.8, 8.75],
			"rotation": {"angle": 0, "axis": "y", "origin": [8, 8, 8]},
			"faces": {
				"north": {"uv": [7.625, 8.25, 7.75, 8.375], "texture": "#1"},
				"east": {"uv": [8.25, 7.625, 8.375, 7.75], "texture": "#1"},
				"south": {"uv": [7.75, 8.25, 7.875, 8.375], "texture": "#1"},
				"west": {"uv": [8.25, 7.75, 8.375, 7.875], "texture": "#1"},
				"up": {"uv": [8, 8.375, 7.875, 8.25], "texture": "#1"},
				"down": {"uv": [8.375, 7.875, 8.25, 8], "texture": "#1"}
			}
		},
		{
			"from": [3.2, 0.8, 7.25],
			"to": [3.9, 1, 8.75],
			"rotation": {"angle": 0, "axis": "y", "origin": [8, 8, 8]},
			"faces": {
				"north": {"uv": [8, 8.25, 8.125, 8.375], "texture": "#1"},
				"east": {"uv": [8.25, 8, 8.375, 8.125], "texture": "#1"},
				"south": {"uv": [8.125, 8.25, 8.25, 8.375], "texture": "#1"},
				"west": {"uv": [8.25, 8.125, 8.375, 8.25], "texture": "#1"},
				"up": {"uv": [8.375, 8.375, 8.25, 8.25], "texture": "#1"},
				"down": {"uv": [0.125, 8.375, 0, 8.5], "texture": "#1"}
			}
		},
		{
			"from": [12.2, 0.8, 7.25],
			"to": [12.8, 1, 8.75],
			"rotation": {"angle": 0, "axis": "y", "origin": [8, 8, 8]},
			"faces": {
				"north": {"uv": [8.375, 0, 8.5, 0.125], "texture": "#1"},
				"east": {"uv": [0.125, 8.375, 0.25, 8.5], "texture": "#1"},
				"south": {"uv": [8.375, 0.125, 8.5, 0.25], "texture": "#1"},
				"west": {"uv": [0.25, 8.375, 0.375, 8.5], "texture": "#1"},
				"up": {"uv": [8.5, 0.375, 8.375, 0.25], "texture": "#1"},
				"down": {"uv": [0.5, 8.375, 0.375, 8.5], "texture": "#1"}
			}
		},
		{
			"from": [6.5, 8.5, 7.25],
			"to": [9.5, 10, 8.75],
			"rotation": {"angle": 0, "axis": "y", "origin": [7, 8, 7]},
			"faces": {
				"north": {"uv": [0, 1.5, 1.5, 2.25], "texture": "#2"},
				"east": {"uv": [2, 4.5, 2.75, 5.25], "texture": "#2"},
				"south": {"uv": [1.5, 1.5, 3, 2.25], "texture": "#2"},
				"west": {"uv": [3, 4.5, 3.75, 5.25], "texture": "#2"},
				"up": {"uv": [3.5, 0.75, 2, 0], "texture": "#2"},
				"down": {"uv": [1.5, 2.5, 0, 3.25], "texture": "#2"}
			}
		},
		{
			"from": [6.75, 8, 7.25],
			"to": [9.25, 8.5, 8.75],
			"rotation": {"angle": 0, "axis": "y", "origin": [7, 8, 7]},
			"faces": {
				"north": {"uv": [8, 0.5, 9.25, 0.75], "texture": "#2"},
				"east": {"uv": [8, 6.5, 8.75, 6.75], "texture": "#2"},
				"south": {"uv": [8, 3, 9.25, 3.25], "texture": "#2"},
				"west": {"uv": [7, 8, 7.75, 8.25], "texture": "#2"},
				"up": {"uv": [2.75, 3.25, 1.5, 2.5], "texture": "#2"},
				"down": {"uv": [4.25, 1, 3, 1.75], "texture": "#2"}
			}
		},
		{
			"from": [7, 5.5, 7.25],
			"to": [9, 8, 8.75],
			"rotation": {"angle": 0, "axis": "y", "origin": [7, 8, 7]},
			"faces": {
				"north": {"uv": [0, 0, 1, 1.25], "texture": "#2"},
				"east": {"uv": [3, 2, 3.75, 3.25], "texture": "#2"},
				"south": {"uv": [1, 0, 2, 1.25], "texture": "#2"},
				"west": {"uv": [0, 3.5, 0.75, 4.75], "texture": "#2"},
				"up": {"uv": [4.5, 0.75, 3.5, 0], "texture": "#2"},
				"down": {"uv": [2, 3.5, 1, 4.25], "texture": "#2"}
			}
		},
		{
			"from": [10.75, 6.25, 7.25],
			"to": [11.5, 8, 8.75],
			"rotation": {"angle": 0, "axis": "y", "origin": [10, 8, 7]},
			"faces": {
				"north": {"uv": [1, 8, 1.375, 8.875], "texture": "#2"},
				"east": {"uv": [4, 4, 4.75, 4.875], "texture": "#2"},
				"south": {"uv": [1.5, 8, 1.875, 8.875], "texture": "#2"},
				"west": {"uv": [4.5, 0, 5.25, 0.875], "texture": "#2"},
				"up": {"uv": [2.875, 8.75, 2.5, 8], "texture": "#2"},
				"down": {"uv": [8.375, 3.5, 8, 4.25], "texture": "#2"}
			}
		},
		{
			"from": [4.5, 6.25, 7.25],
			"to": [5.25, 8, 8.75],
			"rotation": {"angle": 0, "axis": "y", "origin": [4, 8, 7]},
			"faces": {
				"north": {"uv": [2, 8, 2.375, 8.875], "texture": "#2"},
				"east": {"uv": [1, 4.5, 1.75, 5.375], "texture": "#2"},
				"south": {"uv": [8, 2, 8.375, 2.875], "texture": "#2"},
				"west": {"uv": [4.5, 1, 5.25, 1.875], "texture": "#2"},
				"up": {"uv": [4.375, 8.75, 4, 8], "texture": "#2"},
				"down": {"uv": [4.875, 8, 4.5, 8.75], "texture": "#2"}
			}
		},
		{
			"from": [9, 6.25, 7.25],
			"to": [10, 7.75, 8.75],
			"rotation": {"angle": 0, "axis": "y", "origin": [9, 8, 7]},
			"faces": {
				"north": {"uv": [0, 7, 0.5, 7.75], "texture": "#2"},
				"east": {"uv": [0, 5, 0.75, 5.75], "texture": "#2"},
				"south": {"uv": [0.5, 7, 1, 7.75], "texture": "#2"},
				"west": {"uv": [5, 2, 5.75, 2.75], "texture": "#2"},
				"up": {"uv": [7.5, 2.75, 7, 2], "texture": "#2"},
				"down": {"uv": [7.5, 3, 7, 3.75], "texture": "#2"}
			}
		},
		{
			"from": [6, 6.25, 7.25],
			"to": [7, 7.75, 8.75],
			"rotation": {"angle": 0, "axis": "y", "origin": [6, 8, 7]},
			"faces": {
				"north": {"uv": [4, 7, 4.5, 7.75], "texture": "#2"},
				"east": {"uv": [5, 3, 5.75, 3.75], "texture": "#2"},
				"south": {"uv": [7, 4, 7.5, 4.75], "texture": "#2"},
				"west": {"uv": [4, 5, 4.75, 5.75], "texture": "#2"},
				"up": {"uv": [5, 7.75, 4.5, 7], "texture": "#2"},
				"down": {"uv": [5.5, 7, 5, 7.75], "texture": "#2"}
			}
		},
		{
			"from": [9.5, 6.5, 7.25],
			"to": [10.75, 8, 8.75],
			"rotation": {"angle": 0, "axis": "y", "origin": [9, 8, 7]},
			"faces": {
				"north": {"uv": [5, 6, 5.625, 6.75], "texture": "#2"},
				"east": {"uv": [5, 4, 5.75, 4.75], "texture": "#2"},
				"south": {"uv": [6, 5, 6.625, 5.75], "texture": "#2"},
				"west": {"uv": [5, 5, 5.75, 5.75], "texture": "#2"},
				"up": {"uv": [6.625, 6.75, 6, 6], "texture": "#2"},
				"down": {"uv": [7.125, 0, 6.5, 0.75], "texture": "#2"}
			}
		},
		{
			"from": [5.25, 6.5, 7.25],
			"to": [6.5, 8, 8.75],
			"rotation": {"angle": 0, "axis": "y", "origin": [5, 8, 7]},
			"faces": {
				"north": {"uv": [1, 6.5, 1.625, 7.25], "texture": "#2"},
				"east": {"uv": [5.5, 0, 6.25, 0.75], "texture": "#2"},
				"south": {"uv": [6.5, 1, 7.125, 1.75], "texture": "#2"},
				"west": {"uv": [1, 5.5, 1.75, 6.25], "texture": "#2"},
				"up": {"uv": [2.625, 7.25, 2, 6.5], "texture": "#2"},
				"down": {"uv": [3.625, 6.5, 3, 7.25], "texture": "#2"}
			}
		},
		{
			"from": [11.5, 6, 7.25],
			"to": [12, 7.5, 8.75],
			"rotation": {"angle": 0, "axis": "y", "origin": [11, 8, 7]},
			"faces": {
				"north": {"uv": [8, 8, 8.25, 8.75], "texture": "#2"},
				"east": {"uv": [5.5, 1, 6.25, 1.75], "texture": "#2"},
				"south": {"uv": [0, 8.5, 0.25, 9.25], "texture": "#2"},
				"west": {"uv": [2, 5.5, 2.75, 6.25], "texture": "#2"},
				"up": {"uv": [0.75, 9.25, 0.5, 8.5], "texture": "#2"},
				"down": {"uv": [8.75, 1, 8.5, 1.75], "texture": "#2"}
			}
		},
		{
			"from": [4, 6, 7.25],
			"to": [4.5, 7.5, 8.75],
			"rotation": {"angle": 0, "axis": "y", "origin": [4, 8, 7]},
			"faces": {
				"north": {"uv": [8.5, 2, 8.75, 2.75], "texture": "#2"},
				"east": {"uv": [3, 5.5, 3.75, 6.25], "texture": "#2"},
				"south": {"uv": [3, 8.5, 3.25, 9.25], "texture": "#2"},
				"west": {"uv": [0, 6, 0.75, 6.75], "texture": "#2"},
				"up": {"uv": [3.75, 9.25, 3.5, 8.5], "texture": "#2"},
				"down": {"uv": [8.75, 3.5, 8.5, 4.25], "texture": "#2"}
			}
		},
		{
			"from": [9, 6, 7.25],
			"to": [9.5, 6.5, 8.75],
			"rotation": {"angle": 0, "axis": "y", "origin": [9, 8, 7]},
			"faces": {
				"north": {"uv": [10, 1, 10.25, 1.25], "texture": "#2"},
				"east": {"uv": [8.5, 4.5, 9.25, 4.75], "texture": "#2"},
				"south": {"uv": [10, 1.5, 10.25, 1.75], "texture": "#2"},
				"west": {"uv": [8.5, 5, 9.25, 5.25], "texture": "#2"},
				"up": {"uv": [5.75, 9.25, 5.5, 8.5], "texture": "#2"},
				"down": {"uv": [8.75, 5.5, 8.5, 6.25], "texture": "#2"}
			}
		},
		{
			"from": [6.5, 6, 7.25],
			"to": [7, 6.5, 8.75],
			"rotation": {"angle": 0, "axis": "y", "origin": [6, 8, 7]},
			"faces": {
				"north": {"uv": [10, 2, 10.25, 2.25], "texture": "#2"},
				"east": {"uv": [7, 8.5, 7.75, 8.75], "texture": "#2"},
				"south": {"uv": [10, 2.5, 10.25, 2.75], "texture": "#2"},
				"west": {"uv": [8.5, 7, 9.25, 7.25], "texture": "#2"},
				"up": {"uv": [6.25, 9.25, 6, 8.5], "texture": "#2"},
				"down": {"uv": [8.75, 7.5, 8.5, 8.25], "texture": "#2"}
			}
		},
		{
			"from": [3.75, 5.75, 7.25],
			"to": [4, 6.75, 8.75],
			"rotation": {"angle": 0, "axis": "y", "origin": [3, 8, 7]},
			"faces": {
				"north": {"uv": [10, 3, 10.125, 3.5], "texture": "#2"},
				"east": {"uv": [2, 1, 2.75, 1.5], "texture": "#2"},
				"south": {"uv": [10, 3.5, 10.125, 4], "texture": "#2"},
				"west": {"uv": [7, 5, 7.75, 5.5], "texture": "#2"},
				"up": {"uv": [9.625, 8.25, 9.5, 7.5], "texture": "#2"},
				"down": {"uv": [8.125, 9.5, 8, 10.25], "texture": "#2"}
			}
		},
		{
			"from": [12, 5.75, 7.25],
			"to": [12.25, 6.75, 8.75],
			"rotation": {"angle": 0, "axis": "y", "origin": [11, 8, 7]},
			"faces": {
				"north": {"uv": [4, 10, 4.125, 10.5], "texture": "#2"},
				"east": {"uv": [5.5, 7, 6.25, 7.5], "texture": "#2"},
				"south": {"uv": [10, 4, 10.125, 4.5], "texture": "#2"},
				"west": {"uv": [7, 5.5, 7.75, 6], "texture": "#2"},
				"up": {"uv": [8.625, 10.25, 8.5, 9.5], "texture": "#2"},
				"down": {"uv": [9.625, 8.5, 9.5, 9.25], "texture": "#2"}
			}
		},
		{
			"from": [10, 8, 7.25],
			"to": [11, 8.25, 8.75],
			"rotation": {"angle": 0, "axis": "y", "origin": [10, 8, 7]},
			"faces": {
				"north": {"uv": [4.5, 10, 5, 10.125], "texture": "#2"},
				"east": {"uv": [9, 9.5, 9.75, 9.625], "texture": "#2"},
				"south": {"uv": [10, 4.5, 10.5, 4.625], "texture": "#2"},
				"west": {"uv": [10, 0, 10.75, 0.125], "texture": "#2"},
				"up": {"uv": [7.5, 6.75, 7, 6], "texture": "#2"},
				"down": {"uv": [7, 7, 6.5, 7.75], "texture": "#2"}
			}
		},
		{
			"from": [5, 8, 7.25],
			"to": [6, 8.25, 8.75],
			"rotation": {"angle": 0, "axis": "y", "origin": [5, 8, 7]},
			"faces": {
				"north": {"uv": [5, 10, 5.5, 10.125], "texture": "#2"},
				"east": {"uv": [10, 0.5, 10.75, 0.625], "texture": "#2"},
				"south": {"uv": [10, 5, 10.5, 5.125], "texture": "#2"},
				"west": {"uv": [1, 10, 1.75, 10.125], "texture": "#2"},
				"up": {"uv": [7.5, 7.75, 7, 7], "texture": "#2"},
				"down": {"uv": [8, 0, 7.5, 0.75], "texture": "#2"}
			}
		},
		{
			"from": [7, 4.5, 7.25],
			"to": [7.5, 5.5, 8.75],
			"rotation": {"angle": 0, "axis": "y", "origin": [7, 7, 7]},
			"faces": {
				"north": {"uv": [9.5, 0.5, 9.75, 1], "texture": "#2"},
				"east": {"uv": [1, 7.5, 1.75, 8], "texture": "#2"},
				"south": {"uv": [9.5, 4, 9.75, 4.5], "texture": "#2"},
				"west": {"uv": [7.5, 1, 8.25, 1.5], "texture": "#2"},
				"up": {"uv": [8.75, 9.25, 8.5, 8.5], "texture": "#2"},
				"down": {"uv": [1.25, 9, 1, 9.75], "texture": "#2"}
			}
		},
		{
			"from": [9, 4.5, 7.25],
			"to": [9.5, 5, 8.75],
			"rotation": {"angle": 0, "axis": "y", "origin": [9, 5, 7]},
			"faces": {
				"north": {"uv": [5.5, 10, 5.75, 10.25], "texture": "#2"},
				"east": {"uv": [9, 0, 9.75, 0.25], "texture": "#2"},
				"south": {"uv": [10, 5.5, 10.25, 5.75], "texture": "#2"},
				"west": {"uv": [9, 1, 9.75, 1.25], "texture": "#2"},
				"up": {"uv": [1.75, 9.75, 1.5, 9], "texture": "#2"},
				"down": {"uv": [9.25, 1.5, 9, 2.25], "texture": "#2"}
			}
		},
		{
			"from": [6.5, 4.5, 7.25],
			"to": [7, 5, 8.75],
			"rotation": {"angle": 0, "axis": "y", "origin": [7, 5, 7]},
			"faces": {
				"north": {"uv": [6, 10, 6.25, 10.25], "texture": "#2"},
				"east": {"uv": [2, 9, 2.75, 9.25], "texture": "#2"},
				"south": {"uv": [10, 6, 10.25, 6.25], "texture": "#2"},
				"west": {"uv": [9, 2.5, 9.75, 2.75], "texture": "#2"},
				"up": {"uv": [9.25, 4.25, 9, 3.5], "texture": "#2"},
				"down": {"uv": [4.25, 9, 4, 9.75], "texture": "#2"}
			}
		},
		{
			"from": [8.5, 4.5, 7.25],
			"to": [9, 5.5, 8.75],
			"rotation": {"angle": 0, "axis": "y", "origin": [8, 7, 7]},
			"faces": {
				"north": {"uv": [9.5, 4.5, 9.75, 5], "texture": "#2"},
				"east": {"uv": [7.5, 1.5, 8.25, 2], "texture": "#2"},
				"south": {"uv": [9.5, 5, 9.75, 5.5], "texture": "#2"},
				"west": {"uv": [2, 7.5, 2.75, 8], "texture": "#2"},
				"up": {"uv": [4.75, 9.75, 4.5, 9], "texture": "#2"},
				"down": {"uv": [5.25, 9, 5, 9.75], "texture": "#2"}
			}
		},
		{
			"from": [6.5, 10, 7.25],
			"to": [7.5, 11.5, 8.75],
			"rotation": {"angle": 0, "axis": "y", "origin": [7, 10, 7]},
			"faces": {
				"north": {"uv": [7.5, 2, 8, 2.75], "texture": "#2"},
				"east": {"uv": [6, 2, 6.75, 2.75], "texture": "#2"},
				"south": {"uv": [3, 7.5, 3.5, 8.25], "texture": "#2"},
				"west": {"uv": [6, 3, 6.75, 3.75], "texture": "#2"},
				"up": {"uv": [8, 3.75, 7.5, 3], "texture": "#2"},
				"down": {"uv": [4, 7.5, 3.5, 8.25], "texture": "#2"}
			}
		},
		{
			"from": [8.5, 10, 7.25],
			"to": [9.5, 11.5, 8.75],
			"rotation": {"angle": 0, "axis": "y", "origin": [9, 10, 7]},
			"faces": {
				"north": {"uv": [7.5, 4, 8, 4.75], "texture": "#2"},
				"east": {"uv": [4, 6, 4.75, 6.75], "texture": "#2"},
				"south": {"uv": [5.5, 7.5, 6, 8.25], "texture": "#2"},
				"west": {"uv": [6, 4, 6.75, 4.75], "texture": "#2"},
				"up": {"uv": [6.5, 8.25, 6, 7.5], "texture": "#2"},
				"down": {"uv": [8, 6, 7.5, 6.75], "texture": "#2"}
			}
		},
		{
			"from": [6.5, 11.5, 7.25],
			"to": [7, 12, 8.75],
			"rotation": {"angle": 0, "axis": "y", "origin": [7, 12, 7]},
			"faces": {
				"north": {"uv": [6.5, 10, 6.75, 10.25], "texture": "#2"},
				"east": {"uv": [9, 5.5, 9.75, 5.75], "texture": "#2"},
				"south": {"uv": [10, 6.5, 10.25, 6.75], "texture": "#2"},
				"west": {"uv": [9, 6, 9.75, 6.25], "texture": "#2"},
				"up": {"uv": [6.75, 9.75, 6.5, 9], "texture": "#2"},
				"down": {"uv": [7.25, 9, 7, 9.75], "texture": "#2"}
			}
		},
		{
			"from": [9, 11.5, 7.25],
			"to": [9.5, 12, 8.75],
			"rotation": {"angle": 0, "axis": "y", "origin": [10, 12, 7]},
			"faces": {
				"north": {"uv": [7, 10, 7.25, 10.25], "texture": "#2"},
				"east": {"uv": [9, 6.5, 9.75, 6.75], "texture": "#2"},
				"south": {"uv": [10, 7, 10.25, 7.25], "texture": "#2"},
				"west": {"uv": [7.5, 9, 8.25, 9.25], "texture": "#2"},
				"up": {"uv": [9.25, 8.25, 9, 7.5], "texture": "#2"},
				"down": {"uv": [9.25, 8.5, 9, 9.25], "texture": "#2"}
			}
		},
		{
			"from": [6, 9.5, 7.25],
			"to": [6.5, 11.5, 8.75],
			"rotation": {"angle": 0, "axis": "y", "origin": [6, 11, 7]},
			"faces": {
				"north": {"uv": [8, 4.5, 8.25, 5.5], "texture": "#2"},
				"east": {"uv": [2, 3.5, 2.75, 4.5], "texture": "#2"},
				"south": {"uv": [5, 8, 5.25, 9], "texture": "#2"},
				"west": {"uv": [3, 3.5, 3.75, 4.5], "texture": "#2"},
				"up": {"uv": [0.25, 10.25, 0, 9.5], "texture": "#2"},
				"down": {"uv": [0.75, 9.5, 0.5, 10.25], "texture": "#2"}
			}
		},
		{
			"from": [5.5, 10, 7.25],
			"to": [6, 11, 8.75],
			"rotation": {"angle": 0, "axis": "y", "origin": [6, 11, 7]},
			"faces": {
				"north": {"uv": [5.5, 9.5, 5.75, 10], "texture": "#2"},
				"east": {"uv": [7.5, 7, 8.25, 7.5], "texture": "#2"},
				"south": {"uv": [6, 9.5, 6.25, 10], "texture": "#2"},
				"west": {"uv": [7.5, 7.5, 8.25, 8], "texture": "#2"},
				"up": {"uv": [9.75, 2.25, 9.5, 1.5], "texture": "#2"},
				"down": {"uv": [2.25, 9.5, 2, 10.25], "texture": "#2"}
			}
		},
		{
			"from": [9.5, 9.5, 7.25],
			"to": [10, 11.5, 8.75],
			"rotation": {"angle": 0, "axis": "y", "origin": [9, 11, 7]},
			"faces": {
				"north": {"uv": [8, 5.5, 8.25, 6.5], "texture": "#2"},
				"east": {"uv": [4, 2, 4.75, 3], "texture": "#2"},
				"south": {"uv": [6.5, 8, 6.75, 9], "texture": "#2"},
				"west": {"uv": [4, 3, 4.75, 4], "texture": "#2"},
				"up": {"uv": [2.75, 10.25, 2.5, 9.5], "texture": "#2"},
				"down": {"uv": [3.25, 9.5, 3, 10.25], "texture": "#2"}
			}
		},
		{
			"from": [10, 10, 7.25],
			"to": [10.5, 11, 8.75],
			"rotation": {"angle": 0, "axis": "y", "origin": [10, 11, 7]},
			"faces": {
				"north": {"uv": [9.5, 7, 9.75, 7.5], "texture": "#2"},
				"east": {"uv": [0, 8, 0.75, 8.5], "texture": "#2"},
				"south": {"uv": [7.5, 9.5, 7.75, 10], "texture": "#2"},
				"west": {"uv": [8, 0, 8.75, 0.5], "texture": "#2"},
				"up": {"uv": [9.75, 3.75, 9.5, 3], "texture": "#2"},
				"down": {"uv": [3.75, 9.5, 3.5, 10.25], "texture": "#2"}
			}
		}
	],
	"display": {
		"thirdperson_righthand": {
			"rotation": [19, 90, 24],
			"translation": [-0.5, 0, -0.5],
			"scale": [0.2, 0.2, 0.2]
		},
		"thirdperson_lefthand": {
			"rotation": [19, 90, 24],
			"translation": [-0.5, 0, -0.5],
			"scale": [0.2, 0.2, 0.2]
		},
		"firstperson_righthand": {
			"rotation": [-13, -86, -16],
			"translation": [0.25, 0, 0],
			"scale": [0.3, 0.3, 0.3]
		},
		"firstperson_lefthand": {
			"rotation": [-13, -86, -16],
			"translation": [0.25, 0, 0],
			"scale": [0.3, 0.3, 0.3]
		},
		"ground": {
			"scale": [0.2, 0.2, 0.2]
		},
		"gui": {
			"scale": [0.5, 0.5, 0.5]
		},
		"head": {
			"scale": [0, 0, 0]
		},
		"fixed": {
			"scale": [0.5, 0.5, 0.5]
		}
	},
	"groups": [
		{
			"name": "base",
			"origin": [0, 0, 0],
			"color": 0,
			"children": [
				0,
				{
					"name": "right",
					"origin": [0, 0, 0],
					"color": 0,
					"children": [1, 2, 3, 4, 5, 6, 7, 8, 9, 10, 11, 12]
				},
				{
					"name": "top",
					"origin": [0, 0, 0],
					"color": 0,
					"children": [13, 14, 15, 16, 17, 18, 19, 20, 21, 22, 23, 24]
				},
				{
					"name": "left",
					"origin": [0, 0, 0],
					"color": 0,
					"children": [25, 26, 27, 28, 29, 30, 31, 32, 33, 34, 35, 36]
				},
				{
					"name": "bottom",
					"origin": [0, 0, 0],
					"color": 0,
					"children": [37, 38, 39, 40, 41, 42, 43, 44, 45, 46, 47, 48]
				}
			]
		},
		{
			"name": "rim",
			"origin": [8, 19.8, 8],
			"color": 0,
			"children": [
				{
					"name": "right",
					"origin": [0, 0, 0],
					"color": 0,
					"children": [49, 50, 51, 52, 53, 54, 55, 56, 57, 58, 59, 60, 61, 62, 63, 64, 65, 66, 67, 68, 69, 70, 71]
				},
				{
					"name": "top",
					"origin": [0, 0, 0],
					"color": 0,
					"children": [72, 73, 74, 75, 76, 77, 78, 79, 80, 81, 82, 83, 84, 85, 86, 87, 88, 89, 90, 91, 92, 93, 94]
				},
				{
					"name": "left",
					"origin": [0, 0, 0],
					"color": 0,
					"children": [95, 96, 97, 98, 99, 100, 101, 102, 103, 104, 105, 106, 107, 108, 109, 110, 111, 112, 113, 114, 115, 116, 117]
				},
				{
					"name": "bottom",
					"origin": [0, 0, 0],
					"color": 0,
					"children": [118, 119, 120, 121, 122, 123, 124, 125, 126, 127, 128, 129, 130, 131, 132, 133, 134, 135, 136, 137, 138, 139, 140]
				}
			]
		},
		{
			"name": "bat",
			"origin": [8, 8, 8],
			"color": 2,
			"children": [141, 142, 143, 144, 145, 146, 147, 148, 149, 150, 151, 152, 153, 154, 155, 156, 157, 158, 159, 160, 161, 162, 163, 164, 165, 166, 167, 168, 169]
		}
	]
}