{
	"format_version": "1.21.6",
	"credit": "Made by SHO310",
	"texture_size": [64, 64],
	"textures": {
		"0": "custom:item/sho/hat_beatle/beatle_brown",
		"particle": "custom:item/sho/hat_beatle/beatle_brown"
	},
	"elements": [
		{
			"from": [2, 0, 14],
			"to": [14, 1.75, 14],
			"rotation": {"angle": 0, "axis": "y", "origin": [2, 0, 2]},
			"faces": {
				"north": {"uv": [6.5, 3, 9.5, 3.5], "texture": "#0"},
				"east": {"uv": [0, 0, 0, 0.5], "texture": "#0"},
				"south": {"uv": [6.5, 3, 9.5, 3.5], "texture": "#0"},
				"west": {"uv": [0, 0, 0, 0.5], "texture": "#0"},
				"up": {"uv": [3, 0, 0, 0], "texture": "#0"},
				"down": {"uv": [3, 0, 0, 0], "texture": "#0"}
			}
		},
		{
			"from": [2, 0, 2],
			"to": [2, 1.75, 14],
			"rotation": {"angle": 0, "axis": "y", "origin": [2, 0, 2]},
			"faces": {
				"north": {"uv": [0, 0, 0, 0.5], "texture": "#0"},
				"east": {"uv": [6.5, 4, 9.5, 4.5], "texture": "#0"},
				"south": {"uv": [0, 0, 0, 0.5], "texture": "#0"},
				"west": {"uv": [6.5, 4, 9.5, 4.5], "texture": "#0"},
				"up": {"uv": [0, 3, 0, 0], "texture": "#0"},
				"down": {"uv": [0, 0, 0, 3], "texture": "#0"}
			}
		},
		{
			"from": [2, 0, 2],
			"to": [14, 1.75, 2],
			"rotation": {"angle": 0, "axis": "y", "origin": [2, 0, 2]},
			"faces": {
				"north": {"uv": [6.5, 4.5, 9.5, 5], "texture": "#0"},
				"east": {"uv": [0, 0, 0, 0.5], "texture": "#0"},
				"south": {"uv": [6.5, 4.5, 9.5, 5], "texture": "#0"},
				"west": {"uv": [0, 0, 0, 0.5], "texture": "#0"},
				"up": {"uv": [3, 0, 0, 0], "texture": "#0"},
				"down": {"uv": [3, 0, 0, 0], "texture": "#0"}
			}
		},
		{
			"from": [14, 0, 2],
			"to": [14, 1.75, 14],
			"rotation": {"angle": 0, "axis": "y", "origin": [2, 0, 2]},
			"faces": {
				"north": {"uv": [0, 0, 0, 0.5], "texture": "#0"},
				"east": {"uv": [6.5, 5.5, 9.5, 6], "texture": "#0"},
				"south": {"uv": [0, 0, 0, 0.5], "texture": "#0"},
				"west": {"uv": [6.5, 5.5, 9.5, 6], "texture": "#0"},
				"up": {"uv": [0, 3, 0, 0], "texture": "#0"},
				"down": {"uv": [0, 0, 0, 3], "texture": "#0"}
			}
		},
		{
			"from": [1.5, 3, 1.5],
			"to": [14.5, 4.25, 14.5],
			"rotation": {"angle": 5, "axis": "x", "origin": [8, 4, 8]},
			"faces": {
				"north": {"uv": [6.5, 6, 9.75, 6.25], "texture": "#0"},
				"east": {"uv": [6.5, 6.25, 9.75, 6.5], "texture": "#0"},
				"south": {"uv": [3, 7, 6.25, 7.25], "texture": "#0"},
				"west": {"uv": [6.25, 7, 9.5, 7.25], "texture": "#0"},
				"up": {"uv": [3.25, 3.25, 0, 0], "texture": "#0"},
				"down": {"uv": [3.25, 0, 0, 3.25], "texture": "#0"}
			}
		},
		{
			"from": [1.5, 1.75, 1.5],
			"to": [14.5, 3.75, 14.5],
			"rotation": {"angle": 0, "axis": "y", "origin": [2, 1.75, 2]},
			"faces": {
				"north": {"uv": [6.5, 1, 9.75, 1.5], "texture": "#0"},
				"east": {"uv": [6.5, 1.5, 9.75, 2], "texture": "#0"},
				"south": {"uv": [6.5, 2, 9.75, 2.5], "texture": "#0"},
				"west": {"uv": [6.5, 2.5, 9.75, 3], "texture": "#0"},
				"up": {"uv": [6.5, 3.25, 3.25, 0], "texture": "#0"},
				"down": {"uv": [6.5, 3.25, 3.25, 6.5], "texture": "#0"}
			}
		},
		{
			"from": [2, -3, -1.25],
			"to": [14, -3, 2.75],
			"rotation": {"angle": -15, "axis": "x", "origin": [2, -4, -9.25]},
			"faces": {
				"north": {"uv": [0, 0, 3, 0], "texture": "#0"},
				"east": {"uv": [0, 0, 1, 0], "texture": "#0"},
				"south": {"uv": [0, 0, 3, 0], "texture": "#0"},
				"west": {"uv": [0, 0, 1, 0], "texture": "#0"},
				"up": {"uv": [3, 7.5, 0, 6.5], "texture": "#0"},
				"down": {"uv": [3, 6.5, 0, 7.5], "texture": "#0"}
			}
		},
		{
			"from": [1.5, 0, 1.75],
			"to": [1.5, 1, 5],
			"rotation": {"angle": 0, "axis": "y", "origin": [2, 0, 2]},
			"faces": {
				"north": {"uv": [0, 0, 0, 0.25], "texture": "#0"},
				"east": {"uv": [0.75, 7.5, 1.5, 7.75], "texture": "#0"},
				"south": {"uv": [0, 0, 0, 0.25], "texture": "#0"},
				"west": {"uv": [0.75, 7.5, 1.5, 7.75], "texture": "#0"},
				"up": {"uv": [0, 0.75, 0, 0], "texture": "#0"},
				"down": {"uv": [0, 0, 0, 0.75], "texture": "#0"}
			}
		},
		{
			"from": [14.25, 0, 1.75],
			"to": [14.25, 1, 5],
			"rotation": {"angle": 0, "axis": "y", "origin": [2, 0, 2]},
			"faces": {
				"north": {"uv": [0, 0, 0, 0.25], "texture": "#0"},
				"east": {"uv": [1.5, 7.5, 2.25, 7.75], "texture": "#0"},
				"south": {"uv": [0, 0, 0, 0.25], "texture": "#0"},
				"west": {"uv": [1.5, 7.5, 2.25, 7.75], "texture": "#0"},
				"up": {"uv": [0, 0.75, 0, 0], "texture": "#0"},
				"down": {"uv": [0, 0, 0, 0.75], "texture": "#0"}
			}
		},
		{
			"from": [1.5, 0, 1.75],
			"to": [14.25, 1, 1.75],
			"rotation": {"angle": 0, "axis": "y", "origin": [2, 0, 2]},
			"faces": {
				"north": {"uv": [3, 7.25, 6.25, 7.5], "texture": "#0"},
				"east": {"uv": [0, 0, 0, 0.25], "texture": "#0"},
				"south": {"uv": [3, 7.25, 6.25, 7.5], "texture": "#0"},
				"west": {"uv": [0, 0, 0, 0.25], "texture": "#0"},
				"up": {"uv": [3.25, 0, 0, 0], "texture": "#0"},
				"down": {"uv": [3.25, 0, 0, 0], "texture": "#0"}
			}
		},
		{
			"from": [1.25, 0.25, 3.5],
			"to": [1.5, 0.75, 4],
			"rotation": {"angle": -45, "axis": "x", "origin": [1.375, 0.5, 3.75]},
			"faces": {
				"north": {"uv": [3, 7.5, 3.25, 7.75], "texture": "#0"},
				"east": {"uv": [3.25, 7.5, 3.5, 7.75], "texture": "#0"},
				"south": {"uv": [3.5, 7.5, 3.75, 7.75], "texture": "#0"},
				"west": {"uv": [3.75, 7.5, 4, 7.75], "texture": "#0"},
				"up": {"uv": [4.25, 7.75, 4, 7.5], "texture": "#0"},
				"down": {"uv": [4.5, 7.5, 4.25, 7.75], "texture": "#0"}
			}
		},
		{
			"from": [14.25, 0.25, 3.5],
			"to": [14.5, 0.75, 4],
			"rotation": {"angle": -45, "axis": "x", "origin": [14.375, 0.5, 3.75]},
			"faces": {
				"north": {"uv": [4.5, 7.5, 4.75, 7.75], "texture": "#0"},
				"east": {"uv": [4.75, 7.5, 5, 7.75], "texture": "#0"},
				"south": {"uv": [5, 7.5, 5.25, 7.75], "texture": "#0"},
				"west": {"uv": [5.25, 7.5, 5.5, 7.75], "texture": "#0"},
				"up": {"uv": [5.75, 7.75, 5.5, 7.5], "texture": "#0"},
				"down": {"uv": [6, 7.5, 5.75, 7.75], "texture": "#0"}
			}
		}
	],
	"gui_light": "front",
	"display": {
		"thirdperson_righthand": {
			"translation": [0, 2.5, 0],
			"scale": [0.44, 0.44, 0.44]
		},
		"thirdperson_lefthand": {
			"translation": [0, 2.5, 0],
			"scale": [0.44, 0.44, 0.44]
		},
		"ground": {
			"translation": [0, 3.5, 0],
			"scale": [0.71, 0.71, 0.71]
		},
		"gui": {
			"rotation": [28, 152, 0],
			"translation": [0, 4.25, 0],
			"scale": [0.74, 0.74, 0.74]
		},
		"head": {
			"translation": [0, 11.75, 0],
			"scale": [1.23, 1.23, 1.23]
		},
		"fixed": {
			"rotation": [-90, 0, 0],
			"translation": [0, 1.5, -9.25]
		},
		"on_shelf": {
			"rotation": [90, 180, 0],
			"translation": [0, 0, 4.75]
		}
	},
	"groups": [
		{
			"name": "beatle",
			"origin": [0, 3, 0],
			"color": 0,
			"children": [
				{
					"name": "middle_part",
					"origin": [2, 0, 2],
					"color": 0,
					"children": [0, 1, 2, 3]
				},
				{
					"name": "top_part",
					"origin": [8, 4, 8],
					"color": 0,
					"children": [4, 5]
				},
				{
					"name": "tilted_part",
					"origin": [2, -4, -9.25],
					"color": 0,
					"children": [6]
				},
				{
					"name": "ribbon",
					"origin": [2, 0, 2],
					"color": 0,
					"children": [7, 8, 9]
				},
				{
					"name": "buttons",
					"origin": [1.375, 0.5, 3.75],
					"color": 0,
					"children": [10, 11]
				}
			]
		}
	]
}