{
  "credit": "Made by REDPalette12",
  "texture_size": [64, 64],
  "textures": {
    "0": "custom:item/redpalette/akabenihat",
    "particle": "custom:item/redpalette/akabenihat"
  },
  "elements": [
    {
      "name": "middle",
      "from": [4, 9, 4],
      "to": [12, 12, 12],
      "rotation": { "angle": 0, "axis": "z", "origin": [8, 13, 8] },
      "faces": {
        "north": { "uv": [2, 7.5, 4, 8.25], "texture": "#0" },
        "east": { "uv": [0, 7.5, 2, 8.25], "texture": "#0" },
        "south": { "uv": [6, 7.5, 8, 8.25], "texture": "#0" },
        "west": { "uv": [4, 7.5, 6, 8.25], "texture": "#0" },
        "up": { "uv": [4, 7.5, 2, 5.5], "texture": "#0" },
        "down": { "uv": [6, 5.5, 4, 7.5], "texture": "#0" }
      }
    },
    {
      "name": "base",
      "from": [3.5, 8, 3.5],
      "to": [12.5, 10, 12.5],
      "rotation": { "angle": 0, "axis": "z", "origin": [7.5, 12, 7.5] },
      "faces": {
        "north": { "uv": [2.25, 2.25, 4.5, 2.75], "texture": "#0" },
        "east": { "uv": [0, 2.25, 2.25, 2.75], "texture": "#0" },
        "south": { "uv": [6.75, 2.25, 9, 2.75], "texture": "#0" },
        "west": { "uv": [4.5, 2.25, 6.75, 2.75], "texture": "#0" },
        "up": { "uv": [4.5, 2.25, 2.25, 0], "texture": "#0" },
        "down": { "uv": [6.75, 0, 4.5, 2.25], "texture": "#0" }
      }
    },
    {
      "name": "brim",
      "from": [4.5, 7.25, 0],
      "to": [11.5, 7.25, 3],
      "rotation": { "angle": -22.5, "axis": "x", "origin": [8.5, 11.25, -1] },
      "faces": {
        "north": { "uv": [8.75, 6.25, 10.5, 6.25], "texture": "#0" },
        "east": { "uv": [8, 6.25, 8.75, 6.25], "texture": "#0" },
        "south": { "uv": [11.25, 6.25, 13, 6.25], "texture": "#0" },
        "west": { "uv": [10.5, 6.25, 11.25, 6.25], "texture": "#0" },
        "up": { "uv": [10.5, 6.25, 8.75, 5.5], "texture": "#0" },
        "down": { "uv": [12.25, 5.5, 10.5, 6.25], "texture": "#0" }
      }
    },
    {
      "name": "hat",
      "from": [3.5, 11.25, 3.5],
      "to": [12.5, 13.25, 12.5],
      "rotation": { "angle": 0, "axis": "z", "origin": [7.5, 15.25, 7.5] },
      "faces": {
        "north": { "uv": [2.25, 5, 4.5, 5.5], "texture": "#0" },
        "east": { "uv": [0, 5, 2.25, 5.5], "texture": "#0" },
        "south": { "uv": [6.75, 5, 9, 5.5], "texture": "#0" },
        "west": { "uv": [4.5, 5, 6.75, 5.5], "texture": "#0" },
        "up": { "uv": [4.5, 5, 2.25, 2.75], "texture": "#0" },
        "down": { "uv": [6.75, 2.75, 4.5, 5], "texture": "#0" }
      }
    },
    {
      "name": "hat",
      "from": [4.75, 8.25, 1.5],
      "to": [5.75, 9.25, 2.5],
      "rotation": { "angle": 22.5, "axis": "y", "origin": [8.75, 12.25, 5.5] },
      "faces": {
        "north": { "uv": [8.25, 7.5, 8.5, 7.75], "texture": "#0" },
        "east": { "uv": [8, 7.5, 8.25, 7.75], "texture": "#0" },
        "south": { "uv": [8.75, 7.5, 9, 7.75], "texture": "#0" },
        "west": { "uv": [8.5, 7.5, 8.75, 7.75], "texture": "#0" },
        "up": { "uv": [8.5, 7.5, 8.25, 7.25], "texture": "#0" },
        "down": { "uv": [8.75, 7.25, 8.5, 7.5], "texture": "#0" }
      }
    },
    {
      "name": "hat",
      "from": [9.75, 8.25, 4.25],
      "to": [10.75, 9.25, 5.25],
      "rotation": {
        "angle": -22.5,
        "axis": "y",
        "origin": [13.75, 12.25, 8.25]
      },
      "faces": {
        "north": { "uv": [8.25, 7, 8.5, 7.25], "texture": "#0" },
        "east": { "uv": [8, 7, 8.25, 7.25], "texture": "#0" },
        "south": { "uv": [8.75, 7, 9, 7.25], "texture": "#0" },
        "west": { "uv": [8.5, 7, 8.75, 7.25], "texture": "#0" },
        "up": { "uv": [8.5, 7, 8.25, 6.75], "texture": "#0" },
        "down": { "uv": [8.75, 6.75, 8.5, 7], "texture": "#0" }
      }
    },
    {
      "name": "hat",
      "from": [4, 8.5, 3.25],
      "to": [12, 9.5, 4.25],
      "rotation": { "angle": 0, "axis": "y", "origin": [8, 12.5, 7.25] },
      "faces": {
        "north": { "uv": [8.25, 6.5, 10.25, 6.75], "texture": "#0" },
        "east": { "uv": [8, 6.5, 8.25, 6.75], "texture": "#0" },
        "south": { "uv": [10.5, 6.5, 12.5, 6.75], "texture": "#0" },
        "west": { "uv": [10.25, 6.5, 10.5, 6.75], "texture": "#0" },
        "up": { "uv": [10.25, 6.5, 8.25, 6.25], "texture": "#0" },
        "down": { "uv": [12.25, 6.25, 10.25, 6.5], "texture": "#0" }
      }
    }
  ],
  "display": {
    "firstperson_righthand": {
      "rotation": [0, 126, 0]
    },
    "firstperson_lefthand": {
      "rotation": [0, 130, 0]
    },
    "gui": {
      "rotation": [25, 135, 0],
      "translation": [0, -3, 0],
      "scale": [1, 1, 1]
    },
    "head": {
      "rotation": [8, 0, -5],
      "translation": [0, 3.75, -0.5],
      "scale": [1.6, 1.6, 1.7]
    },
    "fixed": {
      "rotation": [-90, 24, 0],
      "translation": [0, 0.25, -0.25],
      "scale": [1.6, 1.6, 1.6]
    }
  }
}
