{
	"format_version": "1.21.6",
	"credit": "Made with Blockbench",
	"texture_size": [64, 64],
	"textures": {
		"0": "custom:item/dadmann/taskmaster/copper_piece",
		"particle": "custom:item/dadmann/taskmaster/copper_piece"
	},
	"elements": [
		{
			"from": [7.3, 5.6, 7.3],
			"to": [8.3, 6.1, 8.7],
			"rotation": {"angle": 0, "axis": "y", "origin": [7.3, 5.9, 7.4]},
			"faces": {
				"north": {"uv": [6.75, 2.25, 7, 2.5], "texture": "#0"},
				"east": {"uv": [2.75, 6.75, 3, 7], "texture": "#0"},
				"south": {"uv": [6.75, 2.75, 7, 3], "texture": "#0"},
				"west": {"uv": [3, 6.75, 3.25, 7], "texture": "#0"},
				"up": {"uv": [7, 3.25, 6.75, 3], "texture": "#0"},
				"down": {"uv": [3.5, 6.75, 3.25, 7], "texture": "#0"}
			}
		},
		{
			"from": [7.3, 7.1, 7.3],
			"to": [8.3, 7.6, 8.7],
			"rotation": {"angle": 0, "axis": "y", "origin": [7.3, 7.4, 7.4]},
			"faces": {
				"north": {"uv": [3.5, 6.75, 3.75, 7], "texture": "#0"},
				"east": {"uv": [6.75, 3.5, 7, 3.75], "texture": "#0"},
				"south": {"uv": [3.75, 6.75, 4, 7], "texture": "#0"},
				"west": {"uv": [6.75, 3.75, 7, 4], "texture": "#0"},
				"up": {"uv": [7, 4.25, 6.75, 4], "texture": "#0"},
				"down": {"uv": [4.5, 6.75, 4.25, 7], "texture": "#0"}
			}
		},
		{
			"from": [6.8, 5.6, 7.3],
			"to": [7.3, 7.6, 8.7],
			"rotation": {"angle": 0, "axis": "y", "origin": [1.1, 0.8, 7]},
			"faces": {
				"north": {"uv": [1.25, 4.5, 1.5, 5], "texture": "#0"},
				"east": {"uv": [3.25, 4.5, 3.5, 5], "texture": "#0"},
				"south": {"uv": [3.5, 4.5, 3.75, 5], "texture": "#0"},
				"west": {"uv": [3.75, 4.5, 4, 5], "texture": "#0"},
				"up": {"uv": [7, 4.5, 6.75, 4.25], "texture": "#0"},
				"down": {"uv": [4.75, 6.75, 4.5, 7], "texture": "#0"}
			}
		},
		{
			"from": [8.3, 5.6, 7.3],
			"to": [8.8, 7.6, 8.7],
			"rotation": {"angle": 0, "axis": "y", "origin": [2.6, 0.8, 7]},
			"faces": {
				"north": {"uv": [4, 4.5, 4.25, 5], "texture": "#0"},
				"east": {"uv": [4.25, 4.5, 4.5, 5], "texture": "#0"},
				"south": {"uv": [4.5, 4.5, 4.75, 5], "texture": "#0"},
				"west": {"uv": [4.75, 0, 5, 0.5], "texture": "#0"},
				"up": {"uv": [7, 5, 6.75, 4.75], "texture": "#0"},
				"down": {"uv": [7, 5, 6.75, 5.25], "texture": "#0"}
			}
		},
		{
			"from": [2.7, 1.8, 7.3],
			"to": [3.2, 11.4, 8.7],
			"rotation": {"angle": 0, "axis": "y", "origin": [-3, 0.8, 7]},
			"faces": {
				"north": {"uv": [1.5, 2.5, 1.75, 5], "texture": "#0"},
				"east": {"uv": [1.75, 2.5, 2, 5], "texture": "#0"},
				"south": {"uv": [3, 1, 3.25, 3.5], "texture": "#0"},
				"west": {"uv": [2, 3, 2.25, 5.5], "texture": "#0"},
				"up": {"uv": [7, 5.5, 6.75, 5.25], "texture": "#0"},
				"down": {"uv": [7, 5.5, 6.75, 5.75], "texture": "#0"}
			}
		},
		{
			"from": [3.2, 1.8, 7.3],
			"to": [3.7, 2.3, 8.7],
			"rotation": {"angle": 0, "axis": "y", "origin": [-2.5, 0.8, 7]},
			"faces": {
				"north": {"uv": [6, 6.75, 6.25, 7], "texture": "#0"},
				"east": {"uv": [6.25, 6.75, 6.5, 7], "texture": "#0"},
				"south": {"uv": [6.75, 6.25, 7, 6.5], "texture": "#0"},
				"west": {"uv": [6.5, 6.75, 6.75, 7], "texture": "#0"},
				"up": {"uv": [7, 6.75, 6.75, 6.5], "texture": "#0"},
				"down": {"uv": [7, 6.75, 6.75, 7], "texture": "#0"}
			}
		},
		{
			"from": [3.2, 1.3, 7.3],
			"to": [12.7, 1.8, 8.7],
			"rotation": {"angle": 0, "axis": "y", "origin": [7.6, 1.4, 7]},
			"faces": {
				"north": {"uv": [3.25, 1, 5.75, 1.25], "texture": "#0"},
				"east": {"uv": [0, 7, 0.25, 7.25], "texture": "#0"},
				"south": {"uv": [3.25, 1.25, 5.75, 1.5], "texture": "#0"},
				"west": {"uv": [0.25, 7, 0.5, 7.25], "texture": "#0"},
				"up": {"uv": [5.75, 1.75, 3.25, 1.5], "texture": "#0"},
				"down": {"uv": [5.75, 1.75, 3.25, 2], "texture": "#0"}
			}
		},
		{
			"from": [12.2, 1.8, 7.3],
			"to": [12.7, 2.3, 8.7],
			"rotation": {"angle": 0, "axis": "y", "origin": [6.5, 0.8, 7]},
			"faces": {
				"north": {"uv": [0.5, 7, 0.75, 7.25], "texture": "#0"},
				"east": {"uv": [0.75, 7, 1, 7.25], "texture": "#0"},
				"south": {"uv": [7, 0.75, 7.25, 1], "texture": "#0"},
				"west": {"uv": [1, 7, 1.25, 7.25], "texture": "#0"},
				"up": {"uv": [7.25, 1.25, 7, 1], "texture": "#0"},
				"down": {"uv": [1.5, 7, 1.25, 7.25], "texture": "#0"}
			}
		},
		{
			"from": [12.7, 1.8, 7.3],
			"to": [13.2, 11.4, 8.7],
			"rotation": {"angle": 0, "axis": "y", "origin": [7, 0.8, 7]},
			"faces": {
				"north": {"uv": [2.25, 3, 2.5, 5.5], "texture": "#0"},
				"east": {"uv": [2.5, 3, 2.75, 5.5], "texture": "#0"},
				"south": {"uv": [2.75, 3, 3, 5.5], "texture": "#0"},
				"west": {"uv": [3.25, 2, 3.5, 4.5], "texture": "#0"},
				"up": {"uv": [7.25, 1.75, 7, 1.5], "texture": "#0"},
				"down": {"uv": [2, 7, 1.75, 7.25], "texture": "#0"}
			}
		},
		{
			"from": [12.2, 10.9, 7.3],
			"to": [12.7, 11.4, 8.7],
			"rotation": {"angle": 0, "axis": "y", "origin": [6.5, 9.9, 7]},
			"faces": {
				"north": {"uv": [7, 1.75, 7.25, 2], "texture": "#0"},
				"east": {"uv": [2, 7, 2.25, 7.25], "texture": "#0"},
				"south": {"uv": [7, 2.25, 7.25, 2.5], "texture": "#0"},
				"west": {"uv": [7, 2.5, 7.25, 2.75], "texture": "#0"},
				"up": {"uv": [3, 7.25, 2.75, 7], "texture": "#0"},
				"down": {"uv": [7.25, 2.75, 7, 3], "texture": "#0"}
			}
		},
		{
			"from": [3.2, 11.4, 7.3],
			"to": [12.7, 11.9, 8.7],
			"rotation": {"angle": 0, "axis": "y", "origin": [7.6, 11.5, 7]},
			"faces": {
				"north": {"uv": [3.5, 2, 6, 2.25], "texture": "#0"},
				"east": {"uv": [3, 7, 3.25, 7.25], "texture": "#0"},
				"south": {"uv": [3.5, 2.25, 6, 2.5], "texture": "#0"},
				"west": {"uv": [7, 3, 7.25, 3.25], "texture": "#0"},
				"up": {"uv": [6, 2.75, 3.5, 2.5], "texture": "#0"},
				"down": {"uv": [6, 2.75, 3.5, 3], "texture": "#0"}
			}
		},
		{
			"from": [3.2, 10.9, 7.3],
			"to": [3.7, 11.4, 8.7],
			"rotation": {"angle": 0, "axis": "y", "origin": [-2.5, 9.9, 7]},
			"faces": {
				"north": {"uv": [3.25, 7, 3.5, 7.25], "texture": "#0"},
				"east": {"uv": [7, 3.25, 7.25, 3.5], "texture": "#0"},
				"south": {"uv": [3.5, 7, 3.75, 7.25], "texture": "#0"},
				"west": {"uv": [7, 3.5, 7.25, 3.75], "texture": "#0"},
				"up": {"uv": [4, 7.25, 3.75, 7], "texture": "#0"},
				"down": {"uv": [7.25, 3.75, 7, 4], "texture": "#0"}
			}
		},
		{
			"from": [8.8, 1.8, 7.5],
			"to": [12.7, 11.4, 8.5],
			"rotation": {"angle": 0, "axis": "y", "origin": [6.8, 0.8, 7]},
			"faces": {
				"north": {"uv": [0, 0, 1, 2.5], "texture": "#0"},
				"east": {"uv": [0, 3.5, 0.25, 6], "texture": "#0"},
				"south": {"uv": [1, 0, 2, 2.5], "texture": "#0"},
				"west": {"uv": [0.25, 3.5, 0.5, 6], "texture": "#0"},
				"up": {"uv": [4.75, 3.75, 3.75, 3.5], "texture": "#0"},
				"down": {"uv": [4.75, 3.75, 3.75, 4], "texture": "#0"}
			}
		},
		{
			"from": [3.2, 1.8, 7.5],
			"to": [6.8, 7.6, 8.5],
			"rotation": {"angle": 0, "axis": "y", "origin": [6.8, 0.8, 7]},
			"faces": {
				"north": {"uv": [2, 0, 3, 1.5], "texture": "#0"},
				"east": {"uv": [3, 3.5, 3.25, 5], "texture": "#0"},
				"south": {"uv": [2, 1.5, 3, 3], "texture": "#0"},
				"west": {"uv": [3.5, 3, 3.75, 4.5], "texture": "#0"},
				"up": {"uv": [4.75, 4.25, 3.75, 4], "texture": "#0"},
				"down": {"uv": [4.75, 4.25, 3.75, 4.5], "texture": "#0"}
			}
		},
		{
			"from": [6.8, 1.8, 7.5],
			"to": [8.8, 5.6, 8.5],
			"rotation": {"angle": 0, "axis": "y", "origin": [6.8, 0.8, 7]},
			"faces": {
				"north": {"uv": [0.5, 3.5, 1, 4.5], "texture": "#0"},
				"east": {"uv": [4.5, 0, 4.75, 1], "texture": "#0"},
				"south": {"uv": [1, 3.5, 1.5, 4.5], "texture": "#0"},
				"west": {"uv": [0.5, 4.5, 0.75, 5.5], "texture": "#0"},
				"up": {"uv": [5.25, 0.75, 4.75, 0.5], "texture": "#0"},
				"down": {"uv": [5.25, 0.75, 4.75, 1], "texture": "#0"}
			}
		},
		{
			"from": [3.2, 7.6, 7.5],
			"to": [8.8, 11.4, 8.5],
			"rotation": {"angle": 0, "axis": "y", "origin": [6.8, 0.8, 7]},
			"faces": {
				"north": {"uv": [0, 2.5, 1.5, 3.5], "texture": "#0"},
				"east": {"uv": [0.75, 4.5, 1, 5.5], "texture": "#0"},
				"south": {"uv": [3, 0, 4.5, 1], "texture": "#0"},
				"west": {"uv": [1, 4.5, 1.25, 5.5], "texture": "#0"},
				"up": {"uv": [5.25, 3.25, 3.75, 3], "texture": "#0"},
				"down": {"uv": [5.25, 3.25, 3.75, 3.5], "texture": "#0"}
			}
		},
		{
			"from": [10.3, 3.1, 7.3],
			"to": [10.5, 5.1, 8.7],
			"rotation": {"angle": 0, "axis": "y", "origin": [10.6, 4.6, 7.4]},
			"faces": {
				"north": {"uv": [4.75, 3.5, 5, 4], "texture": "#0"},
				"east": {"uv": [4.75, 4, 5, 4.5], "texture": "#0"},
				"south": {"uv": [4.75, 4.5, 5, 5], "texture": "#0"},
				"west": {"uv": [5, 0, 5.25, 0.5], "texture": "#0"},
				"up": {"uv": [4.25, 7.25, 4, 7], "texture": "#0"},
				"down": {"uv": [7.25, 4, 7, 4.25], "texture": "#0"}
			}
		},
		{
			"from": [10.2, 3.4, 7.2],
			"to": [10.6, 4.8, 8.8],
			"rotation": {"angle": 0, "axis": "y", "origin": [10.6, 4.6, 7.4]},
			"faces": {
				"north": {"uv": [4.25, 7, 4.5, 7.25], "texture": "#0"},
				"east": {"uv": [1.25, 5, 1.75, 5.25], "texture": "#0"},
				"south": {"uv": [7, 4.25, 7.25, 4.5], "texture": "#0"},
				"west": {"uv": [3, 5, 3.5, 5.25], "texture": "#0"},
				"up": {"uv": [2, 5.5, 1.75, 5], "texture": "#0"},
				"down": {"uv": [3.75, 5, 3.5, 5.5], "texture": "#0"}
			}
		},
		{
			"from": [9.4, 4, 7.3],
			"to": [11.4, 4.2, 8.7],
			"rotation": {"angle": 0, "axis": "y", "origin": [9.9, 4.3, 7.4]},
			"faces": {
				"north": {"uv": [5, 3.5, 5.5, 3.75], "texture": "#0"},
				"east": {"uv": [4.5, 7, 4.75, 7.25], "texture": "#0"},
				"south": {"uv": [3.75, 5, 4.25, 5.25], "texture": "#0"},
				"west": {"uv": [7, 4.5, 7.25, 4.75], "texture": "#0"},
				"up": {"uv": [5.5, 4, 5, 3.75], "texture": "#0"},
				"down": {"uv": [5.5, 4, 5, 4.25], "texture": "#0"}
			}
		},
		{
			"from": [9.7, 3.9, 7.2],
			"to": [11.1, 4.3, 8.8],
			"rotation": {"angle": 0, "axis": "y", "origin": [9.9, 4.3, 7.4]},
			"faces": {
				"north": {"uv": [4.75, 7, 5, 7.25], "texture": "#0"},
				"east": {"uv": [4.25, 5, 4.75, 5.25], "texture": "#0"},
				"south": {"uv": [7, 4.75, 7.25, 5], "texture": "#0"},
				"west": {"uv": [5, 4.25, 5.5, 4.5], "texture": "#0"},
				"up": {"uv": [5.25, 5, 5, 4.5], "texture": "#0"},
				"down": {"uv": [5, 5, 4.75, 5.5], "texture": "#0"}
			}
		},
		{
			"from": [10, 3.7, 7.1],
			"to": [10.8, 4.5, 8.9],
			"rotation": {"angle": 0, "axis": "y", "origin": [9.9, 4.3, 7.4]},
			"faces": {
				"north": {"uv": [5, 7, 5.25, 7.25], "texture": "#0"},
				"east": {"uv": [5, 5, 5.5, 5.25], "texture": "#0"},
				"south": {"uv": [7, 5, 7.25, 5.25], "texture": "#0"},
				"west": {"uv": [5.25, 0, 5.75, 0.25], "texture": "#0"},
				"up": {"uv": [5.5, 0.75, 5.25, 0.25], "texture": "#0"},
				"down": {"uv": [1.5, 5.25, 1.25, 5.75], "texture": "#0"}
			}
		},
		{
			"from": [10.3, 8.2, 7.3],
			"to": [10.5, 10.2, 8.7],
			"rotation": {"angle": 0, "axis": "y", "origin": [10.6, 9.7, 7.4]},
			"faces": {
				"north": {"uv": [1.5, 5.25, 1.75, 5.75], "texture": "#0"},
				"east": {"uv": [3, 5.25, 3.25, 5.75], "texture": "#0"},
				"south": {"uv": [5.25, 3, 5.5, 3.5], "texture": "#0"},
				"west": {"uv": [3.25, 5.25, 3.5, 5.75], "texture": "#0"},
				"up": {"uv": [5.5, 7.25, 5.25, 7], "texture": "#0"},
				"down": {"uv": [7.25, 5.25, 7, 5.5], "texture": "#0"}
			}
		},
		{
			"from": [10.2, 8.5, 7.2],
			"to": [10.6, 9.9, 8.8],
			"rotation": {"angle": 0, "axis": "y", "origin": [10.6, 9.7, 7.4]},
			"faces": {
				"north": {"uv": [5.5, 7, 5.75, 7.25], "texture": "#0"},
				"east": {"uv": [5.25, 0.75, 5.75, 1], "texture": "#0"},
				"south": {"uv": [7, 5.5, 7.25, 5.75], "texture": "#0"},
				"west": {"uv": [3.75, 5.25, 4.25, 5.5], "texture": "#0"},
				"up": {"uv": [4.5, 5.75, 4.25, 5.25], "texture": "#0"},
				"down": {"uv": [4.75, 5.25, 4.5, 5.75], "texture": "#0"}
			}
		},
		{
			"from": [9.4, 9.1, 7.3],
			"to": [11.4, 9.3, 8.7],
			"rotation": {"angle": 0, "axis": "y", "origin": [9.9, 9.4, 7.4]},
			"faces": {
				"north": {"uv": [5.25, 4.5, 5.75, 4.75], "texture": "#0"},
				"east": {"uv": [5.75, 7, 6, 7.25], "texture": "#0"},
				"south": {"uv": [5.25, 4.75, 5.75, 5], "texture": "#0"},
				"west": {"uv": [7, 5.75, 7.25, 6], "texture": "#0"},
				"up": {"uv": [5.5, 5.5, 5, 5.25], "texture": "#0"},
				"down": {"uv": [6, 0.25, 5.5, 0.5], "texture": "#0"}
			}
		},
		{
			"from": [9.7, 9, 7.2],
			"to": [11.1, 9.4, 8.8],
			"rotation": {"angle": 0, "axis": "y", "origin": [9.9, 9.4, 7.4]},
			"faces": {
				"north": {"uv": [6, 7, 6.25, 7.25], "texture": "#0"},
				"east": {"uv": [0.5, 5.5, 1, 5.75], "texture": "#0"},
				"south": {"uv": [7, 6, 7.25, 6.25], "texture": "#0"},
				"west": {"uv": [5.5, 0.5, 6, 0.75], "texture": "#0"},
				"up": {"uv": [1.25, 6, 1, 5.5], "texture": "#0"},
				"down": {"uv": [2, 5.5, 1.75, 6], "texture": "#0"}
			}
		},
		{
			"from": [10, 8.8, 7.1],
			"to": [10.8, 9.6, 8.9],
			"rotation": {"angle": 0, "axis": "y", "origin": [9.9, 9.4, 7.4]},
			"faces": {
				"north": {"uv": [6.25, 7, 6.5, 7.25], "texture": "#0"},
				"east": {"uv": [2, 5.5, 2.5, 5.75], "texture": "#0"},
				"south": {"uv": [7, 6.25, 7.25, 6.5], "texture": "#0"},
				"west": {"uv": [2.5, 5.5, 3, 5.75], "texture": "#0"},
				"up": {"uv": [5.75, 3.5, 5.5, 3], "texture": "#0"},
				"down": {"uv": [3.75, 5.5, 3.5, 6], "texture": "#0"}
			}
		},
		{
			"from": [5.3, 3.1, 7.3],
			"to": [5.5, 5.1, 8.7],
			"rotation": {"angle": 0, "axis": "y", "origin": [5.6, 4.6, 7.4]},
			"faces": {
				"north": {"uv": [5.5, 3.5, 5.75, 4], "texture": "#0"},
				"east": {"uv": [3.75, 5.5, 4, 6], "texture": "#0"},
				"south": {"uv": [4, 5.5, 4.25, 6], "texture": "#0"},
				"west": {"uv": [5.5, 4, 5.75, 4.5], "texture": "#0"},
				"up": {"uv": [6.75, 7.25, 6.5, 7], "texture": "#0"},
				"down": {"uv": [7.25, 6.5, 7, 6.75], "texture": "#0"}
			}
		},
		{
			"from": [5.2, 3.4, 7.2],
			"to": [5.6, 4.8, 8.8],
			"rotation": {"angle": 0, "axis": "y", "origin": [5.6, 4.6, 7.4]},
			"faces": {
				"north": {"uv": [6.75, 7, 7, 7.25], "texture": "#0"},
				"east": {"uv": [4.75, 5.5, 5.25, 5.75], "texture": "#0"},
				"south": {"uv": [7, 6.75, 7.25, 7], "texture": "#0"},
				"west": {"uv": [5.5, 5, 6, 5.25], "texture": "#0"},
				"up": {"uv": [5.5, 6, 5.25, 5.5], "texture": "#0"},
				"down": {"uv": [5.75, 5.25, 5.5, 5.75], "texture": "#0"}
			}
		},
		{
			"from": [4.4, 4, 7.3],
			"to": [6.4, 4.2, 8.7],
			"rotation": {"angle": 0, "axis": "y", "origin": [4.9, 4.3, 7.4]},
			"faces": {
				"north": {"uv": [5.75, 0, 6.25, 0.25], "texture": "#0"},
				"east": {"uv": [7, 7, 7.25, 7.25], "texture": "#0"},
				"south": {"uv": [0.5, 5.75, 1, 6], "texture": "#0"},
				"west": {"uv": [0, 7.25, 0.25, 7.5], "texture": "#0"},
				"up": {"uv": [6.25, 1, 5.75, 0.75], "texture": "#0"},
				"down": {"uv": [6.25, 1, 5.75, 1.25], "texture": "#0"}
			}
		},
		{
			"from": [4.7, 3.9, 7.2],
			"to": [6.1, 4.3, 8.8],
			"rotation": {"angle": 0, "axis": "y", "origin": [4.9, 4.3, 7.4]},
			"faces": {
				"north": {"uv": [7.25, 0, 7.5, 0.25], "texture": "#0"},
				"east": {"uv": [1.25, 5.75, 1.75, 6], "texture": "#0"},
				"south": {"uv": [0.25, 7.25, 0.5, 7.5], "texture": "#0"},
				"west": {"uv": [5.75, 1.25, 6.25, 1.5], "texture": "#0"},
				"up": {"uv": [6, 2, 5.75, 1.5], "texture": "#0"},
				"down": {"uv": [2.25, 5.75, 2, 6.25], "texture": "#0"}
			}
		},
		{
			"from": [5, 3.7, 7.1],
			"to": [5.8, 4.5, 8.9],
			"rotation": {"angle": 0, "axis": "y", "origin": [4.9, 4.3, 7.4]},
			"faces": {
				"north": {"uv": [7.25, 0.25, 7.5, 0.5], "texture": "#0"},
				"east": {"uv": [2.25, 5.75, 2.75, 6], "texture": "#0"},
				"south": {"uv": [0.5, 7.25, 0.75, 7.5], "texture": "#0"},
				"west": {"uv": [2.75, 5.75, 3.25, 6], "texture": "#0"},
				"up": {"uv": [6, 3.5, 5.75, 3], "texture": "#0"},
				"down": {"uv": [3.5, 5.75, 3.25, 6.25], "texture": "#0"}
			}
		},
		{
			"from": [5.3, 8.2, 7.3],
			"to": [5.5, 10.2, 8.7],
			"rotation": {"angle": 0, "axis": "y", "origin": [5.6, 9.7, 7.4]},
			"faces": {
				"north": {"uv": [5.75, 3.5, 6, 4], "texture": "#0"},
				"east": {"uv": [5.75, 4, 6, 4.5], "texture": "#0"},
				"south": {"uv": [4.25, 5.75, 4.5, 6.25], "texture": "#0"},
				"west": {"uv": [4.5, 5.75, 4.75, 6.25], "texture": "#0"},
				"up": {"uv": [7.5, 0.75, 7.25, 0.5], "texture": "#0"},
				"down": {"uv": [1, 7.25, 0.75, 7.5], "texture": "#0"}
			}
		},
		{
			"from": [5.2, 8.5, 7.2],
			"to": [5.6, 9.9, 8.8],
			"rotation": {"angle": 0, "axis": "y", "origin": [5.6, 9.7, 7.4]},
			"faces": {
				"north": {"uv": [7.25, 0.75, 7.5, 1], "texture": "#0"},
				"east": {"uv": [5.75, 4.5, 6.25, 4.75], "texture": "#0"},
				"south": {"uv": [1, 7.25, 1.25, 7.5], "texture": "#0"},
				"west": {"uv": [4.75, 5.75, 5.25, 6], "texture": "#0"},
				"up": {"uv": [6, 5.75, 5.75, 5.25], "texture": "#0"},
				"down": {"uv": [5.75, 5.75, 5.5, 6.25], "texture": "#0"}
			}
		},
		{
			"from": [4.4, 9.1, 7.3],
			"to": [6.4, 9.3, 8.7],
			"rotation": {"angle": 0, "axis": "y", "origin": [4.9, 9.4, 7.4]},
			"faces": {
				"north": {"uv": [5.75, 4.75, 6.25, 5], "texture": "#0"},
				"east": {"uv": [7.25, 1, 7.5, 1.25], "texture": "#0"},
				"south": {"uv": [5.75, 5.75, 6.25, 6], "texture": "#0"},
				"west": {"uv": [1.25, 7.25, 1.5, 7.5], "texture": "#0"},
				"up": {"uv": [0.5, 6.25, 0, 6], "texture": "#0"},
				"down": {"uv": [6.5, 0.25, 6, 0.5], "texture": "#0"}
			}
		},
		{
			"from": [4.7, 9, 7.2],
			"to": [6.1, 9.4, 8.8],
			"rotation": {"angle": 0, "axis": "y", "origin": [4.9, 9.4, 7.4]},
			"faces": {
				"north": {"uv": [7.25, 1.25, 7.5, 1.5], "texture": "#0"},
				"east": {"uv": [0.5, 6, 1, 6.25], "texture": "#0"},
				"south": {"uv": [1.5, 7.25, 1.75, 7.5], "texture": "#0"},
				"west": {"uv": [6, 0.5, 6.5, 0.75], "texture": "#0"},
				"up": {"uv": [1.25, 6.5, 1, 6], "texture": "#0"},
				"down": {"uv": [1.5, 6, 1.25, 6.5], "texture": "#0"}
			}
		},
		{
			"from": [5, 8.8, 7.1],
			"to": [5.8, 9.6, 8.9],
			"rotation": {"angle": 0, "axis": "y", "origin": [4.9, 9.4, 7.4]},
			"faces": {
				"north": {"uv": [7.25, 1.5, 7.5, 1.75], "texture": "#0"},
				"east": {"uv": [1.5, 6, 2, 6.25], "texture": "#0"},
				"south": {"uv": [1.75, 7.25, 2, 7.5], "texture": "#0"},
				"west": {"uv": [6, 1.5, 6.5, 1.75], "texture": "#0"},
				"up": {"uv": [6.25, 2.25, 6, 1.75], "texture": "#0"},
				"down": {"uv": [2.5, 6, 2.25, 6.5], "texture": "#0"}
			}
		},
		{
			"from": [7.7, 8.7, 7.3],
			"to": [7.9, 10.7, 8.7],
			"rotation": {"angle": 0, "axis": "y", "origin": [8, 10.2, 7.4]},
			"faces": {
				"north": {"uv": [6, 2.25, 6.25, 2.75], "texture": "#0"},
				"east": {"uv": [2.5, 6, 2.75, 6.5], "texture": "#0"},
				"south": {"uv": [2.75, 6, 3, 6.5], "texture": "#0"},
				"west": {"uv": [6, 2.75, 6.25, 3.25], "texture": "#0"},
				"up": {"uv": [7.5, 2, 7.25, 1.75], "texture": "#0"},
				"down": {"uv": [2.25, 7.25, 2, 7.5], "texture": "#0"}
			}
		},
		{
			"from": [7.6, 9, 7.2],
			"to": [8, 10.4, 8.8],
			"rotation": {"angle": 0, "axis": "y", "origin": [8, 10.2, 7.4]},
			"faces": {
				"north": {"uv": [7.25, 2, 7.5, 2.25], "texture": "#0"},
				"east": {"uv": [6, 3.25, 6.5, 3.5], "texture": "#0"},
				"south": {"uv": [2.25, 7.25, 2.5, 7.5], "texture": "#0"},
				"west": {"uv": [3.5, 6, 4, 6.25], "texture": "#0"},
				"up": {"uv": [3.25, 6.5, 3, 6], "texture": "#0"},
				"down": {"uv": [6.25, 3.5, 6, 4], "texture": "#0"}
			}
		},
		{
			"from": [6.8, 9.6, 7.3],
			"to": [8.8, 9.8, 8.7],
			"rotation": {"angle": 0, "axis": "y", "origin": [7.3, 9.9, 7.4]},
			"faces": {
				"north": {"uv": [6, 4, 6.5, 4.25], "texture": "#0"},
				"east": {"uv": [7.25, 2.25, 7.5, 2.5], "texture": "#0"},
				"south": {"uv": [6, 4.25, 6.5, 4.5], "texture": "#0"},
				"west": {"uv": [2.5, 7.25, 2.75, 7.5], "texture": "#0"},
				"up": {"uv": [5.25, 6.25, 4.75, 6], "texture": "#0"},
				"down": {"uv": [6.5, 5, 6, 5.25], "texture": "#0"}
			}
		},
		{
			"from": [7.1, 9.5, 7.2],
			"to": [8.5, 9.9, 8.8],
			"rotation": {"angle": 0, "axis": "y", "origin": [7.3, 9.9, 7.4]},
			"faces": {
				"north": {"uv": [7.25, 2.5, 7.5, 2.75], "texture": "#0"},
				"east": {"uv": [6, 5.25, 6.5, 5.5], "texture": "#0"},
				"south": {"uv": [2.75, 7.25, 3, 7.5], "texture": "#0"},
				"west": {"uv": [6, 5.5, 6.5, 5.75], "texture": "#0"},
				"up": {"uv": [4.25, 6.5, 4, 6], "texture": "#0"},
				"down": {"uv": [5.5, 6, 5.25, 6.5], "texture": "#0"}
			}
		},
		{
			"from": [7.4, 9.3, 7.1],
			"to": [8.2, 10.1, 8.9],
			"rotation": {"angle": 0, "axis": "y", "origin": [7.3, 9.9, 7.4]},
			"faces": {
				"north": {"uv": [7.25, 2.75, 7.5, 3], "texture": "#0"},
				"east": {"uv": [5.75, 6, 6.25, 6.25], "texture": "#0"},
				"south": {"uv": [3, 7.25, 3.25, 7.5], "texture": "#0"},
				"west": {"uv": [0, 6.25, 0.5, 6.5], "texture": "#0"},
				"up": {"uv": [0.75, 6.75, 0.5, 6.25], "texture": "#0"},
				"down": {"uv": [1, 6.25, 0.75, 6.75], "texture": "#0"}
			}
		},
		{
			"from": [7.7, 2.4, 7.3],
			"to": [7.9, 4.4, 8.7],
			"rotation": {"angle": 0, "axis": "y", "origin": [8, 3.9, 7.4]},
			"faces": {
				"north": {"uv": [6.25, 0.75, 6.5, 1.25], "texture": "#0"},
				"east": {"uv": [1.5, 6.25, 1.75, 6.75], "texture": "#0"},
				"south": {"uv": [1.75, 6.25, 2, 6.75], "texture": "#0"},
				"west": {"uv": [6.25, 1.75, 6.5, 2.25], "texture": "#0"},
				"up": {"uv": [7.5, 3.25, 7.25, 3], "texture": "#0"},
				"down": {"uv": [3.5, 7.25, 3.25, 7.5], "texture": "#0"}
			}
		},
		{
			"from": [7.6, 2.7, 7.2],
			"to": [8, 4.1, 8.8],
			"rotation": {"angle": 0, "axis": "y", "origin": [8, 3.9, 7.4]},
			"faces": {
				"north": {"uv": [7.25, 3.25, 7.5, 3.5], "texture": "#0"},
				"east": {"uv": [6.25, 0, 6.75, 0.25], "texture": "#0"},
				"south": {"uv": [3.5, 7.25, 3.75, 7.5], "texture": "#0"},
				"west": {"uv": [6.25, 1.25, 6.75, 1.5], "texture": "#0"},
				"up": {"uv": [2.25, 6.75, 2, 6.25], "texture": "#0"},
				"down": {"uv": [6.5, 2.25, 6.25, 2.75], "texture": "#0"}
			}
		},
		{
			"from": [6.8, 3.3, 7.3],
			"to": [8.8, 3.5, 8.7],
			"rotation": {"angle": 0, "axis": "y", "origin": [7.3, 3.6, 7.4]},
			"faces": {
				"north": {"uv": [6.25, 2.75, 6.75, 3], "texture": "#0"},
				"east": {"uv": [7.25, 3.5, 7.5, 3.75], "texture": "#0"},
				"south": {"uv": [6.25, 3, 6.75, 3.25], "texture": "#0"},
				"west": {"uv": [3.75, 7.25, 4, 7.5], "texture": "#0"},
				"up": {"uv": [3.75, 6.5, 3.25, 6.25], "texture": "#0"},
				"down": {"uv": [6.75, 3.5, 6.25, 3.75], "texture": "#0"}
			}
		},
		{
			"from": [7.1, 3.2, 7.2],
			"to": [8.5, 3.6, 8.8],
			"rotation": {"angle": 0, "axis": "y", "origin": [7.3, 3.6, 7.4]},
			"faces": {
				"north": {"uv": [7.25, 3.75, 7.5, 4], "texture": "#0"},
				"east": {"uv": [6.25, 3.75, 6.75, 4], "texture": "#0"},
				"south": {"uv": [4, 7.25, 4.25, 7.5], "texture": "#0"},
				"west": {"uv": [4.25, 6.25, 4.75, 6.5], "texture": "#0"},
				"up": {"uv": [4, 6.75, 3.75, 6.25], "texture": "#0"},
				"down": {"uv": [6.5, 4.5, 6.25, 5], "texture": "#0"}
			}
		},
		{
			"from": [7.4, 3, 7.1],
			"to": [8.2, 3.8, 8.9],
			"rotation": {"angle": 0, "axis": "y", "origin": [7.3, 3.6, 7.4]},
			"faces": {
				"north": {"uv": [7.25, 4, 7.5, 4.25], "texture": "#0"},
				"east": {"uv": [4.75, 6.25, 5.25, 6.5], "texture": "#0"},
				"south": {"uv": [4.25, 7.25, 4.5, 7.5], "texture": "#0"},
				"west": {"uv": [5.5, 6.25, 6, 6.5], "texture": "#0"},
				"up": {"uv": [6.5, 6.25, 6.25, 5.75], "texture": "#0"},
				"down": {"uv": [6.25, 6.25, 6, 6.75], "texture": "#0"}
			}
		},
		{
			"from": [4.8, 5.6, 7.3],
			"to": [5, 7.6, 8.7],
			"rotation": {"angle": 0, "axis": "y", "origin": [5.1, 7.1, 7.4]},
			"faces": {
				"north": {"uv": [6.25, 6.25, 6.5, 6.75], "texture": "#0"},
				"east": {"uv": [0, 6.5, 0.25, 7], "texture": "#0"},
				"south": {"uv": [0.25, 6.5, 0.5, 7], "texture": "#0"},
				"west": {"uv": [6.5, 0.25, 6.75, 0.75], "texture": "#0"},
				"up": {"uv": [7.5, 4.5, 7.25, 4.25], "texture": "#0"},
				"down": {"uv": [4.75, 7.25, 4.5, 7.5], "texture": "#0"}
			}
		},
		{
			"from": [4.7, 5.9, 7.2],
			"to": [5.1, 7.3, 8.8],
			"rotation": {"angle": 0, "axis": "y", "origin": [5.1, 7.1, 7.4]},
			"faces": {
				"north": {"uv": [7.25, 4.5, 7.5, 4.75], "texture": "#0"},
				"east": {"uv": [6.5, 0.75, 7, 1], "texture": "#0"},
				"south": {"uv": [4.75, 7.25, 5, 7.5], "texture": "#0"},
				"west": {"uv": [1, 6.5, 1.5, 6.75], "texture": "#0"},
				"up": {"uv": [6.75, 2, 6.5, 1.5], "texture": "#0"},
				"down": {"uv": [6.75, 2, 6.5, 2.5], "texture": "#0"}
			}
		},
		{
			"from": [3.9, 6.5, 7.3],
			"to": [5.9, 6.7, 8.7],
			"rotation": {"angle": 0, "axis": "y", "origin": [4.4, 6.8, 7.4]},
			"faces": {
				"north": {"uv": [6.5, 1, 7, 1.25], "texture": "#0"},
				"east": {"uv": [7.25, 4.75, 7.5, 5], "texture": "#0"},
				"south": {"uv": [2.25, 6.5, 2.75, 6.75], "texture": "#0"},
				"west": {"uv": [5, 7.25, 5.25, 7.5], "texture": "#0"},
				"up": {"uv": [7, 2.75, 6.5, 2.5], "texture": "#0"},
				"down": {"uv": [3.25, 6.5, 2.75, 6.75], "texture": "#0"}
			}
		},
		{
			"from": [4.2, 6.4, 7.2],
			"to": [5.6, 6.8, 8.8],
			"rotation": {"angle": 0, "axis": "y", "origin": [4.4, 6.8, 7.4]},
			"faces": {
				"north": {"uv": [7.25, 5, 7.5, 5.25], "texture": "#0"},
				"east": {"uv": [3.25, 6.5, 3.75, 6.75], "texture": "#0"},
				"south": {"uv": [5.25, 7.25, 5.5, 7.5], "texture": "#0"},
				"west": {"uv": [6.5, 3.25, 7, 3.5], "texture": "#0"},
				"up": {"uv": [4.25, 7, 4, 6.5], "texture": "#0"},
				"down": {"uv": [6.75, 4, 6.5, 4.5], "texture": "#0"}
			}
		},
		{
			"from": [4.5, 6.2, 7.1],
			"to": [5.3, 7, 8.9],
			"rotation": {"angle": 0, "axis": "y", "origin": [4.4, 6.8, 7.4]},
			"faces": {
				"north": {"uv": [7.25, 5.25, 7.5, 5.5], "texture": "#0"},
				"east": {"uv": [4.25, 6.5, 4.75, 6.75], "texture": "#0"},
				"south": {"uv": [5.5, 7.25, 5.75, 7.5], "texture": "#0"},
				"west": {"uv": [6.5, 4.5, 7, 4.75], "texture": "#0"},
				"up": {"uv": [5, 7, 4.75, 6.5], "texture": "#0"},
				"down": {"uv": [6.75, 4.75, 6.5, 5.25], "texture": "#0"}
			}
		},
		{
			"from": [10.8, 5.6, 7.3],
			"to": [11, 7.6, 8.7],
			"rotation": {"angle": 0, "axis": "y", "origin": [11.1, 7.1, 7.4]},
			"faces": {
				"north": {"uv": [5, 6.5, 5.25, 7], "texture": "#0"},
				"east": {"uv": [5.25, 6.5, 5.5, 7], "texture": "#0"},
				"south": {"uv": [6.5, 5.25, 6.75, 5.75], "texture": "#0"},
				"west": {"uv": [5.5, 6.5, 5.75, 7], "texture": "#0"},
				"up": {"uv": [7.5, 5.75, 7.25, 5.5], "texture": "#0"},
				"down": {"uv": [6, 7.25, 5.75, 7.5], "texture": "#0"}
			}
		},
		{
			"from": [10.7, 5.9, 7.2],
			"to": [11.1, 7.3, 8.8],
			"rotation": {"angle": 0, "axis": "y", "origin": [11.1, 7.1, 7.4]},
			"faces": {
				"north": {"uv": [7.25, 5.75, 7.5, 6], "texture": "#0"},
				"east": {"uv": [6.5, 5.75, 7, 6], "texture": "#0"},
				"south": {"uv": [6, 7.25, 6.25, 7.5], "texture": "#0"},
				"west": {"uv": [6.5, 6, 7, 6.25], "texture": "#0"},
				"up": {"uv": [6, 7, 5.75, 6.5], "texture": "#0"},
				"down": {"uv": [6.75, 6.25, 6.5, 6.75], "texture": "#0"}
			}
		},
		{
			"from": [9.9, 6.5, 7.3],
			"to": [11.9, 6.7, 8.7],
			"rotation": {"angle": 0, "axis": "y", "origin": [10.4, 6.8, 7.4]},
			"faces": {
				"north": {"uv": [6.75, 0, 7.25, 0.25], "texture": "#0"},
				"east": {"uv": [7.25, 6, 7.5, 6.25], "texture": "#0"},
				"south": {"uv": [6.75, 0.25, 7.25, 0.5], "texture": "#0"},
				"west": {"uv": [6.25, 7.25, 6.5, 7.5], "texture": "#0"},
				"up": {"uv": [1, 7, 0.5, 6.75], "texture": "#0"},
				"down": {"uv": [7.25, 0.5, 6.75, 0.75], "texture": "#0"}
			}
		},
		{
			"from": [10.2, 6.4, 7.2],
			"to": [11.6, 6.8, 8.8],
			"rotation": {"angle": 0, "axis": "y", "origin": [10.4, 6.8, 7.4]},
			"faces": {
				"north": {"uv": [7.25, 6.25, 7.5, 6.5], "texture": "#0"},
				"east": {"uv": [1, 6.75, 1.5, 7], "texture": "#0"},
				"south": {"uv": [6.5, 7.25, 6.75, 7.5], "texture": "#0"},
				"west": {"uv": [6.75, 1.25, 7.25, 1.5], "texture": "#0"},
				"up": {"uv": [1.75, 7.25, 1.5, 6.75], "texture": "#0"},
				"down": {"uv": [7, 1.5, 6.75, 2], "texture": "#0"}
			}
		},
		{
			"from": [10.5, 6.2, 7.1],
			"to": [11.3, 7, 8.9],
			"rotation": {"angle": 0, "axis": "y", "origin": [10.4, 6.8, 7.4]},
			"faces": {
				"north": {"uv": [7.25, 6.5, 7.5, 6.75], "texture": "#0"},
				"east": {"uv": [1.75, 6.75, 2.25, 7], "texture": "#0"},
				"south": {"uv": [6.75, 7.25, 7, 7.5], "texture": "#0"},
				"west": {"uv": [6.75, 2, 7.25, 2.25], "texture": "#0"},
				"up": {"uv": [2.5, 7.25, 2.25, 6.75], "texture": "#0"},
				"down": {"uv": [2.75, 6.75, 2.5, 7.25], "texture": "#0"}
			}
		}
	],
	"gui_light": "front",
	"display": {
		"thirdperson_righthand": {
			"rotation": [-1, 107, 24],
			"translation": [-0.75, 0, 0],
			"scale": [0.25, 0.25, 0.25]
		},
		"thirdperson_lefthand": {
			"rotation": [-1, 107, 24],
			"translation": [-0.75, 0, 0],
			"scale": [0.25, 0.25, 0.25]
		},
		"firstperson_righthand": {
			"rotation": [0, -93, 19],
			"translation": [1, 1, 0],
			"scale": [0.25, 0.25, 0.25]
		},
		"firstperson_lefthand": {
			"rotation": [0, -93, 19],
			"translation": [1, 1, 0],
			"scale": [0.25, 0.25, 0.25]
		},
		"ground": {
			"scale": [0.25, 0.25, 0.25]
		},
		"gui": {
			"translation": [0, 1, 0],
			"scale": [0.9, 0.9, 0.9]
		},
		"fixed": {
			"translation": [0, 1, 0],
			"scale": [0.6, 0.6, 0.6]
		},
		"on_shelf": {
			"translation": [0, 0, -3.5],
			"scale": [0.9, 0.9, 0.9]
		}
	},
	"groups": [
		{
			"name": "inner_rim",
			"origin": [3.6, 0.8, 7],
			"color": 0,
			"children": [0, 1, 2, 3]
		},
		{
			"name": "outer_rim",
			"origin": [-1.5, 9.9, 7],
			"color": 0,
			"children": [4, 5, 6, 7, 8, 9, 10, 11]
		},
		{
			"name": "coin_face",
			"origin": [7.8, 0.8, 7],
			"color": 0,
			"children": [
				{
					"name": "backing",
					"origin": [7.8, 0.8, 7],
					"color": 0,
					"children": [12, 13, 14, 15]
				},
				{
					"name": "cross",
					"origin": [19.4, 7.4, 7.4],
					"color": 0,
					"children": [16, 17, 18, 19, 20]
				},
				{
					"name": "cross",
					"origin": [19.4, 7.4, 7.4],
					"color": 0,
					"children": [21, 22, 23, 24, 25]
				},
				{
					"name": "cross",
					"origin": [19.4, 7.4, 7.4],
					"color": 0,
					"children": [26, 27, 28, 29, 30]
				},
				{
					"name": "cross",
					"origin": [19.4, 7.4, 7.4],
					"color": 0,
					"children": [31, 32, 33, 34, 35]
				},
				{
					"name": "cross",
					"origin": [19.4, 7.4, 7.4],
					"color": 0,
					"children": [36, 37, 38, 39, 40]
				},
				{
					"name": "cross",
					"origin": [19.4, 7.4, 7.4],
					"color": 0,
					"children": [41, 42, 43, 44, 45]
				},
				{
					"name": "cross",
					"origin": [19.4, 7.4, 7.4],
					"color": 0,
					"children": [46, 47, 48, 49, 50]
				},
				{
					"name": "cross",
					"origin": [19.4, 7.4, 7.4],
					"color": 0,
					"children": [51, 52, 53, 54, 55]
				}
			]
		}
	]
}