{
	"format_version": "1.21.6",
	"credit": "Made with Blockbench",
	"texture_size": [64, 64],
	"textures": {
		"0": "custom:item/dadmann/taskmaster/gold_piece",
		"particle": "custom:item/dadmann/taskmaster/gold_piece"
	},
	"elements": [
		{
			"from": [2.2, 1.8, 7.3],
			"to": [2.7, 2.8, 8.7],
			"rotation": {"angle": 0, "axis": "y", "origin": [-3.5, 0.8, 7]},
			"faces": {
				"north": {"uv": [4.25, 9.5, 4.375, 9.75], "texture": "#0"},
				"east": {"uv": [7.25, 1.25, 7.625, 1.5], "texture": "#0"},
				"south": {"uv": [9.5, 4.75, 9.625, 5], "texture": "#0"},
				"west": {"uv": [7.25, 1.5, 7.625, 1.75], "texture": "#0"},
				"up": {"uv": [2.375, 8.875, 2.25, 8.5], "texture": "#0"},
				"down": {"uv": [3.125, 8.5, 3, 8.875], "texture": "#0"}
			}
		},
		{
			"from": [13.2, 1.8, 7.3],
			"to": [13.7, 2.8, 8.7],
			"rotation": {"angle": 0, "axis": "y", "origin": [7.5, 0.8, 7]},
			"faces": {
				"north": {"uv": [9.5, 5, 9.625, 5.25], "texture": "#0"},
				"east": {"uv": [7.25, 1.75, 7.625, 2], "texture": "#0"},
				"south": {"uv": [9.5, 5.25, 9.625, 5.5], "texture": "#0"},
				"west": {"uv": [7.25, 2.25, 7.625, 2.5], "texture": "#0"},
				"up": {"uv": [3.375, 8.875, 3.25, 8.5], "texture": "#0"},
				"down": {"uv": [8.625, 3.25, 8.5, 3.625], "texture": "#0"}
			}
		},
		{
			"from": [12.7, 2.6, 7.3],
			"to": [13.2, 3.6, 8.7],
			"rotation": {"angle": 0, "axis": "y", "origin": [7, 1.6, 7]},
			"faces": {
				"north": {"uv": [5.5, 9.5, 5.625, 9.75], "texture": "#0"},
				"east": {"uv": [7.25, 2.5, 7.625, 2.75], "texture": "#0"},
				"south": {"uv": [9.5, 5.5, 9.625, 5.75], "texture": "#0"},
				"west": {"uv": [3.25, 7.25, 3.625, 7.5], "texture": "#0"},
				"up": {"uv": [3.875, 8.875, 3.75, 8.5], "texture": "#0"},
				"down": {"uv": [4.125, 8.5, 4, 8.875], "texture": "#0"}
			}
		},
		{
			"from": [12.2, 3.4, 7.3],
			"to": [12.7, 4.4, 8.7],
			"rotation": {"angle": 0, "axis": "y", "origin": [6.5, 2.4, 7]},
			"faces": {
				"north": {"uv": [5.75, 9.5, 5.875, 9.75], "texture": "#0"},
				"east": {"uv": [7.25, 3.25, 7.625, 3.5], "texture": "#0"},
				"south": {"uv": [6, 9.5, 6.125, 9.75], "texture": "#0"},
				"west": {"uv": [7.25, 3.5, 7.625, 3.75], "texture": "#0"},
				"up": {"uv": [4.375, 8.875, 4.25, 8.5], "texture": "#0"},
				"down": {"uv": [4.625, 8.5, 4.5, 8.875], "texture": "#0"}
			}
		},
		{
			"from": [11.7, 4.2, 7.3],
			"to": [12.2, 5.2, 8.7],
			"rotation": {"angle": 0, "axis": "y", "origin": [6, 3.2, 7]},
			"faces": {
				"north": {"uv": [6.25, 9.5, 6.375, 9.75], "texture": "#0"},
				"east": {"uv": [7.25, 3.75, 7.625, 4], "texture": "#0"},
				"south": {"uv": [9.5, 6.25, 9.625, 6.5], "texture": "#0"},
				"west": {"uv": [7.25, 4, 7.625, 4.25], "texture": "#0"},
				"up": {"uv": [4.875, 8.875, 4.75, 8.5], "texture": "#0"},
				"down": {"uv": [8.625, 4.75, 8.5, 5.125], "texture": "#0"}
			}
		},
		{
			"from": [11.2, 5, 7.3],
			"to": [11.7, 6, 8.7],
			"rotation": {"angle": 0, "axis": "y", "origin": [5.5, 4, 7]},
			"faces": {
				"north": {"uv": [6.5, 9.5, 6.625, 9.75], "texture": "#0"},
				"east": {"uv": [4.25, 7.25, 4.625, 7.5], "texture": "#0"},
				"south": {"uv": [9.5, 6.5, 9.625, 6.75], "texture": "#0"},
				"west": {"uv": [7.25, 4.25, 7.625, 4.5], "texture": "#0"},
				"up": {"uv": [5.125, 8.875, 5, 8.5], "texture": "#0"},
				"down": {"uv": [5.375, 8.5, 5.25, 8.875], "texture": "#0"}
			}
		},
		{
			"from": [2.2, 1.3, 7.3],
			"to": [13.7, 1.8, 8.7],
			"rotation": {"angle": 0, "axis": "y", "origin": [8.6, 1.4, 7]},
			"faces": {
				"north": {"uv": [0, 3.5, 2.875, 3.625], "texture": "#0"},
				"east": {"uv": [8.5, 3.75, 8.875, 3.875], "texture": "#0"},
				"south": {"uv": [3.5, 1.5, 6.375, 1.625], "texture": "#0"},
				"west": {"uv": [8.5, 4.25, 8.875, 4.375], "texture": "#0"},
				"up": {"uv": [2.875, 3.375, 0, 3], "texture": "#0"},
				"down": {"uv": [5.875, 0, 3, 0.375], "texture": "#0"}
			}
		},
		{
			"from": [13.2, 12.4, 7.3],
			"to": [13.7, 13.4, 8.7],
			"rotation": {"angle": 0, "axis": "y", "origin": [7.5, 11.9, 7]},
			"faces": {
				"north": {"uv": [6.75, 9.5, 6.875, 9.75], "texture": "#0"},
				"east": {"uv": [7.25, 4.5, 7.625, 4.75], "texture": "#0"},
				"south": {"uv": [9.5, 6.75, 9.625, 7], "texture": "#0"},
				"west": {"uv": [5, 7.25, 5.375, 7.5], "texture": "#0"},
				"up": {"uv": [8.625, 5.625, 8.5, 5.25], "texture": "#0"},
				"down": {"uv": [5.625, 8.5, 5.5, 8.875], "texture": "#0"}
			}
		},
		{
			"from": [12.7, 11.6, 7.3],
			"to": [13.2, 12.6, 8.7],
			"rotation": {"angle": 0, "axis": "y", "origin": [7, 11.1, 7]},
			"faces": {
				"north": {"uv": [7, 9.5, 7.125, 9.75], "texture": "#0"},
				"east": {"uv": [7.25, 5, 7.625, 5.25], "texture": "#0"},
				"south": {"uv": [9.5, 7, 9.625, 7.25], "texture": "#0"},
				"west": {"uv": [7.25, 5.25, 7.625, 5.5], "texture": "#0"},
				"up": {"uv": [5.875, 8.875, 5.75, 8.5], "texture": "#0"},
				"down": {"uv": [8.625, 5.75, 8.5, 6.125], "texture": "#0"}
			}
		},
		{
			"from": [12.2, 10.8, 7.3],
			"to": [12.7, 11.8, 8.7],
			"rotation": {"angle": 0, "axis": "y", "origin": [6.5, 10.3, 7]},
			"faces": {
				"north": {"uv": [7.25, 9.5, 7.375, 9.75], "texture": "#0"},
				"east": {"uv": [7.25, 6, 7.625, 6.25], "texture": "#0"},
				"south": {"uv": [9.5, 7.25, 9.625, 7.5], "texture": "#0"},
				"west": {"uv": [7.25, 6.25, 7.625, 6.5], "texture": "#0"},
				"up": {"uv": [6.125, 8.875, 6, 8.5], "texture": "#0"},
				"down": {"uv": [6.375, 8.5, 6.25, 8.875], "texture": "#0"}
			}
		},
		{
			"from": [11.7, 10, 7.3],
			"to": [12.2, 11, 8.7],
			"rotation": {"angle": 0, "axis": "y", "origin": [6, 9.5, 7]},
			"faces": {
				"north": {"uv": [7.75, 9.5, 7.875, 9.75], "texture": "#0"},
				"east": {"uv": [7.25, 7, 7.625, 7.25], "texture": "#0"},
				"south": {"uv": [8, 9.5, 8.125, 9.75], "texture": "#0"},
				"west": {"uv": [7.25, 7.25, 7.625, 7.5], "texture": "#0"},
				"up": {"uv": [8.625, 6.875, 8.5, 6.5], "texture": "#0"},
				"down": {"uv": [8.625, 7, 8.5, 7.375], "texture": "#0"}
			}
		},
		{
			"from": [11.2, 9.2, 7.3],
			"to": [11.7, 10.2, 8.7],
			"rotation": {"angle": 0, "axis": "y", "origin": [5.5, 8.7, 7]},
			"faces": {
				"north": {"uv": [9.5, 8, 9.625, 8.25], "texture": "#0"},
				"east": {"uv": [7.5, 0, 7.875, 0.25], "texture": "#0"},
				"south": {"uv": [8.25, 9.5, 8.375, 9.75], "texture": "#0"},
				"west": {"uv": [7.5, 0.25, 7.875, 0.5], "texture": "#0"},
				"up": {"uv": [7.375, 8.875, 7.25, 8.5], "texture": "#0"},
				"down": {"uv": [7.625, 8.5, 7.5, 8.875], "texture": "#0"}
			}
		},
		{
			"from": [10.7, 5.8, 7.3],
			"to": [11.2, 9.4, 8.7],
			"rotation": {"angle": 0, "axis": "y", "origin": [5, 7.9, 7]},
			"faces": {
				"north": {"uv": [1.5, 7.25, 1.625, 8.125], "texture": "#0"},
				"east": {"uv": [3.5, 2.75, 3.875, 3.625], "texture": "#0"},
				"south": {"uv": [2.25, 7.25, 2.375, 8.125], "texture": "#0"},
				"west": {"uv": [0, 3.75, 0.375, 4.625], "texture": "#0"},
				"up": {"uv": [7.875, 8.875, 7.75, 8.5], "texture": "#0"},
				"down": {"uv": [8.625, 7.75, 8.5, 8.125], "texture": "#0"}
			}
		},
		{
			"from": [2.7, 11.6, 7.3],
			"to": [3.2, 12.6, 8.7],
			"rotation": {"angle": 0, "axis": "y", "origin": [8.9, 11.1, 9]},
			"faces": {
				"north": {"uv": [9.5, 8.25, 9.625, 8.5], "texture": "#0"},
				"east": {"uv": [0.5, 7.5, 0.875, 7.75], "texture": "#0"},
				"south": {"uv": [9.5, 8.5, 9.625, 8.75], "texture": "#0"},
				"west": {"uv": [7.5, 0.75, 7.875, 1], "texture": "#0"},
				"up": {"uv": [8.125, 8.875, 8, 8.5], "texture": "#0"},
				"down": {"uv": [8.375, 8.5, 8.25, 8.875], "texture": "#0"}
			}
		},
		{
			"from": [3.2, 10.8, 7.3],
			"to": [3.7, 11.8, 8.7],
			"rotation": {"angle": 0, "axis": "y", "origin": [9.4, 10.3, 9]},
			"faces": {
				"north": {"uv": [9.5, 8.75, 9.625, 9], "texture": "#0"},
				"east": {"uv": [7.5, 1, 7.875, 1.25], "texture": "#0"},
				"south": {"uv": [9.25, 9.5, 9.375, 9.75], "texture": "#0"},
				"west": {"uv": [1.75, 7.5, 2.125, 7.75], "texture": "#0"},
				"up": {"uv": [8.625, 8.625, 8.5, 8.25], "texture": "#0"},
				"down": {"uv": [0.375, 8.75, 0.25, 9.125], "texture": "#0"}
			}
		},
		{
			"from": [3.7, 10, 7.3],
			"to": [4.2, 11, 8.7],
			"rotation": {"angle": 0, "axis": "y", "origin": [9.9, 9.5, 9]},
			"faces": {
				"north": {"uv": [9.5, 9.5, 9.625, 9.75], "texture": "#0"},
				"east": {"uv": [7.5, 2, 7.875, 2.25], "texture": "#0"},
				"south": {"uv": [9.75, 0, 9.875, 0.25], "texture": "#0"},
				"west": {"uv": [7.5, 2.75, 7.875, 3], "texture": "#0"},
				"up": {"uv": [8.875, 1.125, 8.75, 0.75], "texture": "#0"},
				"down": {"uv": [1.625, 8.75, 1.5, 9.125], "texture": "#0"}
			}
		},
		{
			"from": [4.2, 9.2, 7.3],
			"to": [4.7, 10.2, 8.7],
			"rotation": {"angle": 0, "axis": "y", "origin": [10.4, 8.7, 9]},
			"faces": {
				"north": {"uv": [0.25, 9.75, 0.375, 10], "texture": "#0"},
				"east": {"uv": [7.5, 3, 7.875, 3.25], "texture": "#0"},
				"south": {"uv": [9.75, 0.25, 9.875, 0.5], "texture": "#0"},
				"west": {"uv": [3.25, 7.5, 3.625, 7.75], "texture": "#0"},
				"up": {"uv": [1.875, 9.125, 1.75, 8.75], "texture": "#0"},
				"down": {"uv": [2.125, 8.75, 2, 9.125], "texture": "#0"}
			}
		},
		{
			"from": [4.7, 5.8, 7.3],
			"to": [5.2, 9.4, 8.7],
			"rotation": {"angle": 0, "axis": "y", "origin": [10.9, 7.9, 9]},
			"faces": {
				"north": {"uv": [2.5, 7.25, 2.625, 8.125], "texture": "#0"},
				"east": {"uv": [0.5, 3.75, 0.875, 4.625], "texture": "#0"},
				"south": {"uv": [3, 7.25, 3.125, 8.125], "texture": "#0"},
				"west": {"uv": [1, 3.75, 1.375, 4.625], "texture": "#0"},
				"up": {"uv": [2.625, 9.125, 2.5, 8.75], "texture": "#0"},
				"down": {"uv": [2.875, 8.75, 2.75, 9.125], "texture": "#0"}
			}
		},
		{
			"from": [4.2, 5, 7.3],
			"to": [4.7, 6, 8.7],
			"rotation": {"angle": 0, "axis": "y", "origin": [10.4, 4, 9]},
			"faces": {
				"north": {"uv": [0.5, 9.75, 0.625, 10], "texture": "#0"},
				"east": {"uv": [4, 7.5, 4.375, 7.75], "texture": "#0"},
				"south": {"uv": [9.75, 0.5, 9.875, 0.75], "texture": "#0"},
				"west": {"uv": [4.5, 7.5, 4.875, 7.75], "texture": "#0"},
				"up": {"uv": [8.875, 3.125, 8.75, 2.75], "texture": "#0"},
				"down": {"uv": [8.875, 3.25, 8.75, 3.625], "texture": "#0"}
			}
		},
		{
			"from": [3.7, 4.2, 7.3],
			"to": [4.2, 5.2, 8.7],
			"rotation": {"angle": 0, "axis": "y", "origin": [9.9, 3.2, 9]},
			"faces": {
				"north": {"uv": [0.75, 9.75, 0.875, 10], "texture": "#0"},
				"east": {"uv": [7.5, 4.75, 7.875, 5], "texture": "#0"},
				"south": {"uv": [9.75, 0.75, 9.875, 1], "texture": "#0"},
				"west": {"uv": [5, 7.5, 5.375, 7.75], "texture": "#0"},
				"up": {"uv": [3.625, 9.125, 3.5, 8.75], "texture": "#0"},
				"down": {"uv": [8.875, 4.5, 8.75, 4.875], "texture": "#0"}
			}
		},
		{
			"from": [3.2, 3.4, 7.3],
			"to": [3.7, 4.4, 8.7],
			"rotation": {"angle": 0, "axis": "y", "origin": [9.4, 2.4, 9]},
			"faces": {
				"north": {"uv": [1, 9.75, 1.125, 10], "texture": "#0"},
				"east": {"uv": [5.5, 7.5, 5.875, 7.75], "texture": "#0"},
				"south": {"uv": [1.25, 9.75, 1.375, 10], "texture": "#0"},
				"west": {"uv": [7.5, 5.5, 7.875, 5.75], "texture": "#0"},
				"up": {"uv": [8.875, 5.375, 8.75, 5], "texture": "#0"},
				"down": {"uv": [8.875, 5.5, 8.75, 5.875], "texture": "#0"}
			}
		},
		{
			"from": [2.7, 2.6, 7.3],
			"to": [3.2, 3.6, 8.7],
			"rotation": {"angle": 0, "axis": "y", "origin": [8.9, 1.6, 9]},
			"faces": {
				"north": {"uv": [9.75, 1.25, 9.875, 1.5], "texture": "#0"},
				"east": {"uv": [7.5, 5.75, 7.875, 6], "texture": "#0"},
				"south": {"uv": [1.5, 9.75, 1.625, 10], "texture": "#0"},
				"west": {"uv": [7.5, 6.5, 7.875, 6.75], "texture": "#0"},
				"up": {"uv": [8.875, 6.375, 8.75, 6], "texture": "#0"},
				"down": {"uv": [6.625, 8.75, 6.5, 9.125], "texture": "#0"}
			}
		},
		{
			"from": [2.2, 13.4, 7.3],
			"to": [13.7, 13.9, 8.7],
			"rotation": {"angle": 0, "axis": "y", "origin": [8.6, 13.5, 7]},
			"faces": {
				"north": {"uv": [3.5, 1.75, 6.375, 1.875], "texture": "#0"},
				"east": {"uv": [8.75, 1.25, 9.125, 1.375], "texture": "#0"},
				"south": {"uv": [3.5, 2, 6.375, 2.125], "texture": "#0"},
				"west": {"uv": [8.75, 1.75, 9.125, 1.875], "texture": "#0"},
				"up": {"uv": [5.875, 0.875, 3, 0.5], "texture": "#0"},
				"down": {"uv": [5.875, 1, 3, 1.375], "texture": "#0"}
			}
		},
		{
			"from": [2.2, 12.4, 7.3],
			"to": [2.7, 13.4, 8.7],
			"rotation": {"angle": 0, "axis": "y", "origin": [-3.5, 11.9, 7]},
			"faces": {
				"north": {"uv": [1.75, 9.75, 1.875, 10], "texture": "#0"},
				"east": {"uv": [7.5, 6.75, 7.875, 7], "texture": "#0"},
				"south": {"uv": [9.75, 1.75, 9.875, 2], "texture": "#0"},
				"west": {"uv": [7, 7.5, 7.375, 7.75], "texture": "#0"},
				"up": {"uv": [8.875, 6.875, 8.75, 6.5], "texture": "#0"},
				"down": {"uv": [6.875, 8.75, 6.75, 9.125], "texture": "#0"}
			}
		},
		{
			"from": [5.2, 1.8, 7.5],
			"to": [10.7, 13.4, 8.5],
			"rotation": {"angle": 0, "axis": "y", "origin": [4.5, 0.8, 7]},
			"faces": {
				"north": {"uv": [0, 0, 1.375, 2.875], "texture": "#0"},
				"east": {"uv": [3, 1.5, 3.25, 4.375], "texture": "#0"},
				"south": {"uv": [1.5, 0, 2.875, 2.875], "texture": "#0"},
				"west": {"uv": [3.25, 1.5, 3.5, 4.375], "texture": "#0"},
				"up": {"uv": [4.875, 2.5, 3.5, 2.25], "texture": "#0"},
				"down": {"uv": [4.875, 2.5, 3.5, 2.75], "texture": "#0"}
			}
		},
		{
			"from": [10.7, 9.4, 7.5],
			"to": [11.2, 13.4, 8.5],
			"rotation": {"angle": 0, "axis": "y", "origin": [5, 0.8, 7]},
			"faces": {
				"north": {"uv": [3.75, 6.75, 3.875, 7.75], "texture": "#0"},
				"east": {"uv": [1.5, 3.75, 1.75, 4.75], "texture": "#0"},
				"south": {"uv": [6, 6.75, 6.125, 7.75], "texture": "#0"},
				"west": {"uv": [1.75, 3.75, 2, 4.75], "texture": "#0"},
				"up": {"uv": [2.125, 10, 2, 9.75], "texture": "#0"},
				"down": {"uv": [9.875, 2, 9.75, 2.25], "texture": "#0"}
			}
		},
		{
			"from": [11.2, 10.2, 7.5],
			"to": [11.7, 13.4, 8.5],
			"rotation": {"angle": 0, "axis": "y", "origin": [5.5, 0.8, 7]},
			"faces": {
				"north": {"uv": [2.75, 7.5, 2.875, 8.25], "texture": "#0"},
				"east": {"uv": [1.5, 4.75, 1.75, 5.5], "texture": "#0"},
				"south": {"uv": [7.5, 7.5, 7.625, 8.25], "texture": "#0"},
				"west": {"uv": [1.75, 4.75, 2, 5.5], "texture": "#0"},
				"up": {"uv": [9.875, 2.75, 9.75, 2.5], "texture": "#0"},
				"down": {"uv": [9.875, 2.75, 9.75, 3], "texture": "#0"}
			}
		},
		{
			"from": [11.7, 11, 7.5],
			"to": [12.2, 13.4, 8.5],
			"rotation": {"angle": 0, "axis": "y", "origin": [6, 0.8, 7]},
			"faces": {
				"north": {"uv": [4.5, 7.75, 4.625, 8.375], "texture": "#0"},
				"east": {"uv": [4, 5.75, 4.25, 6.375], "texture": "#0"},
				"south": {"uv": [4.75, 7.75, 4.875, 8.375], "texture": "#0"},
				"west": {"uv": [4.25, 5.75, 4.5, 6.375], "texture": "#0"},
				"up": {"uv": [9.875, 3.25, 9.75, 3], "texture": "#0"},
				"down": {"uv": [3.375, 9.75, 3.25, 10], "texture": "#0"}
			}
		},
		{
			"from": [12.2, 11.8, 7.5],
			"to": [12.7, 13.4, 8.5],
			"rotation": {"angle": 0, "axis": "y", "origin": [6.5, 0.8, 7]},
			"faces": {
				"north": {"uv": [7, 8.75, 7.125, 9.125], "texture": "#0"},
				"east": {"uv": [0.5, 7.75, 0.75, 8.125], "texture": "#0"},
				"south": {"uv": [8.75, 7, 8.875, 7.375], "texture": "#0"},
				"west": {"uv": [0.75, 7.75, 1, 8.125], "texture": "#0"},
				"up": {"uv": [9.875, 3.5, 9.75, 3.25], "texture": "#0"},
				"down": {"uv": [3.625, 9.75, 3.5, 10], "texture": "#0"}
			}
		},
		{
			"from": [12.7, 12.6, 7.5],
			"to": [13.2, 13.4, 8.5],
			"rotation": {"angle": 0, "axis": "y", "origin": [7, 0.8, 7]},
			"faces": {
				"north": {"uv": [9.75, 3.5, 9.875, 3.75], "texture": "#0"},
				"east": {"uv": [7.75, 7.75, 8, 8], "texture": "#0"},
				"south": {"uv": [3.75, 9.75, 3.875, 10], "texture": "#0"},
				"west": {"uv": [0, 8, 0.25, 8.25], "texture": "#0"},
				"up": {"uv": [4.125, 10, 4, 9.75], "texture": "#0"},
				"down": {"uv": [4.375, 9.75, 4.25, 10], "texture": "#0"}
			}
		},
		{
			"from": [4.7, 9.4, 7.5],
			"to": [5.2, 13.4, 8.5],
			"rotation": {"angle": 0, "axis": "y", "origin": [-1, 0.8, 7]},
			"faces": {
				"north": {"uv": [6.75, 6.75, 6.875, 7.75], "texture": "#0"},
				"east": {"uv": [2.5, 3.75, 2.75, 4.75], "texture": "#0"},
				"south": {"uv": [0, 7, 0.125, 8], "texture": "#0"},
				"west": {"uv": [2.75, 3.75, 3, 4.75], "texture": "#0"},
				"up": {"uv": [4.625, 10, 4.5, 9.75], "texture": "#0"},
				"down": {"uv": [4.875, 9.75, 4.75, 10], "texture": "#0"}
			}
		},
		{
			"from": [4.2, 10.2, 7.5],
			"to": [4.7, 13.4, 8.5],
			"rotation": {"angle": 0, "axis": "y", "origin": [-1.5, 0.8, 7]},
			"faces": {
				"north": {"uv": [1.25, 7.75, 1.375, 8.5], "texture": "#0"},
				"east": {"uv": [2, 4.75, 2.25, 5.5], "texture": "#0"},
				"south": {"uv": [7.75, 1.25, 7.875, 2], "texture": "#0"},
				"west": {"uv": [2.25, 4.75, 2.5, 5.5], "texture": "#0"},
				"up": {"uv": [9.875, 5, 9.75, 4.75], "texture": "#0"},
				"down": {"uv": [5.125, 9.75, 5, 10], "texture": "#0"}
			}
		},
		{
			"from": [3.7, 11, 7.5],
			"to": [4.2, 13.4, 8.5],
			"rotation": {"angle": 0, "axis": "y", "origin": [-2, 0.8, 7]},
			"faces": {
				"north": {"uv": [5, 7.75, 5.125, 8.375], "texture": "#0"},
				"east": {"uv": [5.75, 4.25, 6, 4.875], "texture": "#0"},
				"south": {"uv": [5.25, 7.75, 5.375, 8.375], "texture": "#0"},
				"west": {"uv": [4.5, 5.75, 4.75, 6.375], "texture": "#0"},
				"up": {"uv": [9.875, 5.25, 9.75, 5], "texture": "#0"},
				"down": {"uv": [5.375, 9.75, 5.25, 10], "texture": "#0"}
			}
		},
		{
			"from": [3.2, 11.8, 7.5],
			"to": [3.7, 13.4, 8.5],
			"rotation": {"angle": 0, "axis": "y", "origin": [-2.5, 0.8, 7]},
			"faces": {
				"north": {"uv": [8.75, 7.5, 8.875, 7.875], "texture": "#0"},
				"east": {"uv": [1.75, 7.75, 2, 8.125], "texture": "#0"},
				"south": {"uv": [8.75, 8, 8.875, 8.375], "texture": "#0"},
				"west": {"uv": [2, 7.75, 2.25, 8.125], "texture": "#0"},
				"up": {"uv": [9.875, 5.5, 9.75, 5.25], "texture": "#0"},
				"down": {"uv": [5.625, 9.75, 5.5, 10], "texture": "#0"}
			}
		},
		{
			"from": [2.7, 12.6, 7.5],
			"to": [3.2, 13.4, 8.5],
			"rotation": {"angle": 0, "axis": "y", "origin": [-3, 0.8, 7]},
			"faces": {
				"north": {"uv": [9.75, 5.5, 9.875, 5.75], "texture": "#0"},
				"east": {"uv": [8, 0, 8.25, 0.25], "texture": "#0"},
				"south": {"uv": [5.75, 9.75, 5.875, 10], "texture": "#0"},
				"west": {"uv": [0.25, 8, 0.5, 8.25], "texture": "#0"},
				"up": {"uv": [9.875, 6, 9.75, 5.75], "texture": "#0"},
				"down": {"uv": [6.125, 9.75, 6, 10], "texture": "#0"}
			}
		},
		{
			"from": [4.7, 1.8, 7.5],
			"to": [5.2, 5.8, 8.5],
			"rotation": {"angle": 0, "axis": "y", "origin": [-1, -6.8, 7]},
			"faces": {
				"north": {"uv": [7, 0, 7.125, 1], "texture": "#0"},
				"east": {"uv": [3.5, 3.75, 3.75, 4.75], "texture": "#0"},
				"south": {"uv": [0.25, 7, 0.375, 8], "texture": "#0"},
				"west": {"uv": [3.75, 3.75, 4, 4.75], "texture": "#0"},
				"up": {"uv": [9.875, 6.25, 9.75, 6], "texture": "#0"},
				"down": {"uv": [6.375, 9.75, 6.25, 10], "texture": "#0"}
			}
		},
		{
			"from": [4.2, 1.8, 7.5],
			"to": [4.7, 5, 8.5],
			"rotation": {"angle": 0, "axis": "y", "origin": [-1.5, -7.6, 7]},
			"faces": {
				"north": {"uv": [3.25, 7.75, 3.375, 8.5], "texture": "#0"},
				"east": {"uv": [2.5, 4.75, 2.75, 5.5], "texture": "#0"},
				"south": {"uv": [7.75, 3.25, 7.875, 4], "texture": "#0"},
				"west": {"uv": [2.75, 4.75, 3, 5.5], "texture": "#0"},
				"up": {"uv": [9.875, 6.5, 9.75, 6.25], "texture": "#0"},
				"down": {"uv": [6.625, 9.75, 6.5, 10], "texture": "#0"}
			}
		},
		{
			"from": [3.7, 1.8, 7.5],
			"to": [4.2, 4.2, 8.5],
			"rotation": {"angle": 0, "axis": "y", "origin": [-2, -8.4, 7]},
			"faces": {
				"north": {"uv": [5.5, 7.75, 5.625, 8.375], "texture": "#0"},
				"east": {"uv": [5.75, 5, 6, 5.625], "texture": "#0"},
				"south": {"uv": [5.75, 7.75, 5.875, 8.375], "texture": "#0"},
				"west": {"uv": [5.25, 5.75, 5.5, 6.375], "texture": "#0"},
				"up": {"uv": [9.875, 6.75, 9.75, 6.5], "texture": "#0"},
				"down": {"uv": [6.875, 9.75, 6.75, 10], "texture": "#0"}
			}
		},
		{
			"from": [3.2, 1.8, 7.5],
			"to": [3.7, 3.4, 8.5],
			"rotation": {"angle": 0, "axis": "y", "origin": [-2.5, -9.2, 7]},
			"faces": {
				"north": {"uv": [8.5, 8.75, 8.625, 9.125], "texture": "#0"},
				"east": {"uv": [7.75, 2.25, 8, 2.625], "texture": "#0"},
				"south": {"uv": [8.75, 8.5, 8.875, 8.875], "texture": "#0"},
				"west": {"uv": [3.5, 7.75, 3.75, 8.125], "texture": "#0"},
				"up": {"uv": [9.875, 7, 9.75, 6.75], "texture": "#0"},
				"down": {"uv": [7.125, 9.75, 7, 10], "texture": "#0"}
			}
		},
		{
			"from": [2.7, 1.8, 7.5],
			"to": [3.2, 2.6, 8.5],
			"rotation": {"angle": 0, "axis": "y", "origin": [-3, -10, 7]},
			"faces": {
				"north": {"uv": [9.75, 7, 9.875, 7.25], "texture": "#0"},
				"east": {"uv": [8, 0.25, 8.25, 0.5], "texture": "#0"},
				"south": {"uv": [7.25, 9.75, 7.375, 10], "texture": "#0"},
				"west": {"uv": [8, 0.75, 8.25, 1], "texture": "#0"},
				"up": {"uv": [9.875, 7.5, 9.75, 7.25], "texture": "#0"},
				"down": {"uv": [7.625, 9.75, 7.5, 10], "texture": "#0"}
			}
		},
		{
			"from": [10.7, 1.8, 7.5],
			"to": [11.2, 5.8, 8.5],
			"rotation": {"angle": 0, "axis": "y", "origin": [5, -6.8, 7]},
			"faces": {
				"north": {"uv": [1, 7, 1.125, 8], "texture": "#0"},
				"east": {"uv": [4, 2.75, 4.25, 3.75], "texture": "#0"},
				"south": {"uv": [7, 1, 7.125, 2], "texture": "#0"},
				"west": {"uv": [4, 3.75, 4.25, 4.75], "texture": "#0"},
				"up": {"uv": [9.875, 7.75, 9.75, 7.5], "texture": "#0"},
				"down": {"uv": [7.875, 9.75, 7.75, 10], "texture": "#0"}
			}
		},
		{
			"from": [11.2, 1.8, 7.5],
			"to": [11.7, 5, 8.5],
			"rotation": {"angle": 0, "axis": "y", "origin": [5.5, -7.6, 7]},
			"faces": {
				"north": {"uv": [3.75, 7.75, 3.875, 8.5], "texture": "#0"},
				"east": {"uv": [4.75, 2.75, 5, 3.5], "texture": "#0"},
				"south": {"uv": [4, 7.75, 4.125, 8.5], "texture": "#0"},
				"west": {"uv": [3.5, 4.75, 3.75, 5.5], "texture": "#0"},
				"up": {"uv": [9.875, 8, 9.75, 7.75], "texture": "#0"},
				"down": {"uv": [8.125, 9.75, 8, 10], "texture": "#0"}
			}
		},
		{
			"from": [11.7, 1.8, 7.5],
			"to": [12.2, 4.2, 8.5],
			"rotation": {"angle": 0, "axis": "y", "origin": [6, -8.4, 7]},
			"faces": {
				"north": {"uv": [6, 7.75, 6.125, 8.375], "texture": "#0"},
				"east": {"uv": [5.5, 5.75, 5.75, 6.375], "texture": "#0"},
				"south": {"uv": [6.25, 7.75, 6.375, 8.375], "texture": "#0"},
				"west": {"uv": [5.75, 5.75, 6, 6.375], "texture": "#0"},
				"up": {"uv": [9.875, 8.25, 9.75, 8], "texture": "#0"},
				"down": {"uv": [8.375, 9.75, 8.25, 10], "texture": "#0"}
			}
		},
		{
			"from": [12.2, 1.8, 7.5],
			"to": [12.7, 3.4, 8.5],
			"rotation": {"angle": 0, "axis": "y", "origin": [6.5, -9.2, 7]},
			"faces": {
				"north": {"uv": [0, 9, 0.125, 9.375], "texture": "#0"},
				"east": {"uv": [7.75, 4, 8, 4.375], "texture": "#0"},
				"south": {"uv": [9, 0, 9.125, 0.375], "texture": "#0"},
				"west": {"uv": [4.25, 7.75, 4.5, 8.125], "texture": "#0"},
				"up": {"uv": [9.875, 8.5, 9.75, 8.25], "texture": "#0"},
				"down": {"uv": [8.625, 9.75, 8.5, 10], "texture": "#0"}
			}
		},
		{
			"from": [12.7, 1.8, 7.5],
			"to": [13.2, 2.6, 8.5],
			"rotation": {"angle": 0, "axis": "y", "origin": [7, -10, 7]},
			"faces": {
				"north": {"uv": [9.75, 8.5, 9.875, 8.75], "texture": "#0"},
				"east": {"uv": [1, 8, 1.25, 8.25], "texture": "#0"},
				"south": {"uv": [8.75, 9.75, 8.875, 10], "texture": "#0"},
				"west": {"uv": [8, 1, 8.25, 1.25], "texture": "#0"},
				"up": {"uv": [9.875, 9, 9.75, 8.75], "texture": "#0"},
				"down": {"uv": [9.125, 9.75, 9, 10], "texture": "#0"}
			}
		},
		{
			"from": [10.4, 2.5, 7.3],
			"to": [10.6, 4.5, 8.7],
			"rotation": {"angle": 0, "axis": "y", "origin": [10.7, 4, 7.4]},
			"faces": {
				"north": {"uv": [8, 1.25, 8.125, 1.75], "texture": "#0"},
				"east": {"uv": [4.75, 3.5, 5.125, 4], "texture": "#0"},
				"south": {"uv": [8, 1.75, 8.125, 2.25], "texture": "#0"},
				"west": {"uv": [3.75, 4.75, 4.125, 5.25], "texture": "#0"},
				"up": {"uv": [0.625, 9.375, 0.5, 9], "texture": "#0"},
				"down": {"uv": [9.125, 0.5, 9, 0.875], "texture": "#0"}
			}
		},
		{
			"from": [10.3, 2.8, 7.2],
			"to": [10.7, 4.2, 8.8],
			"rotation": {"angle": 0, "axis": "y", "origin": [10.7, 4, 7.4]},
			"faces": {
				"north": {"uv": [0.75, 9, 0.875, 9.375], "texture": "#0"},
				"east": {"uv": [3, 6, 3.375, 6.375], "texture": "#0"},
				"south": {"uv": [1, 9, 1.125, 9.375], "texture": "#0"},
				"west": {"uv": [6, 4.25, 6.375, 4.625], "texture": "#0"},
				"up": {"uv": [1.375, 9.375, 1.25, 9], "texture": "#0"},
				"down": {"uv": [9.125, 2, 9, 2.375], "texture": "#0"}
			}
		},
		{
			"from": [9.5, 3.4, 7.3],
			"to": [11.5, 3.6, 8.7],
			"rotation": {"angle": 0, "axis": "y", "origin": [10, 3.7, 7.4]},
			"faces": {
				"north": {"uv": [8, 2.25, 8.5, 2.375], "texture": "#0"},
				"east": {"uv": [8.75, 4, 9.125, 4.125], "texture": "#0"},
				"south": {"uv": [8, 2.5, 8.5, 2.625], "texture": "#0"},
				"west": {"uv": [9, 1, 9.375, 1.125], "texture": "#0"},
				"up": {"uv": [5.25, 4.375, 4.75, 4], "texture": "#0"},
				"down": {"uv": [4.75, 4.75, 4.25, 5.125], "texture": "#0"}
			}
		},
		{
			"from": [9.8, 3.3, 7.2],
			"to": [11.2, 3.7, 8.8],
			"rotation": {"angle": 0, "axis": "y", "origin": [10, 3.7, 7.4]},
			"faces": {
				"north": {"uv": [9, 1.5, 9.375, 1.625], "texture": "#0"},
				"east": {"uv": [9, 2.5, 9.375, 2.625], "texture": "#0"},
				"south": {"uv": [9, 2.75, 9.375, 2.875], "texture": "#0"},
				"west": {"uv": [3, 9, 3.375, 9.125], "texture": "#0"},
				"up": {"uv": [5.125, 6.375, 4.75, 6], "texture": "#0"},
				"down": {"uv": [6.375, 4.75, 6, 5.125], "texture": "#0"}
			}
		},
		{
			"from": [10.1, 3.1, 7.1],
			"to": [10.9, 3.9, 8.9],
			"rotation": {"angle": 0, "axis": "y", "origin": [10, 3.7, 7.4]},
			"faces": {
				"north": {"uv": [8, 2.75, 8.25, 3], "texture": "#0"},
				"east": {"uv": [6.75, 4, 7.25, 4.25], "texture": "#0"},
				"south": {"uv": [8, 3, 8.25, 3.25], "texture": "#0"},
				"west": {"uv": [1.25, 7, 1.75, 7.25], "texture": "#0"},
				"up": {"uv": [2, 7.5, 1.75, 7], "texture": "#0"},
				"down": {"uv": [2.25, 7, 2, 7.5], "texture": "#0"}
			}
		},
		{
			"from": [10.3, 10.8, 7.3],
			"to": [10.5, 12.8, 8.7],
			"rotation": {"angle": 0, "axis": "y", "origin": [10.6, 12.3, 7.4]},
			"faces": {
				"north": {"uv": [8, 3.25, 8.125, 3.75], "texture": "#0"},
				"east": {"uv": [4.75, 4.5, 5.125, 5], "texture": "#0"},
				"south": {"uv": [8, 3.75, 8.125, 4.25], "texture": "#0"},
				"west": {"uv": [5, 2.25, 5.375, 2.75], "texture": "#0"},
				"up": {"uv": [2.375, 9.375, 2.25, 9], "texture": "#0"},
				"down": {"uv": [9.125, 3, 9, 3.375], "texture": "#0"}
			}
		},
		{
			"from": [10.2, 11.1, 7.2],
			"to": [10.6, 12.5, 8.8],
			"rotation": {"angle": 0, "axis": "y", "origin": [10.6, 12.3, 7.4]},
			"faces": {
				"north": {"uv": [9, 3.5, 9.125, 3.875], "texture": "#0"},
				"east": {"uv": [6, 5.25, 6.375, 5.625], "texture": "#0"},
				"south": {"uv": [3.75, 9, 3.875, 9.375], "texture": "#0"},
				"west": {"uv": [6, 5.75, 6.375, 6.125], "texture": "#0"},
				"up": {"uv": [4.125, 9.375, 4, 9], "texture": "#0"},
				"down": {"uv": [4.375, 9, 4.25, 9.375], "texture": "#0"}
			}
		},
		{
			"from": [9.4, 11.7, 7.3],
			"to": [11.4, 11.9, 8.7],
			"rotation": {"angle": 0, "axis": "y", "origin": [9.9, 12, 7.4]},
			"faces": {
				"north": {"uv": [8, 4.25, 8.5, 4.375], "texture": "#0"},
				"east": {"uv": [9, 4.25, 9.375, 4.375], "texture": "#0"},
				"south": {"uv": [8, 4.75, 8.5, 4.875], "texture": "#0"},
				"west": {"uv": [4.5, 9, 4.875, 9.125], "texture": "#0"},
				"up": {"uv": [5.5, 3.125, 5, 2.75], "texture": "#0"},
				"down": {"uv": [3.5, 5, 3, 5.375], "texture": "#0"}
			}
		},
		{
			"from": [9.7, 11.6, 7.2],
			"to": [11.1, 12, 8.8],
			"rotation": {"angle": 0, "axis": "y", "origin": [9.9, 12, 7.4]},
			"faces": {
				"north": {"uv": [9, 4.5, 9.375, 4.625], "texture": "#0"},
				"east": {"uv": [9, 4.75, 9.375, 4.875], "texture": "#0"},
				"south": {"uv": [5, 9, 5.375, 9.125], "texture": "#0"},
				"west": {"uv": [9, 5, 9.375, 5.125], "texture": "#0"},
				"up": {"uv": [0.375, 6.625, 0, 6.25], "texture": "#0"},
				"down": {"uv": [0.875, 6.25, 0.5, 6.625], "texture": "#0"}
			}
		},
		{
			"from": [10, 11.4, 7.1],
			"to": [10.8, 12.2, 8.9],
			"rotation": {"angle": 0, "axis": "y", "origin": [9.9, 12, 7.4]},
			"faces": {
				"north": {"uv": [8, 5, 8.25, 5.25], "texture": "#0"},
				"east": {"uv": [7, 2, 7.5, 2.25], "texture": "#0"},
				"south": {"uv": [8, 5.25, 8.25, 5.5], "texture": "#0"},
				"west": {"uv": [2.25, 7, 2.75, 7.25], "texture": "#0"},
				"up": {"uv": [7.25, 2.75, 7, 2.25], "texture": "#0"},
				"down": {"uv": [3, 7, 2.75, 7.5], "texture": "#0"}
			}
		},
		{
			"from": [5.3, 2.4, 7.3],
			"to": [5.5, 4.4, 8.7],
			"rotation": {"angle": 0, "axis": "y", "origin": [5.6, 3.9, 7.4]},
			"faces": {
				"north": {"uv": [8, 5.5, 8.125, 6], "texture": "#0"},
				"east": {"uv": [4.75, 5, 5.125, 5.5], "texture": "#0"},
				"south": {"uv": [8, 6, 8.125, 6.5], "texture": "#0"},
				"west": {"uv": [0, 5.25, 0.375, 5.75], "texture": "#0"},
				"up": {"uv": [9.125, 5.625, 9, 5.25], "texture": "#0"},
				"down": {"uv": [5.625, 9, 5.5, 9.375], "texture": "#0"}
			}
		},
		{
			"from": [5.2, 2.7, 7.2],
			"to": [5.6, 4.1, 8.8],
			"rotation": {"angle": 0, "axis": "y", "origin": [5.6, 3.9, 7.4]},
			"faces": {
				"north": {"uv": [5.75, 9, 5.875, 9.375], "texture": "#0"},
				"east": {"uv": [1, 6.25, 1.375, 6.625], "texture": "#0"},
				"south": {"uv": [9, 5.75, 9.125, 6.125], "texture": "#0"},
				"west": {"uv": [6.25, 3.25, 6.625, 3.625], "texture": "#0"},
				"up": {"uv": [6.125, 9.375, 6, 9], "texture": "#0"},
				"down": {"uv": [6.375, 9, 6.25, 9.375], "texture": "#0"}
			}
		},
		{
			"from": [4.4, 3.3, 7.3],
			"to": [6.4, 3.5, 8.7],
			"rotation": {"angle": 0, "axis": "y", "origin": [4.9, 3.6, 7.4]},
			"faces": {
				"north": {"uv": [8, 6.5, 8.5, 6.625], "texture": "#0"},
				"east": {"uv": [9, 6.25, 9.375, 6.375], "texture": "#0"},
				"south": {"uv": [8, 6.75, 8.5, 6.875], "texture": "#0"},
				"west": {"uv": [9, 6.5, 9.375, 6.625], "texture": "#0"},
				"up": {"uv": [1, 5.625, 0.5, 5.25], "texture": "#0"},
				"down": {"uv": [1.5, 5.25, 1, 5.625], "texture": "#0"}
			}
		},
		{
			"from": [4.7, 3.2, 7.2],
			"to": [6.1, 3.6, 8.8],
			"rotation": {"angle": 0, "axis": "y", "origin": [4.9, 3.6, 7.4]},
			"faces": {
				"north": {"uv": [9, 6.75, 9.375, 6.875], "texture": "#0"},
				"east": {"uv": [9, 7, 9.375, 7.125], "texture": "#0"},
				"south": {"uv": [7.25, 9, 7.625, 9.125], "texture": "#0"},
				"west": {"uv": [9, 7.25, 9.375, 7.375], "texture": "#0"},
				"up": {"uv": [3.875, 6.625, 3.5, 6.25], "texture": "#0"},
				"down": {"uv": [6.625, 3.75, 6.25, 4.125], "texture": "#0"}
			}
		},
		{
			"from": [5, 3, 7.1],
			"to": [5.8, 3.8, 8.9],
			"rotation": {"angle": 0, "axis": "y", "origin": [4.9, 3.6, 7.4]},
			"faces": {
				"north": {"uv": [7, 8, 7.25, 8.25], "texture": "#0"},
				"east": {"uv": [7, 2.75, 7.5, 3], "texture": "#0"},
				"south": {"uv": [7.25, 8, 7.5, 8.25], "texture": "#0"},
				"west": {"uv": [3, 7, 3.5, 7.25], "texture": "#0"},
				"up": {"uv": [7.25, 4, 7, 3.5], "texture": "#0"},
				"down": {"uv": [4.25, 7, 4, 7.5], "texture": "#0"}
			}
		},
		{
			"from": [5.5, 10.8, 7.3],
			"to": [5.7, 12.8, 8.7],
			"rotation": {"angle": 0, "axis": "y", "origin": [5.8, 12.3, 7.4]},
			"faces": {
				"north": {"uv": [8, 7.25, 8.125, 7.75], "texture": "#0"},
				"east": {"uv": [5.25, 3.25, 5.625, 3.75], "texture": "#0"},
				"south": {"uv": [7.75, 8, 7.875, 8.5], "texture": "#0"},
				"west": {"uv": [3.75, 5.25, 4.125, 5.75], "texture": "#0"},
				"up": {"uv": [9.125, 7.875, 9, 7.5], "texture": "#0"},
				"down": {"uv": [7.875, 9, 7.75, 9.375], "texture": "#0"}
			}
		},
		{
			"from": [5.4, 11.1, 7.2],
			"to": [5.8, 12.5, 8.8],
			"rotation": {"angle": 0, "axis": "y", "origin": [5.8, 12.3, 7.4]},
			"faces": {
				"north": {"uv": [8, 9, 8.125, 9.375], "texture": "#0"},
				"east": {"uv": [6, 6.25, 6.375, 6.625], "texture": "#0"},
				"south": {"uv": [9, 8, 9.125, 8.375], "texture": "#0"},
				"west": {"uv": [6.5, 0, 6.875, 0.375], "texture": "#0"},
				"up": {"uv": [8.375, 9.375, 8.25, 9], "texture": "#0"},
				"down": {"uv": [9.125, 8.5, 9, 8.875], "texture": "#0"}
			}
		},
		{
			"from": [4.6, 11.7, 7.3],
			"to": [6.6, 11.9, 8.7],
			"rotation": {"angle": 0, "axis": "y", "origin": [5.1, 12, 7.4]},
			"faces": {
				"north": {"uv": [8, 7.75, 8.5, 7.875], "texture": "#0"},
				"east": {"uv": [8.75, 9, 9.125, 9.125], "texture": "#0"},
				"south": {"uv": [8, 8, 8.5, 8.125], "texture": "#0"},
				"west": {"uv": [9.25, 0, 9.625, 0.125], "texture": "#0"},
				"up": {"uv": [5.75, 4.125, 5.25, 3.75], "texture": "#0"},
				"down": {"uv": [4.75, 5.25, 4.25, 5.625], "texture": "#0"}
			}
		},
		{
			"from": [4.9, 11.6, 7.2],
			"to": [6.3, 12, 8.8],
			"rotation": {"angle": 0, "axis": "y", "origin": [5.1, 12, 7.4]},
			"faces": {
				"north": {"uv": [9.25, 0.25, 9.625, 0.375], "texture": "#0"},
				"east": {"uv": [9.25, 0.5, 9.625, 0.625], "texture": "#0"},
				"south": {"uv": [9.25, 0.75, 9.625, 0.875], "texture": "#0"},
				"west": {"uv": [9.25, 1.25, 9.625, 1.375], "texture": "#0"},
				"up": {"uv": [6.875, 0.875, 6.5, 0.5], "texture": "#0"},
				"down": {"uv": [6.875, 1, 6.5, 1.375], "texture": "#0"}
			}
		},
		{
			"from": [5.2, 11.4, 7.1],
			"to": [6, 12.2, 8.9],
			"rotation": {"angle": 0, "axis": "y", "origin": [5.1, 12, 7.4]},
			"faces": {
				"north": {"uv": [0, 8.25, 0.25, 8.5], "texture": "#0"},
				"east": {"uv": [7, 3, 7.5, 3.25], "texture": "#0"},
				"south": {"uv": [8.25, 0, 8.5, 0.25], "texture": "#0"},
				"west": {"uv": [4.25, 7, 4.75, 7.25], "texture": "#0"},
				"up": {"uv": [7.25, 4.75, 7, 4.25], "texture": "#0"},
				"down": {"uv": [5, 7, 4.75, 7.5], "texture": "#0"}
			}
		},
		{
			"from": [7.9, 11.1, 7.3],
			"to": [8.1, 13.1, 8.7],
			"rotation": {"angle": 0, "axis": "y", "origin": [8.2, 12.6, 7.4]},
			"faces": {
				"north": {"uv": [0.25, 8.25, 0.375, 8.75], "texture": "#0"},
				"east": {"uv": [5.25, 4.25, 5.625, 4.75], "texture": "#0"},
				"south": {"uv": [8.25, 0.25, 8.375, 0.75], "texture": "#0"},
				"west": {"uv": [5.25, 4.75, 5.625, 5.25], "texture": "#0"},
				"up": {"uv": [0.375, 9.625, 0.25, 9.25], "texture": "#0"},
				"down": {"uv": [1.625, 9.25, 1.5, 9.625], "texture": "#0"}
			}
		},
		{
			"from": [7.8, 11.4, 7.2],
			"to": [8.2, 12.8, 8.8],
			"rotation": {"angle": 0, "axis": "y", "origin": [8.2, 12.6, 7.4]},
			"faces": {
				"north": {"uv": [1.75, 9.25, 1.875, 9.625], "texture": "#0"},
				"east": {"uv": [1.5, 6.5, 1.875, 6.875], "texture": "#0"},
				"south": {"uv": [9.25, 1.75, 9.375, 2.125], "texture": "#0"},
				"west": {"uv": [6.5, 1.5, 6.875, 1.875], "texture": "#0"},
				"up": {"uv": [2.125, 9.625, 2, 9.25], "texture": "#0"},
				"down": {"uv": [2.625, 9.25, 2.5, 9.625], "texture": "#0"}
			}
		},
		{
			"from": [7, 12, 7.3],
			"to": [9, 12.2, 8.7],
			"rotation": {"angle": 0, "axis": "y", "origin": [7.5, 12.3, 7.4]},
			"faces": {
				"north": {"uv": [0.5, 8.25, 1, 8.375], "texture": "#0"},
				"east": {"uv": [9.25, 2.25, 9.625, 2.375], "texture": "#0"},
				"south": {"uv": [8.25, 0.75, 8.75, 0.875], "texture": "#0"},
				"west": {"uv": [2.75, 9.25, 3.125, 9.375], "texture": "#0"},
				"up": {"uv": [5.75, 5.625, 5.25, 5.25], "texture": "#0"},
				"down": {"uv": [2, 5.5, 1.5, 5.875], "texture": "#0"}
			}
		},
		{
			"from": [7.3, 11.9, 7.2],
			"to": [8.7, 12.3, 8.8],
			"rotation": {"angle": 0, "axis": "y", "origin": [7.5, 12.3, 7.4]},
			"faces": {
				"north": {"uv": [9.25, 3, 9.625, 3.125], "texture": "#0"},
				"east": {"uv": [3.25, 9.25, 3.625, 9.375], "texture": "#0"},
				"south": {"uv": [9.25, 3.25, 9.625, 3.375], "texture": "#0"},
				"west": {"uv": [9.25, 3.5, 9.625, 3.625], "texture": "#0"},
				"up": {"uv": [2.375, 6.875, 2, 6.5], "texture": "#0"},
				"down": {"uv": [6.875, 2, 6.5, 2.375], "texture": "#0"}
			}
		},
		{
			"from": [7.6, 11.7, 7.1],
			"to": [8.4, 12.5, 8.9],
			"rotation": {"angle": 0, "axis": "y", "origin": [7.5, 12.3, 7.4]},
			"faces": {
				"north": {"uv": [1, 8.25, 1.25, 8.5], "texture": "#0"},
				"east": {"uv": [7, 4.75, 7.5, 5], "texture": "#0"},
				"south": {"uv": [8.25, 1, 8.5, 1.25], "texture": "#0"},
				"west": {"uv": [5, 7, 5.5, 7.25], "texture": "#0"},
				"up": {"uv": [7.25, 5.5, 7, 5], "texture": "#0"},
				"down": {"uv": [5.75, 7, 5.5, 7.5], "texture": "#0"}
			}
		},
		{
			"from": [7.9, 2.2, 7.3],
			"to": [8.1, 4.2, 8.7],
			"rotation": {"angle": 0, "axis": "y", "origin": [8.2, 3.7, 7.4]},
			"faces": {
				"north": {"uv": [8.25, 1.25, 8.375, 1.75], "texture": "#0"},
				"east": {"uv": [2, 5.5, 2.375, 6], "texture": "#0"},
				"south": {"uv": [1.5, 8.25, 1.625, 8.75], "texture": "#0"},
				"west": {"uv": [5.5, 2.25, 5.875, 2.75], "texture": "#0"},
				"up": {"uv": [9.375, 4.125, 9.25, 3.75], "texture": "#0"},
				"down": {"uv": [4.625, 9.25, 4.5, 9.625], "texture": "#0"}
			}
		},
		{
			"from": [7.8, 2.5, 7.2],
			"to": [8.2, 3.9, 8.8],
			"rotation": {"angle": 0, "axis": "y", "origin": [8.2, 3.7, 7.4]},
			"faces": {
				"north": {"uv": [4.75, 9.25, 4.875, 9.625], "texture": "#0"},
				"east": {"uv": [2.5, 6.5, 2.875, 6.875], "texture": "#0"},
				"south": {"uv": [5, 9.25, 5.125, 9.625], "texture": "#0"},
				"west": {"uv": [6.5, 2.5, 6.875, 2.875], "texture": "#0"},
				"up": {"uv": [5.375, 9.625, 5.25, 9.25], "texture": "#0"},
				"down": {"uv": [9.375, 5.25, 9.25, 5.625], "texture": "#0"}
			}
		},
		{
			"from": [7, 3.1, 7.3],
			"to": [9, 3.3, 8.7],
			"rotation": {"angle": 0, "axis": "y", "origin": [7.5, 3.4, 7.4]},
			"faces": {
				"north": {"uv": [1.75, 8.25, 2.25, 8.375], "texture": "#0"},
				"east": {"uv": [9.25, 5.75, 9.625, 5.875], "texture": "#0"},
				"south": {"uv": [8.25, 1.75, 8.75, 1.875], "texture": "#0"},
				"west": {"uv": [9.25, 6, 9.625, 6.125], "texture": "#0"},
				"up": {"uv": [3, 5.875, 2.5, 5.5], "texture": "#0"},
				"down": {"uv": [6, 2.75, 5.5, 3.125], "texture": "#0"}
			}
		},
		{
			"from": [7.3, 3, 7.2],
			"to": [8.7, 3.4, 8.8],
			"rotation": {"angle": 0, "axis": "y", "origin": [7.5, 3.4, 7.4]},
			"faces": {
				"north": {"uv": [6.5, 9.25, 6.875, 9.375], "texture": "#0"},
				"east": {"uv": [7, 9.25, 7.375, 9.375], "texture": "#0"},
				"south": {"uv": [9.25, 7.5, 9.625, 7.625], "texture": "#0"},
				"west": {"uv": [9.25, 7.75, 9.625, 7.875], "texture": "#0"},
				"up": {"uv": [3.375, 6.875, 3, 6.5], "texture": "#0"},
				"down": {"uv": [4.375, 6.5, 4, 6.875], "texture": "#0"}
			}
		},
		{
			"from": [7.6, 2.8, 7.1],
			"to": [8.4, 3.6, 8.9],
			"rotation": {"angle": 0, "axis": "y", "origin": [7.5, 3.4, 7.4]},
			"faces": {
				"north": {"uv": [8.25, 2, 8.5, 2.25], "texture": "#0"},
				"east": {"uv": [7, 5.5, 7.5, 5.75], "texture": "#0"},
				"south": {"uv": [2.25, 8.25, 2.5, 8.5], "texture": "#0"},
				"west": {"uv": [7, 5.75, 7.5, 6], "texture": "#0"},
				"up": {"uv": [6, 7.5, 5.75, 7], "texture": "#0"},
				"down": {"uv": [7.25, 6, 7, 6.5], "texture": "#0"}
			}
		},
		{
			"from": [6.4, 5, 7.3],
			"to": [6.6, 7, 8.7],
			"rotation": {"angle": 0, "axis": "y", "origin": [6.7, 6.5, 7.4]},
			"faces": {
				"north": {"uv": [6.5, 7.75, 6.625, 8.25], "texture": "#0"},
				"east": {"uv": [3, 4.5, 3.375, 5], "texture": "#0"},
				"south": {"uv": [6.75, 7.75, 6.875, 8.25], "texture": "#0"},
				"west": {"uv": [0, 4.75, 0.375, 5.25], "texture": "#0"},
				"up": {"uv": [0.125, 8.875, 0, 8.5], "texture": "#0"},
				"down": {"uv": [0.625, 8.5, 0.5, 8.875], "texture": "#0"}
			}
		},
		{
			"from": [6.3, 5.3, 7.2],
			"to": [6.7, 6.7, 8.8],
			"rotation": {"angle": 0, "axis": "y", "origin": [6.7, 6.5, 7.4]},
			"faces": {
				"north": {"uv": [0.75, 8.5, 0.875, 8.875], "texture": "#0"},
				"east": {"uv": [2, 6, 2.375, 6.375], "texture": "#0"},
				"south": {"uv": [1, 8.5, 1.125, 8.875], "texture": "#0"},
				"west": {"uv": [6, 2.25, 6.375, 2.625], "texture": "#0"},
				"up": {"uv": [8.625, 1.375, 8.5, 1], "texture": "#0"},
				"down": {"uv": [1.375, 8.5, 1.25, 8.875], "texture": "#0"}
			}
		},
		{
			"from": [5.5, 5.9, 7.3],
			"to": [7.5, 6.1, 8.7],
			"rotation": {"angle": 0, "axis": "y", "origin": [6, 6.2, 7.4]},
			"faces": {
				"north": {"uv": [7, 7.75, 7.5, 7.875], "texture": "#0"},
				"east": {"uv": [8.5, 0.5, 8.875, 0.625], "texture": "#0"},
				"south": {"uv": [7.75, 7, 8.25, 7.125], "texture": "#0"},
				"west": {"uv": [8.5, 1.5, 8.875, 1.625], "texture": "#0"},
				"up": {"uv": [1, 5.125, 0.5, 4.75], "texture": "#0"},
				"down": {"uv": [1.5, 4.75, 1, 5.125], "texture": "#0"}
			}
		},
		{
			"from": [5.8, 5.8, 7.2],
			"to": [7.2, 6.2, 8.8],
			"rotation": {"angle": 0, "axis": "y", "origin": [6, 6.2, 7.4]},
			"faces": {
				"north": {"uv": [1.75, 8.5, 2.125, 8.625], "texture": "#0"},
				"east": {"uv": [8.5, 2, 8.875, 2.125], "texture": "#0"},
				"south": {"uv": [8.5, 2.25, 8.875, 2.375], "texture": "#0"},
				"west": {"uv": [8.5, 2.5, 8.875, 2.625], "texture": "#0"},
				"up": {"uv": [2.875, 6.375, 2.5, 6], "texture": "#0"},
				"down": {"uv": [6.375, 2.75, 6, 3.125], "texture": "#0"}
			}
		},
		{
			"from": [6.1, 5.6, 7.1],
			"to": [6.9, 6.4, 8.9],
			"rotation": {"angle": 0, "axis": "y", "origin": [6, 6.2, 7.4]},
			"faces": {
				"north": {"uv": [7.75, 7.25, 8, 7.5], "texture": "#0"},
				"east": {"uv": [1, 6.75, 1.5, 7], "texture": "#0"},
				"south": {"uv": [7.75, 7.5, 8, 7.75], "texture": "#0"},
				"west": {"uv": [6.75, 3.25, 7.25, 3.5], "texture": "#0"},
				"up": {"uv": [3.75, 7.25, 3.5, 6.75], "texture": "#0"},
				"down": {"uv": [7, 3.5, 6.75, 4], "texture": "#0"}
			}
		},
		{
			"from": [6.4, 8.2, 7.3],
			"to": [6.6, 10.2, 8.7],
			"rotation": {"angle": 0, "axis": "y", "origin": [6.7, 9.7, 7.4]},
			"faces": {
				"north": {"uv": [2.5, 8.25, 2.625, 8.75], "texture": "#0"},
				"east": {"uv": [3, 5.5, 3.375, 6], "texture": "#0"},
				"south": {"uv": [2.75, 8.25, 2.875, 8.75], "texture": "#0"},
				"west": {"uv": [4.75, 5.5, 5.125, 6], "texture": "#0"},
				"up": {"uv": [7.625, 9.625, 7.5, 9.25], "texture": "#0"},
				"down": {"uv": [9.375, 8, 9.25, 8.375], "texture": "#0"}
			}
		},
		{
			"from": [6.3, 8.5, 7.2],
			"to": [6.7, 9.9, 8.8],
			"rotation": {"angle": 0, "axis": "y", "origin": [6.7, 9.7, 7.4]},
			"faces": {
				"north": {"uv": [8.5, 9.25, 8.625, 9.625], "texture": "#0"},
				"east": {"uv": [6.5, 4.25, 6.875, 4.625], "texture": "#0"},
				"south": {"uv": [9.25, 8.5, 9.375, 8.875], "texture": "#0"},
				"west": {"uv": [4.5, 6.5, 4.875, 6.875], "texture": "#0"},
				"up": {"uv": [8.875, 9.625, 8.75, 9.25], "texture": "#0"},
				"down": {"uv": [9.125, 9.25, 9, 9.625], "texture": "#0"}
			}
		},
		{
			"from": [5.5, 9.1, 7.3],
			"to": [7.5, 9.3, 8.7],
			"rotation": {"angle": 0, "axis": "y", "origin": [6, 9.4, 7.4]},
			"faces": {
				"north": {"uv": [8.25, 2.75, 8.75, 2.875], "texture": "#0"},
				"east": {"uv": [9.25, 9, 9.625, 9.125], "texture": "#0"},
				"south": {"uv": [8.25, 3, 8.75, 3.125], "texture": "#0"},
				"west": {"uv": [9.25, 9.25, 9.625, 9.375], "texture": "#0"},
				"up": {"uv": [0.5, 6.125, 0, 5.75], "texture": "#0"},
				"down": {"uv": [1, 5.75, 0.5, 6.125], "texture": "#0"}
			}
		},
		{
			"from": [5.8, 9, 7.2],
			"to": [7.2, 9.4, 8.8],
			"rotation": {"angle": 0, "axis": "y", "origin": [6, 9.4, 7.4]},
			"faces": {
				"north": {"uv": [0.5, 9.5, 0.875, 9.625], "texture": "#0"},
				"east": {"uv": [1, 9.5, 1.375, 9.625], "texture": "#0"},
				"south": {"uv": [9.5, 1, 9.875, 1.125], "texture": "#0"},
				"west": {"uv": [9.5, 1.5, 9.875, 1.625], "texture": "#0"},
				"up": {"uv": [6.875, 5.125, 6.5, 4.75], "texture": "#0"},
				"down": {"uv": [5.375, 6.5, 5, 6.875], "texture": "#0"}
			}
		},
		{
			"from": [6.1, 8.8, 7.1],
			"to": [6.9, 9.6, 8.9],
			"rotation": {"angle": 0, "axis": "y", "origin": [6, 9.4, 7.4]},
			"faces": {
				"north": {"uv": [3, 8.25, 3.25, 8.5], "texture": "#0"},
				"east": {"uv": [7, 6.5, 7.5, 6.75], "texture": "#0"},
				"south": {"uv": [8.25, 3.25, 8.5, 3.5], "texture": "#0"},
				"west": {"uv": [7, 6.75, 7.5, 7], "texture": "#0"},
				"up": {"uv": [7.25, 7.5, 7, 7], "texture": "#0"},
				"down": {"uv": [7.5, 0, 7.25, 0.5], "texture": "#0"}
			}
		},
		{
			"from": [9.3, 5, 7.3],
			"to": [9.5, 7, 8.7],
			"rotation": {"angle": 0, "axis": "y", "origin": [9.6, 6.5, 7.4]},
			"faces": {
				"north": {"uv": [7.75, 5, 7.875, 5.5], "texture": "#0"},
				"east": {"uv": [4.25, 2.75, 4.625, 3.25], "texture": "#0"},
				"south": {"uv": [7.75, 6, 7.875, 6.5], "texture": "#0"},
				"west": {"uv": [4.25, 3.25, 4.625, 3.75], "texture": "#0"},
				"up": {"uv": [8.375, 5.625, 8.25, 5.25], "texture": "#0"},
				"down": {"uv": [8.375, 5.75, 8.25, 6.125], "texture": "#0"}
			}
		},
		{
			"from": [9.2, 5.3, 7.2],
			"to": [9.6, 6.7, 8.8],
			"rotation": {"angle": 0, "axis": "y", "origin": [9.6, 6.5, 7.4]},
			"faces": {
				"north": {"uv": [6.5, 8.25, 6.625, 8.625], "texture": "#0"},
				"east": {"uv": [6, 0, 6.375, 0.375], "texture": "#0"},
				"south": {"uv": [6.75, 8.25, 6.875, 8.625], "texture": "#0"},
				"west": {"uv": [6, 0.5, 6.375, 0.875], "texture": "#0"},
				"up": {"uv": [7.125, 8.625, 7, 8.25], "texture": "#0"},
				"down": {"uv": [8.375, 7, 8.25, 7.375], "texture": "#0"}
			}
		},
		{
			"from": [8.4, 5.9, 7.3],
			"to": [10.4, 6.1, 8.7],
			"rotation": {"angle": 0, "axis": "y", "origin": [8.9, 6.2, 7.4]},
			"faces": {
				"north": {"uv": [7.75, 0.5, 8.25, 0.625], "texture": "#0"},
				"east": {"uv": [8.25, 6.25, 8.625, 6.375], "texture": "#0"},
				"south": {"uv": [7.75, 4.5, 8.25, 4.625], "texture": "#0"},
				"west": {"uv": [7.25, 8.25, 7.625, 8.375], "texture": "#0"},
				"up": {"uv": [4.75, 4.125, 4.25, 3.75], "texture": "#0"},
				"down": {"uv": [4.75, 4.25, 4.25, 4.625], "texture": "#0"}
			}
		},
		{
			"from": [8.7, 5.8, 7.2],
			"to": [10.1, 6.2, 8.8],
			"rotation": {"angle": 0, "axis": "y", "origin": [8.9, 6.2, 7.4]},
			"faces": {
				"north": {"uv": [8.25, 7.5, 8.625, 7.625], "texture": "#0"},
				"east": {"uv": [8, 8.25, 8.375, 8.375], "texture": "#0"},
				"south": {"uv": [8.5, 0, 8.875, 0.125], "texture": "#0"},
				"west": {"uv": [8.5, 0.25, 8.875, 0.375], "texture": "#0"},
				"up": {"uv": [6.375, 1.375, 6, 1], "texture": "#0"},
				"down": {"uv": [1.875, 6, 1.5, 6.375], "texture": "#0"}
			}
		},
		{
			"from": [9, 5.6, 7.1],
			"to": [9.8, 6.4, 8.9],
			"rotation": {"angle": 0, "axis": "y", "origin": [8.9, 6.2, 7.4]},
			"faces": {
				"north": {"uv": [5, 3.25, 5.25, 3.5], "texture": "#0"},
				"east": {"uv": [6.5, 3, 7, 3.25], "texture": "#0"},
				"south": {"uv": [3.5, 5.5, 3.75, 5.75], "texture": "#0"},
				"west": {"uv": [0, 6.75, 0.5, 7], "texture": "#0"},
				"up": {"uv": [0.75, 7.25, 0.5, 6.75], "texture": "#0"},
				"down": {"uv": [1, 6.75, 0.75, 7.25], "texture": "#0"}
			}
		},
		{
			"from": [9.3, 8.2, 7.3],
			"to": [9.5, 10.2, 8.7],
			"rotation": {"angle": 0, "axis": "y", "origin": [9.6, 9.7, 7.4]},
			"faces": {
				"north": {"uv": [3.5, 8.25, 3.625, 8.75], "texture": "#0"},
				"east": {"uv": [1, 5.75, 1.375, 6.25], "texture": "#0"},
				"south": {"uv": [8.25, 3.5, 8.375, 4], "texture": "#0"},
				"west": {"uv": [5.75, 3.25, 6.125, 3.75], "texture": "#0"},
				"up": {"uv": [0.125, 9.875, 0, 9.5], "texture": "#0"},
				"down": {"uv": [9.625, 1.75, 9.5, 2.125], "texture": "#0"}
			}
		},
		{
			"from": [9.2, 8.5, 7.2],
			"to": [9.6, 9.9, 8.8],
			"rotation": {"angle": 0, "axis": "y", "origin": [9.6, 9.7, 7.4]},
			"faces": {
				"north": {"uv": [2.25, 9.5, 2.375, 9.875], "texture": "#0"},
				"east": {"uv": [6.5, 5.25, 6.875, 5.625], "texture": "#0"},
				"south": {"uv": [9.5, 2.5, 9.625, 2.875], "texture": "#0"},
				"west": {"uv": [5.5, 6.5, 5.875, 6.875], "texture": "#0"},
				"up": {"uv": [2.875, 9.875, 2.75, 9.5], "texture": "#0"},
				"down": {"uv": [3.125, 9.5, 3, 9.875], "texture": "#0"}
			}
		},
		{
			"from": [8.4, 9.1, 7.3],
			"to": [10.4, 9.3, 8.7],
			"rotation": {"angle": 0, "axis": "y", "origin": [8.9, 9.4, 7.4]},
			"faces": {
				"north": {"uv": [8.25, 4, 8.75, 4.125], "texture": "#0"},
				"east": {"uv": [3.25, 9.5, 3.625, 9.625], "texture": "#0"},
				"south": {"uv": [8.25, 4.5, 8.75, 4.625], "texture": "#0"},
				"west": {"uv": [3.75, 9.5, 4.125, 9.625], "texture": "#0"},
				"up": {"uv": [4, 6.125, 3.5, 5.75], "texture": "#0"},
				"down": {"uv": [6.25, 3.75, 5.75, 4.125], "texture": "#0"}
			}
		},
		{
			"from": [8.7, 9, 7.2],
			"to": [10.1, 9.4, 8.8],
			"rotation": {"angle": 0, "axis": "y", "origin": [8.9, 9.4, 7.4]},
			"faces": {
				"north": {"uv": [9.5, 3.75, 9.875, 3.875], "texture": "#0"},
				"east": {"uv": [9.5, 4, 9.875, 4.125], "texture": "#0"},
				"south": {"uv": [9.5, 4.25, 9.875, 4.375], "texture": "#0"},
				"west": {"uv": [9.5, 4.5, 9.875, 4.625], "texture": "#0"},
				"up": {"uv": [6.875, 6.125, 6.5, 5.75], "texture": "#0"},
				"down": {"uv": [6.875, 6.25, 6.5, 6.625], "texture": "#0"}
			}
		},
		{
			"from": [9, 8.8, 7.1],
			"to": [9.8, 9.6, 8.9],
			"rotation": {"angle": 0, "axis": "y", "origin": [8.9, 9.4, 7.4]},
			"faces": {
				"north": {"uv": [4.25, 8.25, 4.5, 8.5], "texture": "#0"},
				"east": {"uv": [0.5, 7.25, 1, 7.5], "texture": "#0"},
				"south": {"uv": [8.25, 5, 8.5, 5.25], "texture": "#0"},
				"west": {"uv": [7.25, 0.5, 7.75, 0.75], "texture": "#0"},
				"up": {"uv": [7.5, 1.25, 7.25, 0.75], "texture": "#0"},
				"down": {"uv": [1.5, 7.25, 1.25, 7.75], "texture": "#0"}
			}
		}
	],
	"gui_light": "front",
	"display": {
		"thirdperson_righthand": {
			"rotation": [-1, 107, 24],
			"translation": [-0.75, 0, 0],
			"scale": [0.25, 0.25, 0.25]
		},
		"firstperson_righthand": {
			"rotation": [0, -93, 19],
			"translation": [1, 1, 0],
			"scale": [0.25, 0.25, 0.25]
		},
		"firstperson_lefthand": {
			"rotation": [0, -93, 19],
			"translation": [1, 1, 0],
			"scale": [0.25, 0.25, 0.25]
		},
		"ground": {
			"scale": [0.25, 0.25, 0.25]
		},
		"gui": {
			"translation": [0, 0.5, 0],
			"scale": [0.9, 0.9, 0.9]
		},
		"fixed": {
			"scale": [0.6, 0.6, 0.6]
		},
		"on_shelf": {
			"translation": [0, 0, -3.5],
			"scale": [0.9, 0.9, 0.9]
		}
	},
	"groups": [
		{
			"name": "outer_rim",
			"origin": [-1.5, 9.9, 7],
			"color": 0,
			"children": [0, 1, 2, 3, 4, 5, 6, 7, 8, 9, 10, 11, 12, 13, 14, 15, 16, 17, 18, 19, 20, 21, 22, 23]
		},
		{
			"name": "coin_face",
			"origin": [7.8, 0.8, 7],
			"color": 0,
			"children": [
				{
					"name": "backing",
					"origin": [7.8, 0.8, 7],
					"color": 0,
					"children": [24, 25, 26, 27, 28, 29, 30, 31, 32, 33, 34, 35, 36, 37, 38, 39, 40, 41, 42, 43, 44]
				},
				{
					"name": "cross",
					"origin": [19.4, 7.4, 7.4],
					"color": 0,
					"children": [45, 46, 47, 48, 49]
				},
				{
					"name": "cross",
					"origin": [19.4, 7.4, 7.4],
					"color": 0,
					"children": [50, 51, 52, 53, 54]
				},
				{
					"name": "cross",
					"origin": [19.4, 7.4, 7.4],
					"color": 0,
					"children": [55, 56, 57, 58, 59]
				},
				{
					"name": "cross",
					"origin": [19.4, 7.4, 7.4],
					"color": 0,
					"children": [60, 61, 62, 63, 64]
				},
				{
					"name": "cross",
					"origin": [19.4, 7.4, 7.4],
					"color": 0,
					"children": [65, 66, 67, 68, 69]
				},
				{
					"name": "cross",
					"origin": [19.4, 7.4, 7.4],
					"color": 0,
					"children": [70, 71, 72, 73, 74]
				},
				{
					"name": "cross",
					"origin": [19.4, 7.4, 7.4],
					"color": 0,
					"children": [75, 76, 77, 78, 79]
				},
				{
					"name": "cross",
					"origin": [19.4, 7.4, 7.4],
					"color": 0,
					"children": [80, 81, 82, 83, 84]
				},
				{
					"name": "cross",
					"origin": [19.4, 7.4, 7.4],
					"color": 0,
					"children": [85, 86, 87, 88, 89]
				},
				{
					"name": "cross",
					"origin": [19.4, 7.4, 7.4],
					"color": 0,
					"children": [90, 91, 92, 93, 94]
				}
			]
		}
	]
}