{
	"format_version": "1.21.6",
	"credit": "Made with Blockbench",
	"texture_size": [32, 32],
	"textures": {
		"0": "custom:item/dadmann/taskmaster/platinum_piece",
		"particle": "custom:item/dadmann/taskmaster/platinum_piece"
	},
	"elements": [
		{
			"from": [4, 0, 7.5],
			"to": [12, 1, 8.5],
			"rotation": {"angle": 0, "axis": "y", "origin": [4, 0, 7.5]},
			"faces": {
				"north": {"uv": [4, 11, 8, 11.5], "texture": "#0"},
				"east": {"uv": [9, 11.5, 9.5, 12], "texture": "#0"},
				"south": {"uv": [8, 11, 11.98438, 11.5], "texture": "#0"},
				"west": {"uv": [9.5, 11.5, 10, 12], "texture": "#0"},
				"up": {"uv": [4.5, 12, 1, 11.5], "texture": "#0"},
				"down": {"uv": [8, 11.5, 4.5, 12], "texture": "#0"}
			}
		},
		{
			"from": [2, 1, 7.5],
			"to": [14, 2, 8.5],
			"rotation": {"angle": 0, "axis": "y", "origin": [4, 0, 7.5]},
			"faces": {
				"north": {"uv": [0, 8.5, 6, 9], "texture": "#0"},
				"east": {"uv": [10, 11.5, 10.5, 12], "texture": "#0"},
				"south": {"uv": [6, 8.5, 12, 9], "texture": "#0"},
				"west": {"uv": [10.5, 11.5, 11, 12], "texture": "#0"},
				"up": {"uv": [6, 9.5, 0, 9], "texture": "#0"},
				"down": {"uv": [12, 9, 6, 9.5], "texture": "#0"}
			}
		},
		{
			"from": [1, 2, 7.5],
			"to": [15, 3, 8.5],
			"rotation": {"angle": 0, "axis": "y", "origin": [4, 0, 7.5]},
			"faces": {
				"north": {"uv": [8, 0.5, 15, 1], "texture": "#0"},
				"east": {"uv": [11.5, 10.5, 12, 11], "texture": "#0"},
				"south": {"uv": [8, 1, 15, 1.5], "texture": "#0"},
				"west": {"uv": [11, 11.5, 11.5, 12], "texture": "#0"},
				"up": {"uv": [15, 2, 8, 1.5], "texture": "#0"},
				"down": {"uv": [15, 2, 8, 2.5], "texture": "#0"}
			}
		},
		{
			"from": [1, 3, 7.5],
			"to": [15, 4, 8.5],
			"rotation": {"angle": 0, "axis": "y", "origin": [4, 0, 7.5]},
			"faces": {
				"north": {"uv": [8, 2.5, 15, 3], "texture": "#0"},
				"east": {"uv": [11.5, 11.5, 12, 12], "texture": "#0"},
				"south": {"uv": [8, 3, 15, 3.5], "texture": "#0"},
				"west": {"uv": [11.5, 11.5, 12, 12], "texture": "#0"},
				"up": {"uv": [15, 4, 8, 3.5], "texture": "#0"},
				"down": {"uv": [15, 4, 8, 4.5], "texture": "#0"}
			}
		},
		{
			"from": [0, 4, 7.5],
			"to": [16, 12, 8.5],
			"rotation": {"angle": 0, "axis": "y", "origin": [4, 0, 7.5]},
			"faces": {
				"north": {"uv": [0, 0, 8, 4], "texture": "#0"},
				"east": {"uv": [0, 10.5, 0.5, 14.5], "texture": "#0"},
				"south": {"uv": [0, 4, 8, 8], "texture": "#0"},
				"west": {"uv": [0.5, 10.5, 1, 14.5], "texture": "#0"},
				"up": {"uv": [8, 8.5, 0, 8], "texture": "#0"},
				"down": {"uv": [16, 0, 8, 0.5], "texture": "#0"}
			}
		},
		{
			"from": [1, 13, 7.5],
			"to": [15, 14, 8.5],
			"rotation": {"angle": 0, "axis": "y", "origin": [4, 0, 7.5]},
			"faces": {
				"north": {"uv": [8, 4.5, 15, 5], "texture": "#0"},
				"east": {"uv": [1, 12, 1.5, 12.5], "texture": "#0"},
				"south": {"uv": [8, 5, 15, 5.5], "texture": "#0"},
				"west": {"uv": [1.5, 12, 2, 12.5], "texture": "#0"},
				"up": {"uv": [15, 6, 8, 5.5], "texture": "#0"},
				"down": {"uv": [15, 6, 8, 6.5], "texture": "#0"}
			}
		},
		{
			"from": [1, 12, 7.5],
			"to": [15, 13, 8.5],
			"rotation": {"angle": 0, "axis": "y", "origin": [4, 0, 7.5]},
			"faces": {
				"north": {"uv": [8, 6.5, 15, 7], "texture": "#0"},
				"east": {"uv": [2, 12, 2.5, 12.5], "texture": "#0"},
				"south": {"uv": [8, 7, 15, 7.5], "texture": "#0"},
				"west": {"uv": [2.5, 12, 3, 12.5], "texture": "#0"},
				"up": {"uv": [15, 8, 8, 7.5], "texture": "#0"},
				"down": {"uv": [15, 8, 8, 8.5], "texture": "#0"}
			}
		},
		{
			"from": [2, 14, 7.5],
			"to": [14, 15, 8.5],
			"rotation": {"angle": 0, "axis": "y", "origin": [4, 0, 7.5]},
			"faces": {
				"north": {"uv": [0, 9.5, 6, 10], "texture": "#0"},
				"east": {"uv": [3, 12, 3.5, 12.5], "texture": "#0"},
				"south": {"uv": [6, 9.5, 12, 10], "texture": "#0"},
				"west": {"uv": [3.5, 12, 4, 12.5], "texture": "#0"},
				"up": {"uv": [6, 10.5, 0, 10], "texture": "#0"},
				"down": {"uv": [12, 10, 6, 10.5], "texture": "#0"}
			}
		},
		{
			"from": [4, 15, 7.5],
			"to": [12, 16, 8.5],
			"rotation": {"angle": 0, "axis": "y", "origin": [4, 0, 7.5]},
			"faces": {
				"north": {"uv": [1, 10.5, 4.98438, 11], "texture": "#0"},
				"east": {"uv": [8, 11.5, 8.5, 12], "texture": "#0"},
				"south": {"uv": [4.5, 12.03125, 8.5, 12.53125], "texture": "#0"},
				"west": {"uv": [8.5, 11.5, 9, 12], "texture": "#0"},
				"up": {"uv": [11.5, 11, 8, 10.5], "texture": "#0"},
				"down": {"uv": [4.5, 11, 1, 11.5], "texture": "#0"}
			}
		}
	],
	"gui_light": "front",
	"display": {
		"thirdperson_righthand": {
			"rotation": [41, 105, 15],
			"translation": [-1, 1, -0.25],
			"scale": [0.2, 0.2, 0.4]
		},
		"thirdperson_lefthand": {
			"rotation": [41, 105, 15],
			"translation": [-1, 1, -0.25],
			"scale": [0.2, 0.2, 0.4]
		},
		"firstperson_righthand": {
			"rotation": [0, 77, 0],
			"translation": [1.75, 2.5, 2.25],
			"scale": [0.2, 0.2, 0.4]
		},
		"firstperson_lefthand": {
			"rotation": [0, 77, 0],
			"translation": [1.75, 2.5, 2.25],
			"scale": [0.2, 0.2, 0.4]
		},
		"ground": {
			"scale": [0.2, 0.2, 0.4]
		},
		"gui": {
			"rotation": [0, -180, 0],
			"scale": [0.8, 0.8, 1.6]
		},
		"head": {
			"scale": [0, 0, 0]
		},
		"fixed": {
			"scale": [0.5, 0.5, 1]
		},
		"on_shelf": {
			"rotation": [0, -180, 0],
			"translation": [0, 0, -3.25],
			"scale": [0.8, 0.8, 1.6]
		}
	},
	"groups": [
		{
			"name": "group",
			"origin": [4, 0, 7.5],
			"color": 0,
			"children": [0, 1, 2, 3, 4, 5, 6, 7, 8]
		}
	]
}