{
	"format_version": "1.21.6",
	"credit": "Made with Blockbench",
	"texture_size": [64, 64],
	"textures": {
		"0": "custom:item/dadmann/taskmaster/silver_piece",
		"particle": "custom:item/dadmann/taskmaster/silver_piece"
	},
	"elements": [
		{
			"from": [7.5, 4.4, 7.3],
			"to": [8.5, 4.9, 8.7],
			"rotation": {"angle": 0, "axis": "y", "origin": [7.5, 4.7, 7.4]},
			"faces": {
				"north": {"uv": [3.5, 9, 3.75, 9.125], "texture": "#0"},
				"east": {"uv": [7.25, 1.25, 7.625, 1.375], "texture": "#0"},
				"south": {"uv": [9, 5, 9.25, 5.125], "texture": "#0"},
				"west": {"uv": [7.25, 1.5, 7.625, 1.625], "texture": "#0"},
				"up": {"uv": [4, 6.875, 3.75, 6.5], "texture": "#0"},
				"down": {"uv": [4.75, 6.5, 4.5, 6.875], "texture": "#0"}
			}
		},
		{
			"from": [7.5, 5.9, 7.3],
			"to": [8.5, 6.4, 8.7],
			"rotation": {"angle": 0, "axis": "y", "origin": [7.5, 6.2, 7.4]},
			"faces": {
				"north": {"uv": [5.25, 9, 5.5, 9.125], "texture": "#0"},
				"east": {"uv": [1.75, 7.25, 2.125, 7.375], "texture": "#0"},
				"south": {"uv": [9, 5.25, 9.25, 5.375], "texture": "#0"},
				"west": {"uv": [2.25, 7.25, 2.625, 7.375], "texture": "#0"},
				"up": {"uv": [5, 6.875, 4.75, 6.5], "texture": "#0"},
				"down": {"uv": [5.75, 6.5, 5.5, 6.875], "texture": "#0"}
			}
		},
		{
			"from": [7, 4.4, 7.3],
			"to": [7.5, 6.4, 8.7],
			"rotation": {"angle": 0, "axis": "y", "origin": [1.3, -0.4, 7]},
			"faces": {
				"north": {"uv": [5.75, 6.5, 5.875, 7], "texture": "#0"},
				"east": {"uv": [1, 4.5, 1.375, 5], "texture": "#0"},
				"south": {"uv": [0, 6.75, 0.125, 7.25], "texture": "#0"},
				"west": {"uv": [1.5, 4.5, 1.875, 5], "texture": "#0"},
				"up": {"uv": [2.875, 7.625, 2.75, 7.25], "texture": "#0"},
				"down": {"uv": [3.125, 7.25, 3, 7.625], "texture": "#0"}
			}
		},
		{
			"from": [8.5, 4.4, 7.3],
			"to": [9, 6.4, 8.7],
			"rotation": {"angle": 0, "axis": "y", "origin": [2.8, -0.4, 7]},
			"faces": {
				"north": {"uv": [0.25, 6.75, 0.375, 7.25], "texture": "#0"},
				"east": {"uv": [2, 4.5, 2.375, 5], "texture": "#0"},
				"south": {"uv": [0.75, 6.75, 0.875, 7.25], "texture": "#0"},
				"west": {"uv": [2.5, 4.5, 2.875, 5], "texture": "#0"},
				"up": {"uv": [7.375, 3.875, 7.25, 3.5], "texture": "#0"},
				"down": {"uv": [3.875, 7.25, 3.75, 7.625], "texture": "#0"}
			}
		},
		{
			"from": [1.5, 1.3, 7.3],
			"to": [14.5, 1.8, 8.7],
			"rotation": {"angle": 0, "axis": "y", "origin": [8.6, 1.4, 7]},
			"faces": {
				"north": {"uv": [2.75, 1.75, 6, 1.875], "texture": "#0"},
				"east": {"uv": [4, 7.25, 4.375, 7.375], "texture": "#0"},
				"south": {"uv": [2.25, 2.75, 5.5, 2.875], "texture": "#0"},
				"west": {"uv": [4.5, 7.25, 4.875, 7.375], "texture": "#0"},
				"up": {"uv": [3.25, 0.375, 0, 0], "texture": "#0"},
				"down": {"uv": [3.25, 0.5, 0, 0.875], "texture": "#0"}
			}
		},
		{
			"from": [13.7, 1.8, 7.3],
			"to": [14.2, 2.3, 8.7],
			"rotation": {"angle": 0, "axis": "y", "origin": [8.3, 1.9, 7]},
			"faces": {
				"north": {"uv": [4.25, 9.25, 4.375, 9.375], "texture": "#0"},
				"east": {"uv": [7.25, 4.75, 7.625, 4.875], "texture": "#0"},
				"south": {"uv": [4.5, 9.25, 4.625, 9.375], "texture": "#0"},
				"west": {"uv": [7.25, 5, 7.625, 5.125], "texture": "#0"},
				"up": {"uv": [5.125, 7.625, 5, 7.25], "texture": "#0"},
				"down": {"uv": [7.375, 5.25, 7.25, 5.625], "texture": "#0"}
			}
		},
		{
			"from": [13.4, 2.3, 7.3],
			"to": [13.9, 2.8, 8.7],
			"rotation": {"angle": 0, "axis": "y", "origin": [8, 2.4, 7]},
			"faces": {
				"north": {"uv": [4.75, 9.25, 4.875, 9.375], "texture": "#0"},
				"east": {"uv": [5.5, 7.25, 5.875, 7.375], "texture": "#0"},
				"south": {"uv": [5, 9.25, 5.125, 9.375], "texture": "#0"},
				"west": {"uv": [7.25, 5.75, 7.625, 5.875], "texture": "#0"},
				"up": {"uv": [6.125, 7.625, 6, 7.25], "texture": "#0"},
				"down": {"uv": [7.375, 6, 7.25, 6.375], "texture": "#0"}
			}
		},
		{
			"from": [13.1, 2.8, 7.3],
			"to": [13.6, 3.3, 8.7],
			"rotation": {"angle": 0, "axis": "y", "origin": [7.7, 2.9, 7]},
			"faces": {
				"north": {"uv": [9.25, 5, 9.375, 5.125], "texture": "#0"},
				"east": {"uv": [6.25, 7.25, 6.625, 7.375], "texture": "#0"},
				"south": {"uv": [5.25, 9.25, 5.375, 9.375], "texture": "#0"},
				"west": {"uv": [7.25, 6.5, 7.625, 6.625], "texture": "#0"},
				"up": {"uv": [6.875, 7.625, 6.75, 7.25], "texture": "#0"},
				"down": {"uv": [7.375, 6.75, 7.25, 7.125], "texture": "#0"}
			}
		},
		{
			"from": [12.8, 3.3, 7.3],
			"to": [13.3, 3.8, 8.7],
			"rotation": {"angle": 0, "axis": "y", "origin": [7.4, 3.4, 7]},
			"faces": {
				"north": {"uv": [9.25, 5.25, 9.375, 5.375], "texture": "#0"},
				"east": {"uv": [7, 7.25, 7.375, 7.375], "texture": "#0"},
				"south": {"uv": [5.5, 9.25, 5.625, 9.375], "texture": "#0"},
				"west": {"uv": [0, 7.5, 0.375, 7.625], "texture": "#0"},
				"up": {"uv": [7.625, 0.375, 7.5, 0], "texture": "#0"},
				"down": {"uv": [0.625, 7.5, 0.5, 7.875], "texture": "#0"}
			}
		},
		{
			"from": [12.5, 3.8, 7.3],
			"to": [13, 4.3, 8.7],
			"rotation": {"angle": 0, "axis": "y", "origin": [7.1, 3.9, 7]},
			"faces": {
				"north": {"uv": [9.25, 5.5, 9.375, 5.625], "texture": "#0"},
				"east": {"uv": [7.5, 0.5, 7.875, 0.625], "texture": "#0"},
				"south": {"uv": [5.75, 9.25, 5.875, 9.375], "texture": "#0"},
				"west": {"uv": [7.5, 0.75, 7.875, 0.875], "texture": "#0"},
				"up": {"uv": [0.875, 7.875, 0.75, 7.5], "texture": "#0"},
				"down": {"uv": [1.625, 7.5, 1.5, 7.875], "texture": "#0"}
			}
		},
		{
			"from": [12.2, 4.3, 7.3],
			"to": [12.7, 4.8, 8.7],
			"rotation": {"angle": 0, "axis": "y", "origin": [6.8, 4.4, 7]},
			"faces": {
				"north": {"uv": [9.25, 3.75, 9.375, 3.875], "texture": "#0"},
				"east": {"uv": [0, 7.25, 0.375, 7.375], "texture": "#0"},
				"south": {"uv": [4, 9.25, 4.125, 9.375], "texture": "#0"},
				"west": {"uv": [0.5, 7.25, 0.875, 7.375], "texture": "#0"},
				"up": {"uv": [1.125, 7.625, 1, 7.25], "texture": "#0"},
				"down": {"uv": [1.375, 7.25, 1.25, 7.625], "texture": "#0"}
			}
		},
		{
			"from": [11.9, 4.8, 7.3],
			"to": [12.4, 5.3, 8.7],
			"rotation": {"angle": 0, "axis": "y", "origin": [6.5, 4.9, 7]},
			"faces": {
				"north": {"uv": [9.25, 5.75, 9.375, 5.875], "texture": "#0"},
				"east": {"uv": [7.5, 1, 7.875, 1.125], "texture": "#0"},
				"south": {"uv": [6, 9.25, 6.125, 9.375], "texture": "#0"},
				"west": {"uv": [1.75, 7.5, 2.125, 7.625], "texture": "#0"},
				"up": {"uv": [7.625, 2.125, 7.5, 1.75], "texture": "#0"},
				"down": {"uv": [2.375, 7.5, 2.25, 7.875], "texture": "#0"}
			}
		},
		{
			"from": [11.6, 5.3, 7.3],
			"to": [12.1, 5.8, 8.7],
			"rotation": {"angle": 0, "axis": "y", "origin": [6.2, 5.4, 7]},
			"faces": {
				"north": {"uv": [9.25, 6, 9.375, 6.125], "texture": "#0"},
				"east": {"uv": [7.5, 2.25, 7.875, 2.375], "texture": "#0"},
				"south": {"uv": [6.25, 9.25, 6.375, 9.375], "texture": "#0"},
				"west": {"uv": [7.5, 2.5, 7.875, 2.625], "texture": "#0"},
				"up": {"uv": [2.625, 7.875, 2.5, 7.5], "texture": "#0"},
				"down": {"uv": [7.625, 2.75, 7.5, 3.125], "texture": "#0"}
			}
		},
		{
			"from": [11.3, 5.8, 7.3],
			"to": [11.8, 6.3, 8.7],
			"rotation": {"angle": 0, "axis": "y", "origin": [5.9, 5.9, 7]},
			"faces": {
				"north": {"uv": [9.25, 6.25, 9.375, 6.375], "texture": "#0"},
				"east": {"uv": [3.25, 7.5, 3.625, 7.625], "texture": "#0"},
				"south": {"uv": [6.5, 9.25, 6.625, 9.375], "texture": "#0"},
				"west": {"uv": [7.5, 3.25, 7.875, 3.375], "texture": "#0"},
				"up": {"uv": [7.625, 3.875, 7.5, 3.5], "texture": "#0"},
				"down": {"uv": [4.125, 7.5, 4, 7.875], "texture": "#0"}
			}
		},
		{
			"from": [11, 6.3, 7.3],
			"to": [11.5, 6.8, 8.7],
			"rotation": {"angle": 0, "axis": "y", "origin": [5.6, 6.4, 7]},
			"faces": {
				"north": {"uv": [9.25, 6.5, 9.375, 6.625], "texture": "#0"},
				"east": {"uv": [7.5, 4, 7.875, 4.125], "texture": "#0"},
				"south": {"uv": [6.75, 9.25, 6.875, 9.375], "texture": "#0"},
				"west": {"uv": [4.25, 7.5, 4.625, 7.625], "texture": "#0"},
				"up": {"uv": [7.625, 4.625, 7.5, 4.25], "texture": "#0"},
				"down": {"uv": [4.875, 7.5, 4.75, 7.875], "texture": "#0"}
			}
		},
		{
			"from": [10.7, 6.8, 7.3],
			"to": [11.2, 7.3, 8.7],
			"rotation": {"angle": 0, "axis": "y", "origin": [5.3, 6.9, 7]},
			"faces": {
				"north": {"uv": [9.25, 6.75, 9.375, 6.875], "texture": "#0"},
				"east": {"uv": [5.25, 7.5, 5.625, 7.625], "texture": "#0"},
				"south": {"uv": [7, 9.25, 7.125, 9.375], "texture": "#0"},
				"west": {"uv": [7.5, 5.25, 7.875, 5.375], "texture": "#0"},
				"up": {"uv": [5.875, 7.875, 5.75, 7.5], "texture": "#0"},
				"down": {"uv": [7.625, 6, 7.5, 6.375], "texture": "#0"}
			}
		},
		{
			"from": [10.4, 7.3, 7.3],
			"to": [10.9, 7.8, 8.7],
			"rotation": {"angle": 0, "axis": "y", "origin": [5, 7.4, 7]},
			"faces": {
				"north": {"uv": [9.25, 7, 9.375, 7.125], "texture": "#0"},
				"east": {"uv": [7.5, 5.5, 7.875, 5.625], "texture": "#0"},
				"south": {"uv": [7.25, 9.25, 7.375, 9.375], "texture": "#0"},
				"west": {"uv": [6.25, 7.5, 6.625, 7.625], "texture": "#0"},
				"up": {"uv": [7.625, 7.125, 7.5, 6.75], "texture": "#0"},
				"down": {"uv": [7.125, 7.5, 7, 7.875], "texture": "#0"}
			}
		},
		{
			"from": [10.1, 7.8, 7.3],
			"to": [10.6, 8.3, 8.7],
			"rotation": {"angle": 0, "axis": "y", "origin": [4.7, 7.9, 7]},
			"faces": {
				"north": {"uv": [9.25, 7.25, 9.375, 7.375], "texture": "#0"},
				"east": {"uv": [7.25, 7.5, 7.625, 7.625], "texture": "#0"},
				"south": {"uv": [7.5, 9.25, 7.625, 9.375], "texture": "#0"},
				"west": {"uv": [7.5, 7.25, 7.875, 7.375], "texture": "#0"},
				"up": {"uv": [0.125, 8.125, 0, 7.75], "texture": "#0"},
				"down": {"uv": [7.875, 0, 7.75, 0.375], "texture": "#0"}
			}
		},
		{
			"from": [9.8, 8.3, 7.3],
			"to": [10.3, 8.8, 8.7],
			"rotation": {"angle": 0, "axis": "y", "origin": [4.4, 8.4, 7]},
			"faces": {
				"north": {"uv": [9.25, 7.5, 9.375, 7.625], "texture": "#0"},
				"east": {"uv": [1, 7.75, 1.375, 7.875], "texture": "#0"},
				"south": {"uv": [7.75, 9.25, 7.875, 9.375], "texture": "#0"},
				"west": {"uv": [7.75, 1.25, 8.125, 1.375], "texture": "#0"},
				"up": {"uv": [0.375, 8.125, 0.25, 7.75], "texture": "#0"},
				"down": {"uv": [7.875, 1.5, 7.75, 1.875], "texture": "#0"}
			}
		},
		{
			"from": [9.5, 8.8, 7.3],
			"to": [10, 9.3, 8.7],
			"rotation": {"angle": 0, "axis": "y", "origin": [4.1, 8.9, 7]},
			"faces": {
				"north": {"uv": [9.25, 7.75, 9.375, 7.875], "texture": "#0"},
				"east": {"uv": [1.75, 7.75, 2.125, 7.875], "texture": "#0"},
				"south": {"uv": [8, 9.25, 8.125, 9.375], "texture": "#0"},
				"west": {"uv": [7.75, 2, 8.125, 2.125], "texture": "#0"},
				"up": {"uv": [2.875, 8.125, 2.75, 7.75], "texture": "#0"},
				"down": {"uv": [7.875, 2.75, 7.75, 3.125], "texture": "#0"}
			}
		},
		{
			"from": [9.2, 9.3, 7.3],
			"to": [9.7, 9.8, 8.7],
			"rotation": {"angle": 0, "axis": "y", "origin": [3.8, 9.4, 7]},
			"faces": {
				"north": {"uv": [9.25, 8, 9.375, 8.125], "texture": "#0"},
				"east": {"uv": [3, 7.75, 3.375, 7.875], "texture": "#0"},
				"south": {"uv": [8.25, 9.25, 8.375, 9.375], "texture": "#0"},
				"west": {"uv": [3.5, 7.75, 3.875, 7.875], "texture": "#0"},
				"up": {"uv": [7.875, 3.875, 7.75, 3.5], "texture": "#0"},
				"down": {"uv": [4.375, 7.75, 4.25, 8.125], "texture": "#0"}
			}
		},
		{
			"from": [8.9, 9.8, 7.3],
			"to": [9.4, 10.3, 8.7],
			"rotation": {"angle": 0, "axis": "y", "origin": [3.5, 9.9, 7]},
			"faces": {
				"north": {"uv": [9.25, 8.25, 9.375, 8.375], "texture": "#0"},
				"east": {"uv": [7.75, 4.25, 8.125, 4.375], "texture": "#0"},
				"south": {"uv": [8.5, 9.25, 8.625, 9.375], "texture": "#0"},
				"west": {"uv": [7.75, 4.5, 8.125, 4.625], "texture": "#0"},
				"up": {"uv": [4.625, 8.125, 4.5, 7.75], "texture": "#0"},
				"down": {"uv": [7.875, 4.75, 7.75, 5.125], "texture": "#0"}
			}
		},
		{
			"from": [8.6, 10.3, 7.3],
			"to": [9.1, 10.8, 8.7],
			"rotation": {"angle": 0, "axis": "y", "origin": [3.2, 10.4, 7]},
			"faces": {
				"north": {"uv": [9.25, 8.5, 9.375, 8.625], "texture": "#0"},
				"east": {"uv": [5, 7.75, 5.375, 7.875], "texture": "#0"},
				"south": {"uv": [8.75, 9.25, 8.875, 9.375], "texture": "#0"},
				"west": {"uv": [7.75, 5.75, 8.125, 5.875], "texture": "#0"},
				"up": {"uv": [5.625, 8.125, 5.5, 7.75], "texture": "#0"},
				"down": {"uv": [6.125, 7.75, 6, 8.125], "texture": "#0"}
			}
		},
		{
			"from": [8.3, 10.8, 7.3],
			"to": [8.8, 11.3, 8.7],
			"rotation": {"angle": 0, "axis": "y", "origin": [2.9, 10.9, 7]},
			"faces": {
				"north": {"uv": [9.25, 8.75, 9.375, 8.875], "texture": "#0"},
				"east": {"uv": [7.75, 6, 8.125, 6.125], "texture": "#0"},
				"south": {"uv": [9, 9.25, 9.125, 9.375], "texture": "#0"},
				"west": {"uv": [6.25, 7.75, 6.625, 7.875], "texture": "#0"},
				"up": {"uv": [7.875, 6.625, 7.75, 6.25], "texture": "#0"},
				"down": {"uv": [6.875, 7.75, 6.75, 8.125], "texture": "#0"}
			}
		},
		{
			"from": [8, 11.3, 7.3],
			"to": [8.5, 11.8, 8.7],
			"rotation": {"angle": 0, "axis": "y", "origin": [2.6, 11.4, 7]},
			"faces": {
				"north": {"uv": [9.25, 9, 9.375, 9.125], "texture": "#0"},
				"east": {"uv": [7.75, 6.75, 8.125, 6.875], "texture": "#0"},
				"south": {"uv": [9.25, 9.25, 9.375, 9.375], "texture": "#0"},
				"west": {"uv": [7.75, 7, 8.125, 7.125], "texture": "#0"},
				"up": {"uv": [7.375, 8.125, 7.25, 7.75], "texture": "#0"},
				"down": {"uv": [7.625, 7.75, 7.5, 8.125], "texture": "#0"}
			}
		},
		{
			"from": [1.8, 1.8, 7.3],
			"to": [2.3, 2.3, 8.7],
			"rotation": {"angle": 0, "axis": "y", "origin": [7.3, 6.4, 9]},
			"faces": {
				"north": {"uv": [0, 9.5, 0.125, 9.625], "texture": "#0"},
				"east": {"uv": [7.75, 7.5, 8.125, 7.625], "texture": "#0"},
				"south": {"uv": [9.5, 0, 9.625, 0.125], "texture": "#0"},
				"west": {"uv": [7.75, 7.75, 8.125, 7.875], "texture": "#0"},
				"up": {"uv": [8.125, 0.375, 8, 0], "texture": "#0"},
				"down": {"uv": [0.625, 8, 0.5, 8.375], "texture": "#0"}
			}
		},
		{
			"from": [2.1, 2.3, 7.3],
			"to": [2.6, 2.8, 8.7],
			"rotation": {"angle": 0, "axis": "y", "origin": [7.3, 6.4, 9]},
			"faces": {
				"north": {"uv": [0.25, 9.5, 0.375, 9.625], "texture": "#0"},
				"east": {"uv": [8, 0.5, 8.375, 0.625], "texture": "#0"},
				"south": {"uv": [9.5, 0.25, 9.625, 0.375], "texture": "#0"},
				"west": {"uv": [0.75, 8, 1.125, 8.125], "texture": "#0"},
				"up": {"uv": [8.125, 1.125, 8, 0.75], "texture": "#0"},
				"down": {"uv": [1.375, 8, 1.25, 8.375], "texture": "#0"}
			}
		},
		{
			"from": [2.4, 2.8, 7.3],
			"to": [2.9, 3.3, 8.7],
			"rotation": {"angle": 0, "axis": "y", "origin": [7.3, 6.4, 9]},
			"faces": {
				"north": {"uv": [0.5, 9.5, 0.625, 9.625], "texture": "#0"},
				"east": {"uv": [1.5, 8, 1.875, 8.125], "texture": "#0"},
				"south": {"uv": [9.5, 0.5, 9.625, 0.625], "texture": "#0"},
				"west": {"uv": [8, 1.5, 8.375, 1.625], "texture": "#0"},
				"up": {"uv": [2.125, 8.375, 2, 8], "texture": "#0"},
				"down": {"uv": [2.375, 8, 2.25, 8.375], "texture": "#0"}
			}
		},
		{
			"from": [2.7, 3.3, 7.3],
			"to": [3.2, 3.8, 8.7],
			"rotation": {"angle": 0, "axis": "y", "origin": [7.3, 6.4, 9]},
			"faces": {
				"north": {"uv": [0.75, 9.5, 0.875, 9.625], "texture": "#0"},
				"east": {"uv": [8, 1.75, 8.375, 1.875], "texture": "#0"},
				"south": {"uv": [9.5, 0.75, 9.625, 0.875], "texture": "#0"},
				"west": {"uv": [8, 2.25, 8.375, 2.375], "texture": "#0"},
				"up": {"uv": [2.625, 8.375, 2.5, 8], "texture": "#0"},
				"down": {"uv": [8.125, 2.5, 8, 2.875], "texture": "#0"}
			}
		},
		{
			"from": [3, 3.8, 7.3],
			"to": [3.5, 4.3, 8.7],
			"rotation": {"angle": 0, "axis": "y", "origin": [7.3, 6.4, 9]},
			"faces": {
				"north": {"uv": [1, 9.5, 1.125, 9.625], "texture": "#0"},
				"east": {"uv": [3, 8, 3.375, 8.125], "texture": "#0"},
				"south": {"uv": [9.5, 1, 9.625, 1.125], "texture": "#0"},
				"west": {"uv": [8, 3, 8.375, 3.125], "texture": "#0"},
				"up": {"uv": [8.125, 3.625, 8, 3.25], "texture": "#0"},
				"down": {"uv": [3.625, 8, 3.5, 8.375], "texture": "#0"}
			}
		},
		{
			"from": [3.3, 4.3, 7.3],
			"to": [3.8, 4.8, 8.7],
			"rotation": {"angle": 0, "axis": "y", "origin": [7.3, 6.4, 9]},
			"faces": {
				"north": {"uv": [1.25, 9.5, 1.375, 9.625], "texture": "#0"},
				"east": {"uv": [3.75, 8, 4.125, 8.125], "texture": "#0"},
				"south": {"uv": [9.5, 1.25, 9.625, 1.375], "texture": "#0"},
				"west": {"uv": [8, 3.75, 8.375, 3.875], "texture": "#0"},
				"up": {"uv": [4.875, 8.375, 4.75, 8], "texture": "#0"},
				"down": {"uv": [8.125, 4.75, 8, 5.125], "texture": "#0"}
			}
		},
		{
			"from": [3.6, 4.8, 7.3],
			"to": [4.1, 5.3, 8.7],
			"rotation": {"angle": 0, "axis": "y", "origin": [7.3, 6.4, 9]},
			"faces": {
				"north": {"uv": [1.5, 9.5, 1.625, 9.625], "texture": "#0"},
				"east": {"uv": [8, 4, 8.375, 4.125], "texture": "#0"},
				"south": {"uv": [9.5, 1.5, 9.625, 1.625], "texture": "#0"},
				"west": {"uv": [5, 8, 5.375, 8.125], "texture": "#0"},
				"up": {"uv": [8.125, 5.625, 8, 5.25], "texture": "#0"},
				"down": {"uv": [5.875, 8, 5.75, 8.375], "texture": "#0"}
			}
		},
		{
			"from": [3.9, 5.3, 7.3],
			"to": [4.4, 5.8, 8.7],
			"rotation": {"angle": 0, "axis": "y", "origin": [7.3, 6.4, 9]},
			"faces": {
				"north": {"uv": [1.75, 9.5, 1.875, 9.625], "texture": "#0"},
				"east": {"uv": [6.25, 8, 6.625, 8.125], "texture": "#0"},
				"south": {"uv": [9.5, 1.75, 9.625, 1.875], "texture": "#0"},
				"west": {"uv": [8, 6.25, 8.375, 6.375], "texture": "#0"},
				"up": {"uv": [7.125, 8.375, 7, 8], "texture": "#0"},
				"down": {"uv": [7.875, 8, 7.75, 8.375], "texture": "#0"}
			}
		},
		{
			"from": [4.2, 5.8, 7.3],
			"to": [4.7, 6.3, 8.7],
			"rotation": {"angle": 0, "axis": "y", "origin": [7.3, 6.4, 9]},
			"faces": {
				"north": {"uv": [2, 9.5, 2.125, 9.625], "texture": "#0"},
				"east": {"uv": [8, 6.5, 8.375, 6.625], "texture": "#0"},
				"south": {"uv": [9.5, 2, 9.625, 2.125], "texture": "#0"},
				"west": {"uv": [8, 7.25, 8.375, 7.375], "texture": "#0"},
				"up": {"uv": [8.125, 8.375, 8, 8], "texture": "#0"},
				"down": {"uv": [0.125, 8.25, 0, 8.625], "texture": "#0"}
			}
		},
		{
			"from": [4.5, 6.3, 7.3],
			"to": [5, 6.8, 8.7],
			"rotation": {"angle": 0, "axis": "y", "origin": [7.3, 6.4, 9]},
			"faces": {
				"north": {"uv": [2.25, 9.5, 2.375, 9.625], "texture": "#0"},
				"east": {"uv": [8.25, 0, 8.625, 0.125], "texture": "#0"},
				"south": {"uv": [9.5, 2.25, 9.625, 2.375], "texture": "#0"},
				"west": {"uv": [8.25, 0.25, 8.625, 0.375], "texture": "#0"},
				"up": {"uv": [0.375, 8.625, 0.25, 8.25], "texture": "#0"},
				"down": {"uv": [0.875, 8.25, 0.75, 8.625], "texture": "#0"}
			}
		},
		{
			"from": [4.8, 6.8, 7.3],
			"to": [5.3, 7.3, 8.7],
			"rotation": {"angle": 0, "axis": "y", "origin": [7.3, 6.4, 9]},
			"faces": {
				"north": {"uv": [2.5, 9.5, 2.625, 9.625], "texture": "#0"},
				"east": {"uv": [8.25, 0.75, 8.625, 0.875], "texture": "#0"},
				"south": {"uv": [9.5, 2.5, 9.625, 2.625], "texture": "#0"},
				"west": {"uv": [8.25, 1, 8.625, 1.125], "texture": "#0"},
				"up": {"uv": [1.125, 8.625, 1, 8.25], "texture": "#0"},
				"down": {"uv": [1.625, 8.25, 1.5, 8.625], "texture": "#0"}
			}
		},
		{
			"from": [5.1, 7.3, 7.3],
			"to": [5.6, 7.8, 8.7],
			"rotation": {"angle": 0, "axis": "y", "origin": [7.3, 6.4, 9]},
			"faces": {
				"north": {"uv": [2.75, 9.5, 2.875, 9.625], "texture": "#0"},
				"east": {"uv": [8.25, 1.25, 8.625, 1.375], "texture": "#0"},
				"south": {"uv": [9.5, 2.75, 9.625, 2.875], "texture": "#0"},
				"west": {"uv": [8.25, 2, 8.625, 2.125], "texture": "#0"},
				"up": {"uv": [1.875, 8.625, 1.75, 8.25], "texture": "#0"},
				"down": {"uv": [8.375, 2.5, 8.25, 2.875], "texture": "#0"}
			}
		},
		{
			"from": [5.4, 7.8, 7.3],
			"to": [5.9, 8.3, 8.7],
			"rotation": {"angle": 0, "axis": "y", "origin": [7.3, 6.4, 9]},
			"faces": {
				"north": {"uv": [3, 9.5, 3.125, 9.625], "texture": "#0"},
				"east": {"uv": [2.75, 8.25, 3.125, 8.375], "texture": "#0"},
				"south": {"uv": [9.5, 3, 9.625, 3.125], "texture": "#0"},
				"west": {"uv": [8.25, 3.25, 8.625, 3.375], "texture": "#0"},
				"up": {"uv": [3.375, 8.625, 3.25, 8.25], "texture": "#0"},
				"down": {"uv": [3.875, 8.25, 3.75, 8.625], "texture": "#0"}
			}
		},
		{
			"from": [5.7, 8.3, 7.3],
			"to": [6.2, 8.8, 8.7],
			"rotation": {"angle": 0, "axis": "y", "origin": [7.3, 6.4, 9]},
			"faces": {
				"north": {"uv": [3.25, 9.5, 3.375, 9.625], "texture": "#0"},
				"east": {"uv": [8.25, 3.5, 8.625, 3.625], "texture": "#0"},
				"south": {"uv": [9.5, 3.25, 9.625, 3.375], "texture": "#0"},
				"west": {"uv": [4, 8.25, 4.375, 8.375], "texture": "#0"},
				"up": {"uv": [8.375, 4.625, 8.25, 4.25], "texture": "#0"},
				"down": {"uv": [4.625, 8.25, 4.5, 8.625], "texture": "#0"}
			}
		},
		{
			"from": [6, 8.8, 7.3],
			"to": [6.5, 9.3, 8.7],
			"rotation": {"angle": 0, "axis": "y", "origin": [7.3, 6.4, 9]},
			"faces": {
				"north": {"uv": [3.5, 9.5, 3.625, 9.625], "texture": "#0"},
				"east": {"uv": [8.25, 4.75, 8.625, 4.875], "texture": "#0"},
				"south": {"uv": [9.5, 3.5, 9.625, 3.625], "texture": "#0"},
				"west": {"uv": [5, 8.25, 5.375, 8.375], "texture": "#0"},
				"up": {"uv": [8.375, 5.375, 8.25, 5], "texture": "#0"},
				"down": {"uv": [5.625, 8.25, 5.5, 8.625], "texture": "#0"}
			}
		},
		{
			"from": [6.3, 9.3, 7.3],
			"to": [6.8, 9.8, 8.7],
			"rotation": {"angle": 0, "axis": "y", "origin": [7.3, 6.4, 9]},
			"faces": {
				"north": {"uv": [3.75, 9.5, 3.875, 9.625], "texture": "#0"},
				"east": {"uv": [8.25, 5.5, 8.625, 5.625], "texture": "#0"},
				"south": {"uv": [9.5, 3.75, 9.625, 3.875], "texture": "#0"},
				"west": {"uv": [8.25, 5.75, 8.625, 5.875], "texture": "#0"},
				"up": {"uv": [6.125, 8.625, 6, 8.25], "texture": "#0"},
				"down": {"uv": [6.375, 8.25, 6.25, 8.625], "texture": "#0"}
			}
		},
		{
			"from": [6.6, 9.8, 7.3],
			"to": [7.1, 10.3, 8.7],
			"rotation": {"angle": 0, "axis": "y", "origin": [7.6, 6.9, 9]},
			"faces": {
				"north": {"uv": [4, 9.5, 4.125, 9.625], "texture": "#0"},
				"east": {"uv": [8.25, 6, 8.625, 6.125], "texture": "#0"},
				"south": {"uv": [9.5, 4, 9.625, 4.125], "texture": "#0"},
				"west": {"uv": [6.5, 8.25, 6.875, 8.375], "texture": "#0"},
				"up": {"uv": [8.375, 7.125, 8.25, 6.75], "texture": "#0"},
				"down": {"uv": [7.375, 8.25, 7.25, 8.625], "texture": "#0"}
			}
		},
		{
			"from": [6.9, 10.3, 7.3],
			"to": [7.4, 10.8, 8.7],
			"rotation": {"angle": 0, "axis": "y", "origin": [7.9, 7.4, 9]},
			"faces": {
				"north": {"uv": [4.25, 9.5, 4.375, 9.625], "texture": "#0"},
				"east": {"uv": [8.25, 7.5, 8.625, 7.625], "texture": "#0"},
				"south": {"uv": [9.5, 4.25, 9.625, 4.375], "texture": "#0"},
				"west": {"uv": [8.25, 7.75, 8.625, 7.875], "texture": "#0"},
				"up": {"uv": [7.625, 8.625, 7.5, 8.25], "texture": "#0"},
				"down": {"uv": [8.375, 8, 8.25, 8.375], "texture": "#0"}
			}
		},
		{
			"from": [7.2, 10.8, 7.3],
			"to": [7.7, 11.3, 8.7],
			"rotation": {"angle": 0, "axis": "y", "origin": [8.2, 7.9, 9]},
			"faces": {
				"north": {"uv": [4.5, 9.5, 4.625, 9.625], "texture": "#0"},
				"east": {"uv": [8.5, 0.5, 8.875, 0.625], "texture": "#0"},
				"south": {"uv": [9.5, 4.5, 9.625, 4.625], "texture": "#0"},
				"west": {"uv": [8.5, 1.5, 8.875, 1.625], "texture": "#0"},
				"up": {"uv": [0.625, 8.875, 0.5, 8.5], "texture": "#0"},
				"down": {"uv": [1.375, 8.5, 1.25, 8.875], "texture": "#0"}
			}
		},
		{
			"from": [7.5, 11.3, 7.3],
			"to": [8, 11.8, 8.7],
			"rotation": {"angle": 0, "axis": "y", "origin": [8.5, 8.4, 9]},
			"faces": {
				"north": {"uv": [4.75, 9.5, 4.875, 9.625], "texture": "#0"},
				"east": {"uv": [8.5, 1.75, 8.875, 1.875], "texture": "#0"},
				"south": {"uv": [9.5, 4.75, 9.625, 4.875], "texture": "#0"},
				"west": {"uv": [2, 8.5, 2.375, 8.625], "texture": "#0"},
				"up": {"uv": [8.625, 2.625, 8.5, 2.25], "texture": "#0"},
				"down": {"uv": [2.625, 8.5, 2.5, 8.875], "texture": "#0"}
			}
		},
		{
			"from": [7.75, 11.8, 7.3],
			"to": [8.25, 12.3, 8.7],
			"rotation": {"angle": 0, "axis": "y", "origin": [8.8, 8.9, 9]},
			"faces": {
				"north": {"uv": [5, 9.5, 5.125, 9.625], "texture": "#0"},
				"east": {"uv": [2.75, 8.5, 3.125, 8.625], "texture": "#0"},
				"south": {"uv": [9.5, 5, 9.625, 5.125], "texture": "#0"},
				"west": {"uv": [8.5, 2.75, 8.875, 2.875], "texture": "#0"},
				"up": {"uv": [3.625, 8.875, 3.5, 8.5], "texture": "#0"},
				"down": {"uv": [8.625, 3.75, 8.5, 4.125], "texture": "#0"}
			}
		},
		{
			"from": [2.3, 1.8, 7.5],
			"to": [13.7, 2.3, 8.5],
			"rotation": {"angle": 0, "axis": "y", "origin": [5.8, 0.8, 7]},
			"faces": {
				"north": {"uv": [3, 1.25, 5.875, 1.375], "texture": "#0"},
				"east": {"uv": [5.75, 9, 6, 9.125], "texture": "#0"},
				"south": {"uv": [1.5, 3, 4.375, 3.125], "texture": "#0"},
				"west": {"uv": [6, 9, 6.25, 9.125], "texture": "#0"},
				"up": {"uv": [2.875, 1.25, 0, 1], "texture": "#0"},
				"down": {"uv": [2.875, 1.25, 0, 1.5], "texture": "#0"}
			}
		},
		{
			"from": [2.6, 2.3, 7.5],
			"to": [13.4, 2.8, 8.5],
			"rotation": {"angle": 0, "axis": "y", "origin": [5.8, 1.3, 7]},
			"faces": {
				"north": {"uv": [0, 3.25, 2.75, 3.375], "texture": "#0"},
				"east": {"uv": [6.25, 9, 6.5, 9.125], "texture": "#0"},
				"south": {"uv": [3.25, 0, 6, 0.125], "texture": "#0"},
				"west": {"uv": [9, 6.25, 9.25, 6.375], "texture": "#0"},
				"up": {"uv": [2.75, 1.75, 0, 1.5], "texture": "#0"},
				"down": {"uv": [2.75, 1.75, 0, 2], "texture": "#0"}
			}
		},
		{
			"from": [2.9, 2.8, 7.5],
			"to": [13.1, 3.3, 8.5],
			"rotation": {"angle": 0, "axis": "y", "origin": [5.8, 1.8, 7]},
			"faces": {
				"north": {"uv": [3.25, 0.75, 5.75, 0.875], "texture": "#0"},
				"east": {"uv": [6.5, 9, 6.75, 9.125], "texture": "#0"},
				"south": {"uv": [2.75, 3.25, 5.25, 3.375], "texture": "#0"},
				"west": {"uv": [9, 6.5, 9.25, 6.625], "texture": "#0"},
				"up": {"uv": [2.5, 2.25, 0, 2], "texture": "#0"},
				"down": {"uv": [2.5, 2.25, 0, 2.5], "texture": "#0"}
			}
		},
		{
			"from": [3.2, 3.3, 7.5],
			"to": [12.8, 3.8, 8.5],
			"rotation": {"angle": 0, "axis": "y", "origin": [5.8, 2.3, 7]},
			"faces": {
				"north": {"uv": [2.5, 3.5, 4.875, 3.625], "texture": "#0"},
				"east": {"uv": [6.75, 9, 7, 9.125], "texture": "#0"},
				"south": {"uv": [0, 3.75, 2.375, 3.875], "texture": "#0"},
				"west": {"uv": [9, 6.75, 9.25, 6.875], "texture": "#0"},
				"up": {"uv": [2.375, 2.75, 0, 2.5], "texture": "#0"},
				"down": {"uv": [4.875, 2, 2.5, 2.25], "texture": "#0"}
			}
		},
		{
			"from": [3.5, 3.8, 7.5],
			"to": [12.5, 4.3, 8.5],
			"rotation": {"angle": 0, "axis": "y", "origin": [5.8, 2.8, 7]},
			"faces": {
				"north": {"uv": [2.5, 3.75, 4.75, 3.875], "texture": "#0"},
				"east": {"uv": [7, 9, 7.25, 9.125], "texture": "#0"},
				"south": {"uv": [0, 4, 2.25, 4.125], "texture": "#0"},
				"west": {"uv": [9, 7, 9.25, 7.125], "texture": "#0"},
				"up": {"uv": [4.75, 2.5, 2.5, 2.25], "texture": "#0"},
				"down": {"uv": [4.75, 2.5, 2.5, 2.75], "texture": "#0"}
			}
		},
		{
			"from": [3.8, 4.3, 7.5],
			"to": [12.2, 4.8, 8.5],
			"rotation": {"angle": 0, "axis": "y", "origin": [5.8, 3.3, 7]},
			"faces": {
				"north": {"uv": [2.25, 4, 4.375, 4.125], "texture": "#0"},
				"east": {"uv": [7.25, 9, 7.5, 9.125], "texture": "#0"},
				"south": {"uv": [0, 4.25, 2.125, 4.375], "texture": "#0"},
				"west": {"uv": [9, 7.25, 9.25, 7.375], "texture": "#0"},
				"up": {"uv": [2.125, 3, 0, 2.75], "texture": "#0"},
				"down": {"uv": [4.875, 1.5, 2.75, 1.75], "texture": "#0"}
			}
		},
		{
			"from": [9, 4.8, 7.5],
			"to": [11.9, 5.3, 8.5],
			"rotation": {"angle": 0, "axis": "y", "origin": [5.8, 3.8, 7]},
			"faces": {
				"north": {"uv": [6.5, 5.75, 7.25, 5.875], "texture": "#0"},
				"east": {"uv": [7.5, 9, 7.75, 9.125], "texture": "#0"},
				"south": {"uv": [6.5, 6, 7.25, 6.125], "texture": "#0"},
				"west": {"uv": [9, 7.5, 9.25, 7.625], "texture": "#0"},
				"up": {"uv": [5.25, 1.25, 4.5, 1], "texture": "#0"},
				"down": {"uv": [3.75, 4.5, 3, 4.75], "texture": "#0"}
			}
		},
		{
			"from": [9, 5.3, 7.5],
			"to": [11.6, 5.8, 8.5],
			"rotation": {"angle": 0, "axis": "y", "origin": [5.8, 4.3, 7]},
			"faces": {
				"north": {"uv": [6.75, 1, 7.375, 1.125], "texture": "#0"},
				"east": {"uv": [7.75, 9, 8, 9.125], "texture": "#0"},
				"south": {"uv": [1.5, 6.75, 2.125, 6.875], "texture": "#0"},
				"west": {"uv": [9, 7.75, 9.25, 7.875], "texture": "#0"},
				"up": {"uv": [5.375, 0.75, 4.75, 0.5], "texture": "#0"},
				"down": {"uv": [5.875, 2.5, 5.25, 2.75], "texture": "#0"}
			}
		},
		{
			"from": [9, 5.8, 7.5],
			"to": [11.3, 6.3, 8.5],
			"rotation": {"angle": 0, "axis": "y", "origin": [5.8, 4.8, 7]},
			"faces": {
				"north": {"uv": [6.75, 1.75, 7.375, 1.875], "texture": "#0"},
				"east": {"uv": [8, 9, 8.25, 9.125], "texture": "#0"},
				"south": {"uv": [6.75, 2, 7.375, 2.125], "texture": "#0"},
				"west": {"uv": [9, 8, 9.25, 8.125], "texture": "#0"},
				"up": {"uv": [5.875, 4.5, 5.25, 4.25], "texture": "#0"},
				"down": {"uv": [2.125, 5.5, 1.5, 5.75], "texture": "#0"}
			}
		},
		{
			"from": [4.1, 4.8, 7.5],
			"to": [7, 5.3, 8.5],
			"rotation": {"angle": 0, "axis": "y", "origin": [-0.9, 3.8, 7]},
			"faces": {
				"north": {"uv": [6.5, 6.25, 7.25, 6.375], "texture": "#0"},
				"east": {"uv": [9, 8.25, 9.25, 8.375], "texture": "#0"},
				"south": {"uv": [6.5, 6.5, 7.25, 6.625], "texture": "#0"},
				"west": {"uv": [9, 8.5, 9.25, 8.625], "texture": "#0"},
				"up": {"uv": [5.25, 3.25, 4.5, 3], "texture": "#0"},
				"down": {"uv": [4.5, 4.5, 3.75, 4.75], "texture": "#0"}
			}
		},
		{
			"from": [4.4, 5.3, 7.5],
			"to": [7, 5.8, 8.5],
			"rotation": {"angle": 0, "axis": "y", "origin": [-0.9, 4.3, 7]},
			"faces": {
				"north": {"uv": [2.25, 6.75, 2.875, 6.875], "texture": "#0"},
				"east": {"uv": [8.75, 9, 9, 9.125], "texture": "#0"},
				"south": {"uv": [6.75, 2.25, 7.375, 2.375], "texture": "#0"},
				"west": {"uv": [9, 8.75, 9.25, 8.875], "texture": "#0"},
				"up": {"uv": [2.875, 5.75, 2.25, 5.5], "texture": "#0"},
				"down": {"uv": [6.125, 2.75, 5.5, 3], "texture": "#0"}
			}
		},
		{
			"from": [4.7, 5.8, 7.5],
			"to": [7, 6.3, 8.5],
			"rotation": {"angle": 0, "axis": "y", "origin": [-0.9, 4.8, 7]},
			"faces": {
				"north": {"uv": [6.75, 2.5, 7.375, 2.625], "texture": "#0"},
				"east": {"uv": [9, 9, 9.25, 9.125], "texture": "#0"},
				"south": {"uv": [6.75, 2.75, 7.375, 2.875], "texture": "#0"},
				"west": {"uv": [0, 9.25, 0.25, 9.375], "texture": "#0"},
				"up": {"uv": [6.125, 3.75, 5.5, 3.5], "texture": "#0"},
				"down": {"uv": [6.125, 3.75, 5.5, 4], "texture": "#0"}
			}
		},
		{
			"from": [5, 6.3, 7.5],
			"to": [11, 6.8, 8.5],
			"rotation": {"angle": 0, "axis": "y", "origin": [-0.9, 5.3, 7]},
			"faces": {
				"north": {"uv": [4.5, 4, 6, 4.125], "texture": "#0"},
				"east": {"uv": [9.25, 0, 9.5, 0.125], "texture": "#0"},
				"south": {"uv": [4.5, 4.5, 6, 4.625], "texture": "#0"},
				"west": {"uv": [0.25, 9.25, 0.5, 9.375], "texture": "#0"},
				"up": {"uv": [1.5, 3.25, 0, 3], "texture": "#0"},
				"down": {"uv": [4.5, 1, 3, 1.25], "texture": "#0"}
			}
		},
		{
			"from": [5.3, 6.8, 7.5],
			"to": [10.7, 7.3, 8.5],
			"rotation": {"angle": 0, "axis": "y", "origin": [-0.9, 5.8, 7]},
			"faces": {
				"north": {"uv": [5, 1.5, 6.375, 1.625], "texture": "#0"},
				"east": {"uv": [9.25, 0.25, 9.5, 0.375], "texture": "#0"},
				"south": {"uv": [5.25, 1, 6.625, 1.125], "texture": "#0"},
				"west": {"uv": [0.5, 9.25, 0.75, 9.375], "texture": "#0"},
				"up": {"uv": [4.625, 0.5, 3.25, 0.25], "texture": "#0"},
				"down": {"uv": [4.625, 0.5, 3.25, 0.75], "texture": "#0"}
			}
		},
		{
			"from": [5.6, 7.3, 7.5],
			"to": [10.4, 7.8, 8.5],
			"rotation": {"angle": 0, "axis": "y", "origin": [-0.9, 6.3, 7]},
			"faces": {
				"north": {"uv": [5.5, 4.75, 6.75, 4.875], "texture": "#0"},
				"east": {"uv": [0.75, 9.25, 1, 9.375], "texture": "#0"},
				"south": {"uv": [5.5, 5, 6.75, 5.125], "texture": "#0"},
				"west": {"uv": [1, 9.25, 1.25, 9.375], "texture": "#0"},
				"up": {"uv": [1.25, 3.75, 0, 3.5], "texture": "#0"},
				"down": {"uv": [2.5, 3.5, 1.25, 3.75], "texture": "#0"}
			}
		},
		{
			"from": [5.9, 7.8, 7.5],
			"to": [10.1, 8.3, 8.5],
			"rotation": {"angle": 0, "axis": "y", "origin": [-0.9, 6.8, 7]},
			"faces": {
				"north": {"uv": [6, 1.25, 7, 1.375], "texture": "#0"},
				"east": {"uv": [1.25, 9.25, 1.5, 9.375], "texture": "#0"},
				"south": {"uv": [6, 4.5, 7, 4.625], "texture": "#0"},
				"west": {"uv": [9.25, 1.25, 9.5, 1.375], "texture": "#0"},
				"up": {"uv": [3.25, 4.5, 2.25, 4.25], "texture": "#0"},
				"down": {"uv": [4.25, 4.25, 3.25, 4.5], "texture": "#0"}
			}
		},
		{
			"from": [6.2, 8.3, 7.5],
			"to": [9.8, 8.8, 8.5],
			"rotation": {"angle": 0, "axis": "y", "origin": [-0.9, 7.3, 7]},
			"faces": {
				"north": {"uv": [6.5, 4, 7.375, 4.125], "texture": "#0"},
				"east": {"uv": [1.5, 9.25, 1.75, 9.375], "texture": "#0"},
				"south": {"uv": [6.5, 4.25, 7.375, 4.375], "texture": "#0"},
				"west": {"uv": [9.25, 1.5, 9.5, 1.625], "texture": "#0"},
				"up": {"uv": [5.125, 4.5, 4.25, 4.25], "texture": "#0"},
				"down": {"uv": [0.875, 4.5, 0, 4.75], "texture": "#0"}
			}
		},
		{
			"from": [6.5, 8.8, 7.5],
			"to": [9.5, 9.3, 8.5],
			"rotation": {"angle": 0, "axis": "y", "origin": [-0.9, 7.8, 7]},
			"faces": {
				"north": {"uv": [6.75, 0, 7.5, 0.125], "texture": "#0"},
				"east": {"uv": [1.75, 9.25, 2, 9.375], "texture": "#0"},
				"south": {"uv": [6.75, 0.25, 7.5, 0.375], "texture": "#0"},
				"west": {"uv": [9.25, 1.75, 9.5, 1.875], "texture": "#0"},
				"up": {"uv": [0.75, 5, 0, 4.75], "texture": "#0"},
				"down": {"uv": [5.5, 0.25, 4.75, 0.5], "texture": "#0"}
			}
		},
		{
			"from": [6.8, 9.3, 7.5],
			"to": [9.2, 9.8, 8.5],
			"rotation": {"angle": 0, "axis": "y", "origin": [-0.9, 8.3, 7]},
			"faces": {
				"north": {"uv": [6.75, 3, 7.375, 3.125], "texture": "#0"},
				"east": {"uv": [2, 9.25, 2.25, 9.375], "texture": "#0"},
				"south": {"uv": [6.75, 3.25, 7.375, 3.375], "texture": "#0"},
				"west": {"uv": [9.25, 2, 9.5, 2.125], "texture": "#0"},
				"up": {"uv": [6.125, 5.5, 5.5, 5.25], "texture": "#0"},
				"down": {"uv": [6.125, 5.5, 5.5, 5.75], "texture": "#0"}
			}
		},
		{
			"from": [7.1, 9.8, 7.5],
			"to": [8.9, 10.3, 8.5],
			"rotation": {"angle": 0, "axis": "y", "origin": [-0.9, 8.8, 7]},
			"faces": {
				"north": {"uv": [6.75, 3.5, 7.25, 3.625], "texture": "#0"},
				"east": {"uv": [2.25, 9.25, 2.5, 9.375], "texture": "#0"},
				"south": {"uv": [6.75, 3.75, 7.25, 3.875], "texture": "#0"},
				"west": {"uv": [9.25, 2.25, 9.5, 2.375], "texture": "#0"},
				"up": {"uv": [3.5, 6.5, 3, 6.25], "texture": "#0"},
				"down": {"uv": [6.75, 3.25, 6.25, 3.5], "texture": "#0"}
			}
		},
		{
			"from": [7.4, 10.3, 7.5],
			"to": [8.6, 10.8, 8.5],
			"rotation": {"angle": 0, "axis": "y", "origin": [-0.9, 9.3, 7]},
			"faces": {
				"north": {"uv": [9.25, 2.5, 9.5, 2.625], "texture": "#0"},
				"east": {"uv": [9.25, 2.75, 9.5, 2.875], "texture": "#0"},
				"south": {"uv": [9.25, 3, 9.5, 3.125], "texture": "#0"},
				"west": {"uv": [3.25, 9.25, 3.5, 9.375], "texture": "#0"},
				"up": {"uv": [1, 5, 0.75, 4.75], "texture": "#0"},
				"down": {"uv": [5, 3.75, 4.75, 4], "texture": "#0"}
			}
		},
		{
			"from": [7.7, 10.8, 7.5],
			"to": [8.3, 11.3, 8.5],
			"rotation": {"angle": 0, "axis": "y", "origin": [-0.9, 9.8, 7]},
			"faces": {
				"north": {"uv": [5.25, 9.5, 5.375, 9.625], "texture": "#0"},
				"east": {"uv": [9.25, 3.25, 9.5, 3.375], "texture": "#0"},
				"south": {"uv": [9.5, 5.25, 9.625, 5.375], "texture": "#0"},
				"west": {"uv": [3.5, 9.25, 3.75, 9.375], "texture": "#0"},
				"up": {"uv": [9.375, 3.75, 9.25, 3.5], "texture": "#0"},
				"down": {"uv": [3.875, 9.25, 3.75, 9.5], "texture": "#0"}
			}
		},
		{
			"from": [11, 2.6, 7.3],
			"to": [11.2, 4.6, 8.7],
			"rotation": {"angle": 0, "axis": "y", "origin": [11.3, 4.1, 7.4]},
			"faces": {
				"north": {"uv": [1, 6.75, 1.125, 7.25], "texture": "#0"},
				"east": {"uv": [4.75, 2.25, 5.125, 2.75], "texture": "#0"},
				"south": {"uv": [4, 6.75, 4.125, 7.25], "texture": "#0"},
				"west": {"uv": [3, 4.75, 3.375, 5.25], "texture": "#0"},
				"up": {"uv": [4.125, 8.875, 4, 8.5], "texture": "#0"},
				"down": {"uv": [4.375, 8.5, 4.25, 8.875], "texture": "#0"}
			}
		},
		{
			"from": [10.9, 2.9, 7.2],
			"to": [11.3, 4.3, 8.8],
			"rotation": {"angle": 0, "axis": "y", "origin": [11.3, 4.1, 7.4]},
			"faces": {
				"north": {"uv": [8.5, 4.25, 8.625, 4.625], "texture": "#0"},
				"east": {"uv": [1.5, 5.75, 1.875, 6.125], "texture": "#0"},
				"south": {"uv": [4.75, 8.5, 4.875, 8.875], "texture": "#0"},
				"west": {"uv": [2, 5.75, 2.375, 6.125], "texture": "#0"},
				"up": {"uv": [5.125, 8.875, 5, 8.5], "texture": "#0"},
				"down": {"uv": [8.625, 5, 8.5, 5.375], "texture": "#0"}
			}
		},
		{
			"from": [10.1, 3.5, 7.3],
			"to": [12.1, 3.7, 8.7],
			"rotation": {"angle": 0, "axis": "y", "origin": [10.6, 3.8, 7.4]},
			"faces": {
				"north": {"uv": [6.75, 4.75, 7.25, 4.875], "texture": "#0"},
				"east": {"uv": [8.5, 3, 8.875, 3.125], "texture": "#0"},
				"south": {"uv": [5, 6.75, 5.5, 6.875], "texture": "#0"},
				"west": {"uv": [8.5, 6.25, 8.875, 6.375], "texture": "#0"},
				"up": {"uv": [4, 5.125, 3.5, 4.75], "texture": "#0"},
				"down": {"uv": [4.5, 4.75, 4, 5.125], "texture": "#0"}
			}
		},
		{
			"from": [10.4, 3.4, 7.2],
			"to": [11.8, 3.8, 8.8],
			"rotation": {"angle": 0, "axis": "y", "origin": [10.6, 3.8, 7.4]},
			"faces": {
				"north": {"uv": [6.5, 8.5, 6.875, 8.625], "texture": "#0"},
				"east": {"uv": [8.5, 6.5, 8.875, 6.625], "texture": "#0"},
				"south": {"uv": [8.5, 6.75, 8.875, 6.875], "texture": "#0"},
				"west": {"uv": [8.5, 7, 8.875, 7.125], "texture": "#0"},
				"up": {"uv": [6.125, 2.375, 5.75, 2], "texture": "#0"},
				"down": {"uv": [2.875, 5.75, 2.5, 6.125], "texture": "#0"}
			}
		},
		{
			"from": [10.7, 3.2, 7.1],
			"to": [11.5, 4, 8.9],
			"rotation": {"angle": 0, "axis": "y", "origin": [10.6, 3.8, 7.4]},
			"faces": {
				"north": {"uv": [5, 2, 5.25, 2.25], "texture": "#0"},
				"east": {"uv": [3.5, 6.25, 4, 6.5], "texture": "#0"},
				"south": {"uv": [5.75, 0.75, 6, 1], "texture": "#0"},
				"west": {"uv": [6.25, 3.5, 6.75, 3.75], "texture": "#0"},
				"up": {"uv": [4.25, 6.75, 4, 6.25], "texture": "#0"},
				"down": {"uv": [4.5, 6.25, 4.25, 6.75], "texture": "#0"}
			}
		},
		{
			"from": [10, 5, 7.3],
			"to": [10.2, 7, 8.7],
			"rotation": {"angle": 0, "axis": "y", "origin": [10.3, 6.5, 7.4]},
			"faces": {
				"north": {"uv": [4.25, 6.75, 4.375, 7.25], "texture": "#0"},
				"east": {"uv": [4.5, 4.75, 4.875, 5.25], "texture": "#0"},
				"south": {"uv": [6.75, 5, 6.875, 5.5], "texture": "#0"},
				"west": {"uv": [0, 5, 0.375, 5.5], "texture": "#0"},
				"up": {"uv": [5.375, 8.875, 5.25, 8.5], "texture": "#0"},
				"down": {"uv": [5.875, 8.5, 5.75, 8.875], "texture": "#0"}
			}
		},
		{
			"from": [9.9, 5.3, 7.2],
			"to": [10.3, 6.7, 8.8],
			"rotation": {"angle": 0, "axis": "y", "origin": [10.3, 6.5, 7.4]},
			"faces": {
				"north": {"uv": [7, 8.5, 7.125, 8.875], "texture": "#0"},
				"east": {"uv": [3, 5.75, 3.375, 6.125], "texture": "#0"},
				"south": {"uv": [7.75, 8.5, 7.875, 8.875], "texture": "#0"},
				"west": {"uv": [5.75, 3, 6.125, 3.375], "texture": "#0"},
				"up": {"uv": [8.125, 8.875, 8, 8.5], "texture": "#0"},
				"down": {"uv": [8.625, 8, 8.5, 8.375], "texture": "#0"}
			}
		},
		{
			"from": [9.1, 5.9, 7.3],
			"to": [11.1, 6.1, 8.7],
			"rotation": {"angle": 0, "axis": "y", "origin": [9.6, 6.2, 7.4]},
			"faces": {
				"north": {"uv": [6.75, 5.5, 7.25, 5.625], "texture": "#0"},
				"east": {"uv": [8.5, 7.25, 8.875, 7.375], "texture": "#0"},
				"south": {"uv": [6, 6.75, 6.5, 6.875], "texture": "#0"},
				"west": {"uv": [8.25, 8.5, 8.625, 8.625], "texture": "#0"},
				"up": {"uv": [1, 5.375, 0.5, 5], "texture": "#0"},
				"down": {"uv": [1.5, 5, 1, 5.375], "texture": "#0"}
			}
		},
		{
			"from": [9.4, 5.8, 7.2],
			"to": [10.8, 6.2, 8.8],
			"rotation": {"angle": 0, "axis": "y", "origin": [9.6, 6.2, 7.4]},
			"faces": {
				"north": {"uv": [0, 8.75, 0.375, 8.875], "texture": "#0"},
				"east": {"uv": [8.75, 0, 9.125, 0.125], "texture": "#0"},
				"south": {"uv": [8.75, 0.25, 9.125, 0.375], "texture": "#0"},
				"west": {"uv": [0.75, 8.75, 1.125, 8.875], "texture": "#0"},
				"up": {"uv": [3.875, 6.125, 3.5, 5.75], "texture": "#0"},
				"down": {"uv": [4.375, 5.75, 4, 6.125], "texture": "#0"}
			}
		},
		{
			"from": [9.7, 5.6, 7.1],
			"to": [10.5, 6.4, 8.9],
			"rotation": {"angle": 0, "axis": "y", "origin": [9.6, 6.2, 7.4]},
			"faces": {
				"north": {"uv": [6, 1.75, 6.25, 2], "texture": "#0"},
				"east": {"uv": [6.25, 3.75, 6.75, 4], "texture": "#0"},
				"south": {"uv": [6, 2.5, 6.25, 2.75], "texture": "#0"},
				"west": {"uv": [4.5, 6.25, 5, 6.5], "texture": "#0"},
				"up": {"uv": [5.25, 6.75, 5, 6.25], "texture": "#0"},
				"down": {"uv": [5.5, 6.25, 5.25, 6.75], "texture": "#0"}
			}
		},
		{
			"from": [4.8, 2.6, 7.3],
			"to": [5, 4.6, 8.7],
			"rotation": {"angle": 0, "axis": "y", "origin": [5.1, 4.1, 7.4]},
			"faces": {
				"north": {"uv": [6.5, 6.75, 6.625, 7.25], "texture": "#0"},
				"east": {"uv": [1.5, 5, 1.875, 5.5], "texture": "#0"},
				"south": {"uv": [6.75, 6.75, 6.875, 7.25], "texture": "#0"},
				"west": {"uv": [2, 5, 2.375, 5.5], "texture": "#0"},
				"up": {"uv": [8.875, 1.125, 8.75, 0.75], "texture": "#0"},
				"down": {"uv": [1.625, 8.75, 1.5, 9.125], "texture": "#0"}
			}
		},
		{
			"from": [4.7, 2.9, 7.2],
			"to": [5.1, 4.3, 8.8],
			"rotation": {"angle": 0, "axis": "y", "origin": [5.1, 4.1, 7.4]},
			"faces": {
				"north": {"uv": [1.75, 8.75, 1.875, 9.125], "texture": "#0"},
				"east": {"uv": [4.5, 5.75, 4.875, 6.125], "texture": "#0"},
				"south": {"uv": [2, 8.75, 2.125, 9.125], "texture": "#0"},
				"west": {"uv": [5, 5.75, 5.375, 6.125], "texture": "#0"},
				"up": {"uv": [8.875, 2.375, 8.75, 2], "texture": "#0"},
				"down": {"uv": [2.375, 8.75, 2.25, 9.125], "texture": "#0"}
			}
		},
		{
			"from": [3.9, 3.5, 7.3],
			"to": [5.9, 3.7, 8.7],
			"rotation": {"angle": 0, "axis": "y", "origin": [4.4, 3.8, 7.4]},
			"faces": {
				"north": {"uv": [7, 0.5, 7.5, 0.625], "texture": "#0"},
				"east": {"uv": [8.75, 1.25, 9.125, 1.375], "texture": "#0"},
				"south": {"uv": [7, 0.75, 7.5, 0.875], "texture": "#0"},
				"west": {"uv": [8.75, 2.5, 9.125, 2.625], "texture": "#0"},
				"up": {"uv": [3, 5.375, 2.5, 5], "texture": "#0"},
				"down": {"uv": [5.5, 3.5, 5, 3.875], "texture": "#0"}
			}
		},
		{
			"from": [4.2, 3.4, 7.2],
			"to": [5.6, 3.8, 8.8],
			"rotation": {"angle": 0, "axis": "y", "origin": [4.4, 3.8, 7.4]},
			"faces": {
				"north": {"uv": [2.75, 8.75, 3.125, 8.875], "texture": "#0"},
				"east": {"uv": [8.75, 3.25, 9.125, 3.375], "texture": "#0"},
				"south": {"uv": [8.75, 3.5, 9.125, 3.625], "texture": "#0"},
				"west": {"uv": [8.75, 3.75, 9.125, 3.875], "texture": "#0"},
				"up": {"uv": [5.875, 6.125, 5.5, 5.75], "texture": "#0"},
				"down": {"uv": [0.375, 6, 0, 6.375], "texture": "#0"}
			}
		},
		{
			"from": [4.5, 3.2, 7.1],
			"to": [5.3, 4, 8.9],
			"rotation": {"angle": 0, "axis": "y", "origin": [4.4, 3.8, 7.4]},
			"faces": {
				"north": {"uv": [0.5, 7, 0.75, 7.25], "texture": "#0"},
				"east": {"uv": [6.25, 5.25, 6.75, 5.5], "texture": "#0"},
				"south": {"uv": [1.25, 7, 1.5, 7.25], "texture": "#0"},
				"west": {"uv": [5.5, 6.25, 6, 6.5], "texture": "#0"},
				"up": {"uv": [6.25, 6.75, 6, 6.25], "texture": "#0"},
				"down": {"uv": [6.5, 6.25, 6.25, 6.75], "texture": "#0"}
			}
		},
		{
			"from": [5.8, 5, 7.3],
			"to": [6, 7, 8.7],
			"rotation": {"angle": 0, "axis": "y", "origin": [6.1, 6.5, 7.4]},
			"faces": {
				"north": {"uv": [7, 1.25, 7.125, 1.75], "texture": "#0"},
				"east": {"uv": [5, 4.75, 5.375, 5.25], "texture": "#0"},
				"south": {"uv": [1.5, 7, 1.625, 7.5], "texture": "#0"},
				"west": {"uv": [5.25, 2, 5.625, 2.5], "texture": "#0"},
				"up": {"uv": [3.375, 9.125, 3.25, 8.75], "texture": "#0"},
				"down": {"uv": [3.875, 8.75, 3.75, 9.125], "texture": "#0"}
			}
		},
		{
			"from": [5.7, 5.3, 7.2],
			"to": [6.1, 6.7, 8.8],
			"rotation": {"angle": 0, "axis": "y", "origin": [6.1, 6.5, 7.4]},
			"faces": {
				"north": {"uv": [8.75, 4, 8.875, 4.375], "texture": "#0"},
				"east": {"uv": [6, 0, 6.375, 0.375], "texture": "#0"},
				"south": {"uv": [4.5, 8.75, 4.625, 9.125], "texture": "#0"},
				"west": {"uv": [0.5, 6, 0.875, 6.375], "texture": "#0"},
				"up": {"uv": [8.875, 4.875, 8.75, 4.5], "texture": "#0"},
				"down": {"uv": [8.875, 5, 8.75, 5.375], "texture": "#0"}
			}
		},
		{
			"from": [4.9, 5.9, 7.3],
			"to": [6.9, 6.1, 8.7],
			"rotation": {"angle": 0, "axis": "y", "origin": [5.4, 6.2, 7.4]},
			"faces": {
				"north": {"uv": [1.75, 7, 2.25, 7.125], "texture": "#0"},
				"east": {"uv": [8.75, 5.5, 9.125, 5.625], "texture": "#0"},
				"south": {"uv": [2.25, 7, 2.75, 7.125], "texture": "#0"},
				"west": {"uv": [8.75, 5.75, 9.125, 5.875], "texture": "#0"},
				"up": {"uv": [3.5, 5.625, 3, 5.25], "texture": "#0"},
				"down": {"uv": [5.75, 3, 5.25, 3.375], "texture": "#0"}
			}
		},
		{
			"from": [5.2, 5.8, 7.2],
			"to": [6.6, 6.2, 8.8],
			"rotation": {"angle": 0, "axis": "y", "origin": [5.4, 6.2, 7.4]},
			"faces": {
				"north": {"uv": [6, 8.75, 6.375, 8.875], "texture": "#0"},
				"east": {"uv": [8.75, 6, 9.125, 6.125], "texture": "#0"},
				"south": {"uv": [6.5, 8.75, 6.875, 8.875], "texture": "#0"},
				"west": {"uv": [7.25, 8.75, 7.625, 8.875], "texture": "#0"},
				"up": {"uv": [6.375, 0.875, 6, 0.5], "texture": "#0"},
				"down": {"uv": [1.375, 6, 1, 6.375], "texture": "#0"}
			}
		},
		{
			"from": [5.5, 5.6, 7.1],
			"to": [6.3, 6.4, 8.9],
			"rotation": {"angle": 0, "axis": "y", "origin": [5.4, 6.2, 7.4]},
			"faces": {
				"north": {"uv": [2.75, 7, 3, 7.25], "texture": "#0"},
				"east": {"uv": [6.25, 5.5, 6.75, 5.75], "texture": "#0"},
				"south": {"uv": [3, 7, 3.25, 7.25], "texture": "#0"},
				"west": {"uv": [0, 6.5, 0.5, 6.75], "texture": "#0"},
				"up": {"uv": [6.75, 0.5, 6.5, 0], "texture": "#0"},
				"down": {"uv": [0.75, 6.5, 0.5, 7], "texture": "#0"}
			}
		},
		{
			"from": [7.9, 7.1, 7.3],
			"to": [8.1, 9.1, 8.7],
			"rotation": {"angle": 0, "axis": "y", "origin": [8.2, 8.6, 7.4]},
			"faces": {
				"north": {"uv": [3.25, 7, 3.375, 7.5], "texture": "#0"},
				"east": {"uv": [3.5, 5.25, 3.875, 5.75], "texture": "#0"},
				"south": {"uv": [3.5, 7, 3.625, 7.5], "texture": "#0"},
				"west": {"uv": [4, 5.25, 4.375, 5.75], "texture": "#0"},
				"up": {"uv": [5.625, 9.125, 5.5, 8.75], "texture": "#0"},
				"down": {"uv": [8.875, 7.5, 8.75, 7.875], "texture": "#0"}
			}
		},
		{
			"from": [7.8, 7.4, 7.2],
			"to": [8.2, 8.8, 8.8],
			"rotation": {"angle": 0, "axis": "y", "origin": [8.2, 8.6, 7.4]},
			"faces": {
				"north": {"uv": [8.75, 8, 8.875, 8.375], "texture": "#0"},
				"east": {"uv": [6, 4, 6.375, 4.375], "texture": "#0"},
				"south": {"uv": [8.25, 8.75, 8.375, 9.125], "texture": "#0"},
				"west": {"uv": [6, 5.75, 6.375, 6.125], "texture": "#0"},
				"up": {"uv": [8.625, 9.125, 8.5, 8.75], "texture": "#0"},
				"down": {"uv": [8.875, 8.5, 8.75, 8.875], "texture": "#0"}
			}
		},
		{
			"from": [7, 8, 7.3],
			"to": [9, 8.2, 8.7],
			"rotation": {"angle": 0, "axis": "y", "origin": [7.5, 8.3, 7.4]},
			"faces": {
				"north": {"uv": [4.5, 7, 5, 7.125], "texture": "#0"},
				"east": {"uv": [0, 9, 0.375, 9.125], "texture": "#0"},
				"south": {"uv": [7, 4.5, 7.5, 4.625], "texture": "#0"},
				"west": {"uv": [0.5, 9, 0.875, 9.125], "texture": "#0"},
				"up": {"uv": [5, 5.625, 4.5, 5.25], "texture": "#0"},
				"down": {"uv": [5.5, 5.25, 5, 5.625], "texture": "#0"}
			}
		},
		{
			"from": [7.3, 7.9, 7.2],
			"to": [8.7, 8.3, 8.8],
			"rotation": {"angle": 0, "axis": "y", "origin": [7.5, 8.3, 7.4]},
			"faces": {
				"north": {"uv": [9, 0.5, 9.375, 0.625], "texture": "#0"},
				"east": {"uv": [9, 0.75, 9.375, 0.875], "texture": "#0"},
				"south": {"uv": [1, 9, 1.375, 9.125], "texture": "#0"},
				"west": {"uv": [9, 1, 9.375, 1.125], "texture": "#0"},
				"up": {"uv": [1.875, 6.625, 1.5, 6.25], "texture": "#0"},
				"down": {"uv": [6.625, 1.75, 6.25, 2.125], "texture": "#0"}
			}
		},
		{
			"from": [7.6, 7.7, 7.1],
			"to": [8.4, 8.5, 8.9],
			"rotation": {"angle": 0, "axis": "y", "origin": [7.5, 8.3, 7.4]},
			"faces": {
				"north": {"uv": [3.75, 7, 4, 7.25], "texture": "#0"},
				"east": {"uv": [6.5, 0.5, 7, 0.75], "texture": "#0"},
				"south": {"uv": [5, 7, 5.25, 7.25], "texture": "#0"},
				"west": {"uv": [0.75, 6.5, 1.25, 6.75], "texture": "#0"},
				"up": {"uv": [1.5, 7, 1.25, 6.5], "texture": "#0"},
				"down": {"uv": [3.25, 6.5, 3, 7], "texture": "#0"}
			}
		},
		{
			"from": [7.9, 2, 7.3],
			"to": [8.1, 4, 8.7],
			"rotation": {"angle": 0, "axis": "y", "origin": [8.2, 3.5, 7.4]},
			"faces": {
				"north": {"uv": [7, 5, 7.125, 5.5], "texture": "#0"},
				"east": {"uv": [0, 5.5, 0.375, 6], "texture": "#0"},
				"south": {"uv": [5.25, 7, 5.375, 7.5], "texture": "#0"},
				"west": {"uv": [5.5, 0.25, 5.875, 0.75], "texture": "#0"},
				"up": {"uv": [9.125, 1.875, 9, 1.5], "texture": "#0"},
				"down": {"uv": [9.125, 2, 9, 2.375], "texture": "#0"}
			}
		},
		{
			"from": [7.8, 2.3, 7.2],
			"to": [8.2, 3.7, 8.8],
			"rotation": {"angle": 0, "axis": "y", "origin": [8.2, 3.5, 7.4]},
			"faces": {
				"north": {"uv": [2.5, 9, 2.625, 9.375], "texture": "#0"},
				"east": {"uv": [2, 6.25, 2.375, 6.625], "texture": "#0"},
				"south": {"uv": [2.75, 9, 2.875, 9.375], "texture": "#0"},
				"west": {"uv": [6.25, 2.25, 6.625, 2.625], "texture": "#0"},
				"up": {"uv": [9.125, 3.125, 9, 2.75], "texture": "#0"},
				"down": {"uv": [3.125, 9, 3, 9.375], "texture": "#0"}
			}
		},
		{
			"from": [7, 2.9, 7.3],
			"to": [9, 3.1, 8.7],
			"rotation": {"angle": 0, "axis": "y", "origin": [7.5, 3.2, 7.4]},
			"faces": {
				"north": {"uv": [5.5, 7, 6, 7.125], "texture": "#0"},
				"east": {"uv": [4, 9, 4.375, 9.125], "texture": "#0"},
				"south": {"uv": [6, 7, 6.5, 7.125], "texture": "#0"},
				"west": {"uv": [9, 4, 9.375, 4.125], "texture": "#0"},
				"up": {"uv": [1, 5.875, 0.5, 5.5], "texture": "#0"},
				"down": {"uv": [1.5, 5.5, 1, 5.875], "texture": "#0"}
			}
		},
		{
			"from": [7.3, 2.8, 7.2],
			"to": [8.7, 3.2, 8.8],
			"rotation": {"angle": 0, "axis": "y", "origin": [7.5, 3.2, 7.4]},
			"faces": {
				"north": {"uv": [9, 4.25, 9.375, 4.375], "texture": "#0"},
				"east": {"uv": [9, 4.5, 9.375, 4.625], "texture": "#0"},
				"south": {"uv": [4.75, 9, 5.125, 9.125], "texture": "#0"},
				"west": {"uv": [9, 4.75, 9.375, 4.875], "texture": "#0"},
				"up": {"uv": [2.875, 6.625, 2.5, 6.25], "texture": "#0"},
				"down": {"uv": [6.625, 2.75, 6.25, 3.125], "texture": "#0"}
			}
		},
		{
			"from": [7.6, 2.6, 7.1],
			"to": [8.4, 3.4, 8.9],
			"rotation": {"angle": 0, "axis": "y", "origin": [7.5, 3.2, 7.4]},
			"faces": {
				"north": {"uv": [7, 6.75, 7.25, 7], "texture": "#0"},
				"east": {"uv": [6.5, 0.75, 7, 1], "texture": "#0"},
				"south": {"uv": [7, 7, 7.25, 7.25], "texture": "#0"},
				"west": {"uv": [6.5, 1.5, 7, 1.75], "texture": "#0"},
				"up": {"uv": [3.5, 7, 3.25, 6.5], "texture": "#0"},
				"down": {"uv": [3.75, 6.5, 3.5, 7], "texture": "#0"}
			}
		}
	],
	"gui_light": "front",
	"display": {
		"thirdperson_righthand": {
			"rotation": [-1, 107, 24],
			"translation": [-0.75, 0, 0],
			"scale": [0.25, 0.25, 0.25]
		},
		"thirdperson_lefthand": {
			"rotation": [-1, 107, 24],
			"translation": [-0.75, 0, 0],
			"scale": [0.25, 0.25, 0.25]
		},
		"firstperson_righthand": {
			"rotation": [0, -93, 19],
			"translation": [1, 1, 0],
			"scale": [0.25, 0.25, 0.25]
		},
		"firstperson_lefthand": {
			"rotation": [0, -93, 19],
			"translation": [1, 1, 0],
			"scale": [0.25, 0.25, 0.25]
		},
		"ground": {
			"scale": [0.25, 0.25, 0.25]
		},
		"gui": {
			"translation": [0, 1, 0],
			"scale": [0.9, 0.9, 0.9]
		},
		"fixed": {
			"translation": [0, 1, 0],
			"scale": [0.6, 0.6, 0.6]
		},
		"on_shelf": {
			"translation": [0, 0, -3.5],
			"scale": [0.9, 0.9, 0.9]
		}
	},
	"groups": [
		{
			"name": "inner_rim",
			"origin": [3.6, 0.8, 7],
			"color": 0,
			"children": [0, 1, 2, 3]
		},
		{
			"name": "outer_rim",
			"origin": [-1.5, 9.9, 7],
			"color": 0,
			"children": [4, 5, 6, 7, 8, 9, 10, 11, 12, 13, 14, 15, 16, 17, 18, 19, 20, 21, 22, 23, 24, 25, 26, 27, 28, 29, 30, 31, 32, 33, 34, 35, 36, 37, 38, 39, 40, 41, 42, 43, 44, 45]
		},
		{
			"name": "coin_face",
			"origin": [7.8, 0.8, 7],
			"color": 0,
			"children": [
				{
					"name": "backing",
					"origin": [7.8, 0.8, 7],
					"color": 0,
					"children": [46, 47, 48, 49, 50, 51, 52, 53, 54, 55, 56, 57, 58, 59, 60, 61, 62, 63, 64, 65, 66, 67]
				},
				{
					"name": "cross",
					"origin": [19.4, 7.4, 7.4],
					"color": 0,
					"children": [68, 69, 70, 71, 72]
				},
				{
					"name": "cross",
					"origin": [19.4, 7.4, 7.4],
					"color": 0,
					"children": [73, 74, 75, 76, 77]
				},
				{
					"name": "cross",
					"origin": [19.4, 7.4, 7.4],
					"color": 0,
					"children": [78, 79, 80, 81, 82]
				},
				{
					"name": "cross",
					"origin": [19.4, 7.4, 7.4],
					"color": 0,
					"children": [83, 84, 85, 86, 87]
				},
				{
					"name": "cross",
					"origin": [19.4, 7.4, 7.4],
					"color": 0,
					"children": [88, 89, 90, 91, 92]
				},
				{
					"name": "cross",
					"origin": [19.4, 7.4, 7.4],
					"color": 0,
					"children": [93, 94, 95, 96, 97]
				}
			]
		}
	]
}