{
	"format_version": "1.21.6",
	"credit": "Made by SHO310",
	"texture_size": [64, 32],
	"textures": {
		"1": "custom:item/sho/costume_wither_skeleton/costume_wither_skeleton_1"
	},
	"elements": [
		{
			"name": "head",
			"from": [4, 24, 4],
			"to": [12, 32, 12],
			"rotation": {"angle": 0, "axis": "y", "origin": [8, 0, 8]},
			"faces": {
				"north": {"uv": [2, 4, 4, 8], "texture": "#1"},
				"east": {"uv": [0, 4, 2, 8], "texture": "#1"},
				"south": {"uv": [6, 4, 8, 8], "texture": "#1"},
				"west": {"uv": [4, 4, 6, 8], "texture": "#1"},
				"up": {"uv": [4, 4, 2, 0], "texture": "#1"},
				"down": {"uv": [6, 0, 4, 4], "texture": "#1"}
			}
		},
		{
			"name": "headwear",
			"from": [3.5, 23, 3.5],
			"to": [12.5, 32, 12.5],
			"rotation": {"angle": 0, "axis": "y", "origin": [8, 0, 8]},
			"faces": {
				"north": {"uv": [10, 4, 12, 8], "texture": "#1"},
				"east": {"uv": [8, 4, 10, 8], "texture": "#1"},
				"south": {"uv": [14, 4, 16, 8], "texture": "#1"},
				"west": {"uv": [12, 4, 14, 8], "texture": "#1"},
				"up": {"uv": [12, 4, 10, 0], "texture": "#1"},
				"down": {"uv": [14, 0, 12, 4], "texture": "#1"}
			}
		},
		{
			"name": "body",
			"from": [4, 12, 6],
			"to": [12, 24, 10],
			"rotation": {"angle": 0, "axis": "y", "origin": [8, 0, 8]},
			"faces": {
				"north": {"uv": [5, 10, 7, 16], "texture": "#1"},
				"east": {"uv": [4, 10, 5, 16], "texture": "#1"},
				"south": {"uv": [8, 10, 10, 16], "texture": "#1"},
				"west": {"uv": [7, 10, 8, 16], "texture": "#1"},
				"up": {"uv": [7, 10, 5, 8], "texture": "#1"},
				"down": {"uv": [9, 8, 7, 10], "texture": "#1"}
			}
		},
		{
			"name": "left_arm",
			"from": [2, 12, 7],
			"to": [4, 24, 9],
			"rotation": {"angle": 0, "axis": "y", "origin": [8, 0, 8]},
			"faces": {
				"north": {"uv": [10.5, 9, 11, 15], "texture": "#1"},
				"east": {"uv": [10, 9, 10.5, 15], "texture": "#1"},
				"south": {"uv": [11.5, 9, 12, 15], "texture": "#1"},
				"west": {"uv": [11, 9, 11.5, 15], "texture": "#1"},
				"up": {"uv": [11, 9, 10.5, 8], "texture": "#1"},
				"down": {"uv": [11.5, 8, 11, 9], "texture": "#1"}
			}
		},
		{
			"name": "right_arm",
			"from": [12, 12, 7],
			"to": [14, 24, 9],
			"rotation": {"angle": 0, "axis": "y", "origin": [8, 0, 8]},
			"faces": {
				"north": {"uv": [10.5, 9, 11, 15], "texture": "#1"},
				"east": {"uv": [10, 9, 10.5, 15], "texture": "#1"},
				"south": {"uv": [11.5, 9, 12, 15], "texture": "#1"},
				"west": {"uv": [11, 9, 11.5, 15], "texture": "#1"},
				"up": {"uv": [11, 9, 10.5, 8], "texture": "#1"},
				"down": {"uv": [11.5, 8, 11, 9], "texture": "#1"}
			}
		},
		{
			"name": "left_leg",
			"from": [5, 0, 7],
			"to": [7, 12, 9],
			"rotation": {"angle": 0, "axis": "y", "origin": [8, 0, 8]},
			"faces": {
				"north": {"uv": [1, 9, 0.5, 15], "texture": "#1"},
				"east": {"uv": [1.5, 9, 1, 15], "texture": "#1"},
				"south": {"uv": [2, 9, 1.5, 15], "texture": "#1"},
				"west": {"uv": [0.5, 9, 0, 15], "texture": "#1"},
				"up": {"uv": [0.5, 9, 1, 8], "texture": "#1"},
				"down": {"uv": [1, 8, 1.5, 9], "texture": "#1"}
			}
		},
		{
			"name": "right_leg",
			"from": [9, 0, 7],
			"to": [11, 12, 9],
			"rotation": {"angle": 0, "axis": "y", "origin": [8, 0, 8]},
			"faces": {
				"north": {"uv": [0.5, 9, 1, 15], "texture": "#1"},
				"east": {"uv": [0, 9, 0.5, 15], "texture": "#1"},
				"south": {"uv": [1.5, 9, 2, 15], "texture": "#1"},
				"west": {"uv": [1, 9, 1.5, 15], "texture": "#1"},
				"up": {"uv": [1, 9, 0.5, 8], "texture": "#1"},
				"down": {"uv": [1.5, 8, 1, 9], "texture": "#1"}
			}
		}
	],
	"display": {
		"thirdperson_righthand": {
			"scale": [0.35, 0.35, 0.35]
		},
		"thirdperson_lefthand": {
			"scale": [0.3, 0.3, 0.3]
		},
		"firstperson_righthand": {
			"scale": [0.4, 0.4, 0.4]
		},
		"firstperson_lefthand": {
			"scale": [0.4, 0.4, 0.4]
		},
		"ground": {
			"translation": [0, 2.25, 0],
			"scale": [0.49, 0.49, 0.49]
		},
		"gui": {
			"rotation": [31, 145, 0],
			"translation": [0, -3.75, 0],
			"scale": [0.46, 0.46, 0.46]
		},
		"head": {
			"translation": [-0.5, -31.5, 0],
			"scale": [1.7, 1.7, 1.7]
		},
		"fixed": {
			"translation": [0, -4.25, 0],
			"scale": [0.5, 0.5, 0.5]
		}
	},
	"groups": [
		{
			"name": "head",
			"origin": [0, 24, 0],
			"color": 0,
			"children": [0]
		},
		{
			"name": "headwear",
			"origin": [0, 24, 0],
			"color": 0,
			"children": [1]
		},
		{
			"name": "body",
			"origin": [0, 24, 0],
			"color": 0,
			"children": [2]
		},
		{
			"name": "left_arm",
			"origin": [-5, 22, 0],
			"color": 0,
			"children": [3]
		},
		{
			"name": "right_arm",
			"origin": [5, 22, 0],
			"color": 0,
			"children": [4]
		},
		{
			"name": "left_leg",
			"origin": [-2, 12, 0.1],
			"color": 0,
			"children": [5]
		},
		{
			"name": "right_leg",
			"origin": [2, 12, 0.1],
			"color": 0,
			"children": [6]
		}
	]
}