{
  "credit": "Made with Blockbench",
  "texture_size": [64, 64],
  "textures": {
    "0": "custom:item/athi/beanie"
  },
  "elements": [
    {
      "name": "1",
      "from": [1.53683, 5.59267, 3],
      "to": [11.53683, 9.59267, 13],
      "rotation": {
        "angle": 22.5,
        "axis": "z",
        "origin": [5.41093, 9.62837, 8]
      },
      "faces": {
        "north": { "uv": [2.85714, 2.85714, 5.71429, 4], "texture": "#0" },
        "east": { "uv": [0, 2.85714, 2.85714, 4], "texture": "#0" },
        "south": { "uv": [8.57143, 2.85714, 11.42857, 4], "texture": "#0" },
        "west": { "uv": [5.71429, 2.85714, 8.57143, 4], "texture": "#0" },
        "up": { "uv": [5.71429, 2.85714, 2.85714, 0], "texture": "#0" },
        "down": { "uv": [8.57143, 0, 5.71429, 2.85714], "texture": "#0" }
      }
    },
    {
      "name": "2",
      "from": [2.62542, 6.99974, 3.5],
      "to": [10.62542, 10.99974, 12.5],
      "rotation": { "angle": 45, "axis": "z", "origin": [5.41093, 9.62837, 8] },
      "faces": {
        "north": {
          "uv": [2.57143, 6.57143, 4.85714, 7.71429],
          "texture": "#0"
        },
        "east": { "uv": [0, 6.57143, 2.57143, 7.71429], "texture": "#0" },
        "south": {
          "uv": [7.42857, 6.57143, 9.71429, 7.71429],
          "texture": "#0"
        },
        "west": { "uv": [4.85714, 6.57143, 7.42857, 7.71429], "texture": "#0" },
        "up": { "uv": [4.85714, 6.57143, 2.57143, 4], "texture": "#0" },
        "down": { "uv": [7.14286, 4, 4.85714, 6.57143], "texture": "#0" }
      }
    },
    {
      "from": [2.58216, 6.91091, 4],
      "to": [6.58216, 14.51091, 12],
      "rotation": {
        "angle": -22.5,
        "axis": "z",
        "origin": [5.41093, 9.62837, 8]
      },
      "faces": {
        "north": { "uv": [2.28571, 10, 3.42857, 12], "texture": "#0" },
        "east": { "uv": [0, 10, 2.28571, 12], "texture": "#0" },
        "south": { "uv": [5.71429, 10, 6.85714, 12], "texture": "#0" },
        "west": { "uv": [3.42857, 10, 5.71429, 12], "texture": "#0" },
        "up": { "uv": [3.42857, 10, 2.28571, 7.71429], "texture": "#0" },
        "down": { "uv": [4.57143, 7.71429, 3.42857, 10], "texture": "#0" }
      }
    },
    {
      "from": [1.84976, 10.18998, 4.5],
      "to": [8.44976, 13.68998, 11.5],
      "rotation": { "angle": 45, "axis": "z", "origin": [5.41093, 9.62837, 8] },
      "faces": {
        "north": {
          "uv": [8.85714, 9.71429, 10.57143, 10.57143],
          "texture": "#0"
        },
        "east": {
          "uv": [6.85714, 9.71429, 8.85714, 10.57143],
          "texture": "#0"
        },
        "south": {
          "uv": [12.57143, 9.71429, 14.28571, 10.57143],
          "texture": "#0"
        },
        "west": {
          "uv": [10.57143, 9.71429, 12.57143, 10.57143],
          "texture": "#0"
        },
        "up": { "uv": [10.57143, 9.71429, 8.85714, 7.71429], "texture": "#0" },
        "down": {
          "uv": [12.28571, 7.71429, 10.57143, 9.71429],
          "texture": "#0"
        }
      }
    }
  ],
  "display": {
    "thirdperson_righthand": {
      "rotation": [0, 180, 0]
    },
    "firstperson_righthand": {
      "rotation": [0, 180, 0]
    },
    "gui": {
      "rotation": [0, -90, 0]
    },
    "head": {
      "rotation": [13, 90, 0],
      "translation": [0.5, 4.75, 0],
      "scale": [1.87344, 1.6, 1.63516]
    },
    "fixed": {
      "rotation": [-106.5, 90, 0]
    }
  },
  "groups": [
    {
      "name": "hat",
      "origin": [4, 9, 4],
      "color": 0,
      "children": [0, 1, 2, 3]
    }
  ]
}
