{
	"format_version": "1.21.6",
	"credit": "Made with Blockbench",
	"texture_size": [64, 64],
	"textures": {
		"1": "custom:item/pixels/creepy_cupcake2",
		"particle": "custom:item/pixels/creepy_cupcake2"
	},
	"elements": [
		{
			"from": [5.5, 0, 5.5],
			"to": [10.5, 2, 10.5],
			"rotation": {"angle": 0, "axis": "y", "origin": [6, 0, 6]},
			"faces": {
				"north": {"uv": [2.5, 3.75, 3.75, 4.25], "texture": "#1"},
				"east": {"uv": [3.75, 3.75, 5, 4.25], "texture": "#1"},
				"south": {"uv": [4, 1.5, 5.25, 2], "texture": "#1"},
				"west": {"uv": [4, 2, 5.25, 2.5], "texture": "#1"},
				"up": {"uv": [1.25, 1.25, 0, 0], "texture": "#1"},
				"down": {"uv": [1.25, 1.25, 0, 2.5], "texture": "#1"}
			}
		},
		{
			"from": [5.5, 0, 5.4],
			"to": [6.5, 2, 5.4],
			"rotation": {"angle": 0, "axis": "y", "origin": [5, 0, 5]},
			"faces": {
				"north": {"uv": [2.5, 3, 2.75, 3.5], "texture": "#1"},
				"east": {"uv": [0, 0, 0, 0.5], "texture": "#1"},
				"south": {"uv": [1, 3.25, 1.25, 3.75], "texture": "#1"},
				"west": {"uv": [0, 0, 0, 0.5], "texture": "#1"},
				"up": {"uv": [0.25, 0, 0, 0], "texture": "#1"},
				"down": {"uv": [0, 0, 0.25, 0], "texture": "#1"}
			}
		},
		{
			"from": [5.5, 0, 10.6],
			"to": [6.5, 2, 10.6],
			"rotation": {"angle": 0, "axis": "y", "origin": [5, 0, 11]},
			"faces": {
				"north": {"uv": [1, 3.75, 1.25, 4.25], "texture": "#1"},
				"east": {"uv": [0, 0, 0, 0.5], "texture": "#1"},
				"south": {"uv": [1.5, 7.5, 1.75, 8], "texture": "#1"},
				"west": {"uv": [0, 0, 0, 0.5], "texture": "#1"},
				"up": {"uv": [0, 0, 0.25, 0], "texture": "#1"},
				"down": {"uv": [0, 0, 0.25, 0], "texture": "#1"}
			}
		},
		{
			"from": [7.5, 0, 5.4],
			"to": [8.5, 2, 5.4],
			"rotation": {"angle": 0, "axis": "y", "origin": [7, 0, 5]},
			"faces": {
				"north": {"uv": [3.5, 7.5, 3.75, 8], "texture": "#1"},
				"east": {"uv": [0, 0, 0, 0.5], "texture": "#1"},
				"south": {"uv": [3.75, 7.5, 4, 8], "texture": "#1"},
				"west": {"uv": [0, 0, 0, 0.5], "texture": "#1"},
				"up": {"uv": [0, 0, 0.25, 0], "texture": "#1"},
				"down": {"uv": [0, 0, 0.25, 0], "texture": "#1"}
			}
		},
		{
			"from": [7.5, 0, 10.6],
			"to": [8.5, 2, 10.6],
			"rotation": {"angle": 0, "axis": "y", "origin": [7, 0, 11]},
			"faces": {
				"north": {"uv": [4.5, 7.5, 4.75, 8], "texture": "#1"},
				"east": {"uv": [0, 0, 0, 0.5], "texture": "#1"},
				"south": {"uv": [4.75, 7.5, 5, 8], "texture": "#1"},
				"west": {"uv": [0, 0, 0, 0.5], "texture": "#1"},
				"up": {"uv": [0, 0, 0.25, 0], "texture": "#1"},
				"down": {"uv": [0, 0, 0.25, 0], "texture": "#1"}
			}
		},
		{
			"from": [9.5, 0, 5.4],
			"to": [10.5, 2, 5.4],
			"rotation": {"angle": 0, "axis": "y", "origin": [9, 0, 5]},
			"faces": {
				"north": {"uv": [5, 7.5, 5.25, 8], "texture": "#1"},
				"east": {"uv": [0, 0, 0, 0.5], "texture": "#1"},
				"south": {"uv": [5.25, 7.5, 5.5, 8], "texture": "#1"},
				"west": {"uv": [0, 0, 0, 0.5], "texture": "#1"},
				"up": {"uv": [0, 0, 0.25, 0], "texture": "#1"},
				"down": {"uv": [0, 0, 0.25, 0], "texture": "#1"}
			}
		},
		{
			"from": [9.5, 0, 10.6],
			"to": [10.5, 2, 10.6],
			"rotation": {"angle": 0, "axis": "y", "origin": [9, 0, 11]},
			"faces": {
				"north": {"uv": [5.75, 7.5, 6, 8], "texture": "#1"},
				"east": {"uv": [0, 0, 0, 0.5], "texture": "#1"},
				"south": {"uv": [6, 7.5, 6.25, 8], "texture": "#1"},
				"west": {"uv": [0, 0, 0, 0.5], "texture": "#1"},
				"up": {"uv": [0, 0, 0.25, 0], "texture": "#1"},
				"down": {"uv": [0, 0, 0.25, 0], "texture": "#1"}
			}
		},
		{
			"from": [10.6, 0, 6.5],
			"to": [10.6, 2, 7.5],
			"rotation": {"angle": 0, "axis": "y", "origin": [10, 0, 6]},
			"faces": {
				"north": {"uv": [0, 0, 0, 0.5], "texture": "#1"},
				"east": {"uv": [6.25, 7.5, 6.5, 8], "texture": "#1"},
				"south": {"uv": [0, 0, 0, 0.5], "texture": "#1"},
				"west": {"uv": [6.5, 7.5, 6.75, 8], "texture": "#1"},
				"up": {"uv": [0, 0.25, 0, 0], "texture": "#1"},
				"down": {"uv": [0, 0, 0, 0.25], "texture": "#1"}
			}
		},
		{
			"from": [5.4, 0, 6.5],
			"to": [5.4, 2, 7.5],
			"rotation": {"angle": 0, "axis": "y", "origin": [4, 0, 6]},
			"faces": {
				"north": {"uv": [0, 0, 0, 0.5], "texture": "#1"},
				"east": {"uv": [6.75, 7.5, 7, 8], "texture": "#1"},
				"south": {"uv": [0, 0, 0, 0.5], "texture": "#1"},
				"west": {"uv": [7.5, 7.25, 7.75, 7.75], "texture": "#1"},
				"up": {"uv": [0, 0, 0, 0.25], "texture": "#1"},
				"down": {"uv": [0, 0, 0, 0.25], "texture": "#1"}
			}
		},
		{
			"from": [10.6, 0, 8.5],
			"to": [10.6, 2, 9.5],
			"rotation": {"angle": 0, "axis": "y", "origin": [10, 0, 8]},
			"faces": {
				"north": {"uv": [0, 0, 0, 0.5], "texture": "#1"},
				"east": {"uv": [0, 7.75, 0.25, 8.25], "texture": "#1"},
				"south": {"uv": [0, 0, 0, 0.5], "texture": "#1"},
				"west": {"uv": [5.5, 7.75, 5.75, 8.25], "texture": "#1"},
				"up": {"uv": [0, 0, 0, 0.25], "texture": "#1"},
				"down": {"uv": [0, 0, 0, 0.25], "texture": "#1"}
			}
		},
		{
			"from": [5.4, 0, 8.5],
			"to": [5.4, 2, 9.5],
			"rotation": {"angle": 0, "axis": "y", "origin": [4, 0, 8]},
			"faces": {
				"north": {"uv": [0, 0, 0, 0.5], "texture": "#1"},
				"east": {"uv": [7.75, 7.25, 8, 7.75], "texture": "#1"},
				"south": {"uv": [0, 0, 0, 0.5], "texture": "#1"},
				"west": {"uv": [7.5, 7.75, 7.75, 8.25], "texture": "#1"},
				"up": {"uv": [0, 0, 0, 0.25], "texture": "#1"},
				"down": {"uv": [0, 0, 0, 0.25], "texture": "#1"}
			}
		},
		{
			"from": [8, 6, 8],
			"to": [8.5, 6.75, 8.5],
			"rotation": {"angle": 0, "axis": "y", "origin": [6, 5, 7]},
			"faces": {
				"north": {"uv": [8, 1, 8.125, 1.25], "texture": "#1"},
				"east": {"uv": [3.25, 8, 3.375, 8.25], "texture": "#1"},
				"south": {"uv": [3.5, 8, 3.625, 8.25], "texture": "#1"},
				"west": {"uv": [3.75, 8, 3.875, 8.25], "texture": "#1"},
				"up": {"uv": [8.375, 2.625, 8.25, 2.5], "texture": "#1"},
				"down": {"uv": [3.375, 8.25, 3.25, 8.375], "texture": "#1"}
			}
		},
		{
			"from": [7.5, 6, 8],
			"to": [8, 7.25, 8.5],
			"rotation": {"angle": 0, "axis": "y", "origin": [6, 5, 7]},
			"faces": {
				"north": {"uv": [2.25, 8, 2.375, 8.375], "texture": "#1"},
				"east": {"uv": [2.5, 8, 2.625, 8.375], "texture": "#1"},
				"south": {"uv": [2.75, 8, 2.875, 8.375], "texture": "#1"},
				"west": {"uv": [3, 8, 3.125, 8.375], "texture": "#1"},
				"up": {"uv": [3.625, 8.375, 3.5, 8.25], "texture": "#1"},
				"down": {"uv": [8.375, 3.5, 8.25, 3.625], "texture": "#1"}
			}
		},
		{
			"from": [7.5, 6, 7.5],
			"to": [8, 7, 8],
			"rotation": {"angle": 0, "axis": "y", "origin": [6, 6, 8]},
			"faces": {
				"north": {"uv": [8, 3.75, 8.125, 4], "texture": "#1"},
				"east": {"uv": [8, 4, 8.125, 4.25], "texture": "#1"},
				"south": {"uv": [8, 4.25, 8.125, 4.5], "texture": "#1"},
				"west": {"uv": [4.5, 8, 4.625, 8.25], "texture": "#1"},
				"up": {"uv": [3.875, 8.375, 3.75, 8.25], "texture": "#1"},
				"down": {"uv": [8.375, 3.75, 8.25, 3.875], "texture": "#1"}
			}
		},
		{
			"from": [8, 6, 7.5],
			"to": [8.5, 6.5, 8],
			"rotation": {"angle": 0, "axis": "y", "origin": [6, 6, 8]},
			"faces": {
				"north": {"uv": [8.25, 4, 8.375, 4.125], "texture": "#1"},
				"east": {"uv": [8.25, 4.25, 8.375, 4.375], "texture": "#1"},
				"south": {"uv": [4.5, 8.25, 4.625, 8.375], "texture": "#1"},
				"west": {"uv": [4.75, 8.25, 4.875, 8.375], "texture": "#1"},
				"up": {"uv": [5.125, 8.375, 5, 8.25], "texture": "#1"},
				"down": {"uv": [5.375, 8.25, 5.25, 8.375], "texture": "#1"}
			}
		},
		{
			"from": [5.5, 5, 6.5],
			"to": [10.5, 6, 9.5],
			"rotation": {"angle": 0, "axis": "y", "origin": [6, 5, 7]},
			"faces": {
				"north": {"uv": [4.75, 0, 6, 0.25], "texture": "#1"},
				"east": {"uv": [2.5, 3.5, 3.25, 3.75], "texture": "#1"},
				"south": {"uv": [4.75, 0.25, 6, 0.5], "texture": "#1"},
				"west": {"uv": [5.5, 3.5, 6.25, 3.75], "texture": "#1"},
				"up": {"uv": [1.25, 3.25, 0, 2.5], "texture": "#1"},
				"down": {"uv": [4, 1.5, 2.75, 2.25], "texture": "#1"}
			}
		},
		{
			"from": [6.5, 5, 5.5],
			"to": [9.5, 6, 10.5],
			"rotation": {"angle": 0, "axis": "y", "origin": [7, 5, 6]},
			"faces": {
				"north": {"uv": [1, 5.75, 1.75, 6], "texture": "#1"},
				"east": {"uv": [4.75, 0.5, 6, 0.75], "texture": "#1"},
				"south": {"uv": [5.75, 1, 6.5, 1.25], "texture": "#1"},
				"west": {"uv": [4.75, 0.75, 6, 1], "texture": "#1"},
				"up": {"uv": [3.5, 3.5, 2.75, 2.25], "texture": "#1"},
				"down": {"uv": [2, 3, 1.25, 4.25], "texture": "#1"}
			}
		},
		{
			"from": [5, 2, 5],
			"to": [5.5, 5, 11],
			"rotation": {"angle": 0, "axis": "y", "origin": [5, 2, 5]},
			"faces": {
				"north": {"uv": [7.75, 7.75, 7.875, 8.5], "texture": "#1"},
				"east": {"uv": [1.25, 0, 2.75, 0.75], "texture": "#1"},
				"south": {"uv": [1.5, 8, 1.625, 8.75], "texture": "#1"},
				"west": {"uv": [1.25, 0.75, 2.75, 1.5], "texture": "#1"},
				"up": {"uv": [5.875, 2.75, 5.75, 1.25], "texture": "#1"},
				"down": {"uv": [1.875, 5.75, 1.75, 7.25], "texture": "#1"}
			}
		},
		{
			"from": [5.5, 2.5, 5],
			"to": [7.5, 3.5, 11],
			"rotation": {"angle": 0, "axis": "y", "origin": [6, 2, 5]},
			"faces": {
				"north": {"uv": [4.75, 1, 5.25, 1.25], "texture": "#1"},
				"east": {"uv": [4, 2.5, 5.5, 2.75], "texture": "#1"},
				"south": {"uv": [4.75, 1.25, 5.25, 1.5], "texture": "#1"},
				"west": {"uv": [4, 2.75, 5.5, 3], "texture": "#1"},
				"up": {"uv": [2.5, 4.5, 2, 3], "texture": "#1"},
				"down": {"uv": [0.5, 3.25, 0, 4.75], "texture": "#1"}
			}
		},
		{
			"from": [5.5, 2, 5],
			"to": [6.25, 2.5, 11],
			"rotation": {"angle": 0, "axis": "y", "origin": [6, 2, 5]},
			"faces": {
				"north": {"uv": [4.75, 8, 5, 8.125], "texture": "#1"},
				"east": {"uv": [2.5, 5.75, 4, 5.875], "texture": "#1"},
				"south": {"uv": [5, 8, 5.25, 8.125], "texture": "#1"},
				"west": {"uv": [5.75, 2.75, 7.25, 2.875], "texture": "#1"},
				"up": {"uv": [3.75, 5.75, 3.5, 4.25], "texture": "#1"},
				"down": {"uv": [4, 4.25, 3.75, 5.75], "texture": "#1"}
			}
		},
		{
			"from": [9.75, 2, 5],
			"to": [10.5, 2.5, 11],
			"rotation": {"angle": 0, "axis": "y", "origin": [10, 2, 5]},
			"faces": {
				"north": {"uv": [5.25, 8, 5.5, 8.125], "texture": "#1"},
				"east": {"uv": [5.75, 3, 7.25, 3.125], "texture": "#1"},
				"south": {"uv": [5.75, 8, 6, 8.125], "texture": "#1"},
				"west": {"uv": [5.75, 3.25, 7.25, 3.375], "texture": "#1"},
				"up": {"uv": [4.25, 5.75, 4, 4.25], "texture": "#1"},
				"down": {"uv": [4.5, 4.25, 4.25, 5.75], "texture": "#1"}
			}
		},
		{
			"from": [8.75, 2, 5],
			"to": [9.25, 2.5, 11],
			"rotation": {"angle": 0, "axis": "y", "origin": [9, 2, 5]},
			"faces": {
				"north": {"uv": [5.5, 8.25, 5.625, 8.375], "texture": "#1"},
				"east": {"uv": [5.75, 4.5, 7.25, 4.625], "texture": "#1"},
				"south": {"uv": [5.75, 8.25, 5.875, 8.375], "texture": "#1"},
				"west": {"uv": [4.75, 5.75, 6.25, 5.875], "texture": "#1"},
				"up": {"uv": [4.125, 7.25, 4, 5.75], "texture": "#1"},
				"down": {"uv": [4.375, 5.75, 4.25, 7.25], "texture": "#1"}
			}
		},
		{
			"from": [7.75, 2, 5],
			"to": [8.25, 2.5, 11],
			"rotation": {"angle": 0, "axis": "y", "origin": [8, 2, 5]},
			"faces": {
				"north": {"uv": [8.25, 5.75, 8.375, 5.875], "texture": "#1"},
				"east": {"uv": [5.75, 4.75, 7.25, 4.875], "texture": "#1"},
				"south": {"uv": [6, 8.25, 6.125, 8.375], "texture": "#1"},
				"west": {"uv": [5.75, 5, 7.25, 5.125], "texture": "#1"},
				"up": {"uv": [0.375, 7.5, 0.25, 6], "texture": "#1"},
				"down": {"uv": [0.625, 6, 0.5, 7.5], "texture": "#1"}
			}
		},
		{
			"from": [6.75, 2, 5],
			"to": [7.25, 2.5, 11],
			"rotation": {"angle": 0, "axis": "y", "origin": [7, 2, 5]},
			"faces": {
				"north": {"uv": [8.25, 6, 8.375, 6.125], "texture": "#1"},
				"east": {"uv": [5.75, 5.25, 7.25, 5.375], "texture": "#1"},
				"south": {"uv": [6.25, 8.25, 6.375, 8.375], "texture": "#1"},
				"west": {"uv": [5.75, 5.5, 7.25, 5.625], "texture": "#1"},
				"up": {"uv": [0.875, 7.5, 0.75, 6], "texture": "#1"},
				"down": {"uv": [1.125, 6, 1, 7.5], "texture": "#1"}
			}
		},
		{
			"from": [8.5, 2.5, 5],
			"to": [10.5, 3.5, 11],
			"rotation": {"angle": 0, "axis": "y", "origin": [9, 2, 5]},
			"faces": {
				"north": {"uv": [7.5, 2, 8, 2.25], "texture": "#1"},
				"east": {"uv": [4, 3, 5.5, 3.25], "texture": "#1"},
				"south": {"uv": [7.5, 2.25, 8, 2.5], "texture": "#1"},
				"west": {"uv": [4, 3.25, 5.5, 3.5], "texture": "#1"},
				"up": {"uv": [1, 4.75, 0.5, 3.25], "texture": "#1"},
				"down": {"uv": [4, 2.25, 3.5, 3.75], "texture": "#1"}
			}
		},
		{
			"from": [7.5, 2.5, 5],
			"to": [8.5, 3, 11],
			"rotation": {"angle": 0, "axis": "y", "origin": [8, 2, 5]},
			"faces": {
				"north": {"uv": [6, 8, 6.25, 8.125], "texture": "#1"},
				"east": {"uv": [6, 0, 7.5, 0.125], "texture": "#1"},
				"south": {"uv": [6.25, 8, 6.5, 8.125], "texture": "#1"},
				"west": {"uv": [6, 0.25, 7.5, 0.375], "texture": "#1"},
				"up": {"uv": [2.25, 6, 2, 4.5], "texture": "#1"},
				"down": {"uv": [2.5, 4.5, 2.25, 6], "texture": "#1"}
			}
		},
		{
			"from": [6.5, 4, 5],
			"to": [9.5, 5, 11],
			"rotation": {"angle": 0, "axis": "y", "origin": [7, 4, 5]},
			"faces": {
				"north": {"uv": [6, 0.5, 6.75, 0.75], "texture": "#1"},
				"east": {"uv": [4, 3.5, 5.5, 3.75], "texture": "#1"},
				"south": {"uv": [6, 0.75, 6.75, 1], "texture": "#1"},
				"west": {"uv": [4.5, 4.25, 6, 4.5], "texture": "#1"},
				"up": {"uv": [2, 3, 1.25, 1.5], "texture": "#1"},
				"down": {"uv": [2.75, 1.5, 2, 3], "texture": "#1"}
			}
		},
		{
			"from": [5.5, 4.5, 5],
			"to": [6.5, 5, 11],
			"rotation": {"angle": 0, "axis": "y", "origin": [6, 5, 5]},
			"faces": {
				"north": {"uv": [3.25, 3.5, 3.5, 3.625], "texture": "#1"},
				"east": {"uv": [5, 3.75, 6.5, 3.875], "texture": "#1"},
				"south": {"uv": [5.25, 2.25, 5.5, 2.375], "texture": "#1"},
				"west": {"uv": [5, 4, 6.5, 4.125], "texture": "#1"},
				"up": {"uv": [3.25, 5.75, 3, 4.25], "texture": "#1"},
				"down": {"uv": [3.5, 4.25, 3.25, 5.75], "texture": "#1"}
			}
		},
		{
			"from": [10, 4.25, 5],
			"to": [10.5, 4.5, 11],
			"rotation": {"angle": 0, "axis": "y", "origin": [10, 5, 5]},
			"faces": {
				"north": {"uv": [6.5, 8.25, 6.625, 8.375], "texture": "#1"},
				"east": {"uv": [6, 1.25, 7.5, 1.375], "texture": "#1"},
				"south": {"uv": [6.75, 8.25, 6.875, 8.375], "texture": "#1"},
				"west": {"uv": [6, 1.5, 7.5, 1.625], "texture": "#1"},
				"up": {"uv": [1.375, 7.5, 1.25, 6], "texture": "#1"},
				"down": {"uv": [1.625, 6, 1.5, 7.5], "texture": "#1"}
			}
		},
		{
			"from": [5.5, 4.25, 5],
			"to": [6, 4.5, 11],
			"rotation": {"angle": 0, "axis": "y", "origin": [5, 5, 5]},
			"faces": {
				"north": {"uv": [8.25, 7, 8.375, 7.125], "texture": "#1"},
				"east": {"uv": [6, 1.75, 7.5, 1.875], "texture": "#1"},
				"south": {"uv": [8.25, 7.25, 8.375, 7.375], "texture": "#1"},
				"west": {"uv": [2, 6, 3.5, 6.125], "texture": "#1"},
				"up": {"uv": [3.625, 7.5, 3.5, 6], "texture": "#1"},
				"down": {"uv": [3.875, 6, 3.75, 7.5], "texture": "#1"}
			}
		},
		{
			"from": [10.25, 4, 5],
			"to": [10.5, 4.25, 11],
			"rotation": {"angle": 0, "axis": "y", "origin": [10, 5, 5]},
			"faces": {
				"north": {"uv": [7.5, 8.25, 7.625, 8.375], "texture": "#1"},
				"east": {"uv": [6, 2, 7.5, 2.125], "texture": "#1"},
				"south": {"uv": [8.25, 7.5, 8.375, 7.625], "texture": "#1"},
				"west": {"uv": [6, 2.25, 7.5, 2.375], "texture": "#1"},
				"up": {"uv": [4.625, 7.5, 4.5, 6], "texture": "#1"},
				"down": {"uv": [4.875, 6, 4.75, 7.5], "texture": "#1"}
			}
		},
		{
			"from": [9.5, 3.5, 5],
			"to": [9.75, 3.75, 11],
			"rotation": {"angle": 0, "axis": "y", "origin": [10, 5, 5]},
			"faces": {
				"north": {"uv": [8.25, 7.75, 8.375, 7.875], "texture": "#1"},
				"east": {"uv": [6, 2.5, 7.5, 2.625], "texture": "#1"},
				"south": {"uv": [8, 8.25, 8.125, 8.375], "texture": "#1"},
				"west": {"uv": [6, 4.25, 7.5, 4.375], "texture": "#1"},
				"up": {"uv": [5.125, 7.5, 5, 6], "texture": "#1"},
				"down": {"uv": [5.375, 6, 5.25, 7.5], "texture": "#1"}
			}
		},
		{
			"from": [7.875, 3, 5],
			"to": [8.125, 3.25, 11],
			"rotation": {"angle": 0, "axis": "y", "origin": [10, 5, 5]},
			"faces": {
				"north": {"uv": [8.25, 8, 8.375, 8.125], "texture": "#1"},
				"east": {"uv": [5.5, 6, 7, 6.125], "texture": "#1"},
				"south": {"uv": [8.25, 8.25, 8.375, 8.375], "texture": "#1"},
				"west": {"uv": [2, 6.25, 3.5, 6.375], "texture": "#1"},
				"up": {"uv": [0.125, 7.75, 0, 6.25], "texture": "#1"},
				"down": {"uv": [5.625, 6.25, 5.5, 7.75], "texture": "#1"}
			}
		},
		{
			"from": [5.5, 4, 5],
			"to": [5.75, 4.25, 11],
			"rotation": {"angle": 0, "axis": "y", "origin": [5, 5, 5]},
			"faces": {
				"north": {"uv": [0, 8.5, 0.125, 8.625], "texture": "#1"},
				"east": {"uv": [6.25, 3.5, 7.75, 3.625], "texture": "#1"},
				"south": {"uv": [8.5, 0.5, 8.625, 0.625], "texture": "#1"},
				"west": {"uv": [5.75, 6.25, 7.25, 6.375], "texture": "#1"},
				"up": {"uv": [2.125, 8, 2, 6.5], "texture": "#1"},
				"down": {"uv": [2.375, 6.5, 2.25, 8], "texture": "#1"}
			}
		},
		{
			"from": [6.25, 3.5, 5],
			"to": [6.5, 3.75, 11],
			"rotation": {"angle": 0, "axis": "y", "origin": [5, 5, 5]},
			"faces": {
				"north": {"uv": [8.5, 0.75, 8.625, 0.875], "texture": "#1"},
				"east": {"uv": [6.25, 5.75, 7.75, 5.875], "texture": "#1"},
				"south": {"uv": [8.5, 1, 8.625, 1.125], "texture": "#1"},
				"west": {"uv": [6.5, 1, 8, 1.125], "texture": "#1"},
				"up": {"uv": [2.625, 8, 2.5, 6.5], "texture": "#1"},
				"down": {"uv": [2.875, 6.5, 2.75, 8], "texture": "#1"}
			}
		},
		{
			"from": [9.5, 4.5, 5],
			"to": [10.5, 5, 11],
			"rotation": {"angle": 0, "axis": "y", "origin": [10, 5, 5]},
			"faces": {
				"north": {"uv": [6.5, 8, 6.75, 8.125], "texture": "#1"},
				"east": {"uv": [6.5, 3.75, 8, 3.875], "texture": "#1"},
				"south": {"uv": [6.75, 8, 7, 8.125], "texture": "#1"},
				"west": {"uv": [6.5, 4, 8, 4.125], "texture": "#1"},
				"up": {"uv": [4.75, 6, 4.5, 4.5], "texture": "#1"},
				"down": {"uv": [0.25, 4.75, 0, 6.25], "texture": "#1"}
			}
		},
		{
			"from": [8.25, 3.5, 5],
			"to": [9.5, 4, 11],
			"rotation": {"angle": 0, "axis": "y", "origin": [9, 4, 5]},
			"faces": {
				"north": {"uv": [7.5, 2.5, 7.875, 2.625], "texture": "#1"},
				"east": {"uv": [5.75, 6.5, 7.25, 6.625], "texture": "#1"},
				"south": {"uv": [7.5, 4.25, 7.875, 4.375], "texture": "#1"},
				"west": {"uv": [6.75, 0.5, 8.25, 0.625], "texture": "#1"},
				"up": {"uv": [4.625, 1.5, 4.25, 0], "texture": "#1"},
				"down": {"uv": [1.375, 4.25, 1, 5.75], "texture": "#1"}
			}
		},
		{
			"from": [6.5, 3.5, 5],
			"to": [7.75, 4, 11],
			"rotation": {"angle": 0, "axis": "y", "origin": [7, 4, 5]},
			"faces": {
				"north": {"uv": [7.75, 3.5, 8.125, 3.625], "texture": "#1"},
				"east": {"uv": [6.75, 0.75, 8.25, 0.875], "texture": "#1"},
				"south": {"uv": [7.75, 5.75, 8.125, 5.875], "texture": "#1"},
				"west": {"uv": [5.75, 6.75, 7.25, 6.875], "texture": "#1"},
				"up": {"uv": [1.875, 5.75, 1.5, 4.25], "texture": "#1"},
				"down": {"uv": [2.875, 4.25, 2.5, 5.75], "texture": "#1"}
			}
		},
		{
			"from": [10.5, 2, 5],
			"to": [11, 5, 11],
			"rotation": {"angle": 0, "axis": "y", "origin": [10, 2, 5]},
			"faces": {
				"north": {"uv": [2, 8, 2.125, 8.75], "texture": "#1"},
				"east": {"uv": [2.75, 0, 4.25, 0.75], "texture": "#1"},
				"south": {"uv": [8, 2, 8.125, 2.75], "texture": "#1"},
				"west": {"uv": [2.75, 0.75, 4.25, 1.5], "texture": "#1"},
				"up": {"uv": [3.125, 8, 3, 6.5], "texture": "#1"},
				"down": {"uv": [3.375, 6.5, 3.25, 8], "texture": "#1"}
			}
		},
		{
			"from": [5.75, 4, 5.5],
			"to": [6.5, 4.5, 10.5],
			"rotation": {"angle": 0, "axis": "y", "origin": [6, 4, 5]},
			"faces": {
				"north": {"uv": [8, 7.25, 8.25, 7.375], "texture": "#1"},
				"east": {"uv": [5.75, 7, 7, 7.125], "texture": "#1"},
				"south": {"uv": [8, 7.5, 8.25, 7.625], "texture": "#1"},
				"west": {"uv": [7, 6, 8.25, 6.125], "texture": "#1"},
				"up": {"uv": [0.5, 6, 0.25, 4.75], "texture": "#1"},
				"down": {"uv": [0.75, 4.75, 0.5, 6], "texture": "#1"}
			}
		},
		{
			"from": [9.5, 4, 5.5],
			"to": [10.25, 4.5, 10.5],
			"rotation": {"angle": 0, "axis": "y", "origin": [9, 4, 5]},
			"faces": {
				"north": {"uv": [8, 7.75, 8.25, 7.875], "texture": "#1"},
				"east": {"uv": [7, 7, 8.25, 7.125], "texture": "#1"},
				"south": {"uv": [8, 8, 8.25, 8.125], "texture": "#1"},
				"west": {"uv": [7.25, 2.75, 8.5, 2.875], "texture": "#1"},
				"up": {"uv": [1, 6, 0.75, 4.75], "texture": "#1"},
				"down": {"uv": [5, 4.5, 4.75, 5.75], "texture": "#1"}
			}
		},
		{
			"from": [5.5, 3.5, 5.5],
			"to": [6.5, 4, 10.5],
			"rotation": {"angle": 0, "axis": "y", "origin": [6, 4, 5]},
			"faces": {
				"north": {"uv": [0, 8.25, 0.25, 8.375], "texture": "#1"},
				"east": {"uv": [7.25, 3, 8.5, 3.125], "texture": "#1"},
				"south": {"uv": [8.25, 0.5, 8.5, 0.625], "texture": "#1"},
				"west": {"uv": [7.25, 3.25, 8.5, 3.375], "texture": "#1"},
				"up": {"uv": [5.25, 5.75, 5, 4.5], "texture": "#1"},
				"down": {"uv": [5.5, 1, 5.25, 2.25], "texture": "#1"}
			}
		},
		{
			"from": [9.5, 3.5, 5.5],
			"to": [10.5, 4, 10.5],
			"rotation": {"angle": 0, "axis": "y", "origin": [11, 4, 5]},
			"faces": {
				"north": {"uv": [8.25, 0.75, 8.5, 0.875], "texture": "#1"},
				"east": {"uv": [7.25, 4.5, 8.5, 4.625], "texture": "#1"},
				"south": {"uv": [8.25, 1, 8.5, 1.125], "texture": "#1"},
				"west": {"uv": [7.25, 4.75, 8.5, 4.875], "texture": "#1"},
				"up": {"uv": [5.5, 5.75, 5.25, 4.5], "texture": "#1"},
				"down": {"uv": [5.75, 1, 5.5, 2.25], "texture": "#1"}
			}
		},
		{
			"from": [7.75, 3.5, 5.5],
			"to": [8.25, 4, 10.5],
			"rotation": {"angle": 0, "axis": "y", "origin": [8, 4, 5]},
			"faces": {
				"north": {"uv": [1.75, 8.5, 1.875, 8.625], "texture": "#1"},
				"east": {"uv": [7.25, 5, 8.5, 5.125], "texture": "#1"},
				"south": {"uv": [8.5, 2, 8.625, 2.125], "texture": "#1"},
				"west": {"uv": [7.25, 5.25, 8.5, 5.375], "texture": "#1"},
				"up": {"uv": [1.875, 8.5, 1.75, 7.25], "texture": "#1"},
				"down": {"uv": [4.125, 7.25, 4, 8.5], "texture": "#1"}
			}
		},
		{
			"from": [7.25, 2, 5.5],
			"to": [7.75, 2.5, 10.5],
			"rotation": {"angle": 0, "axis": "y", "origin": [8, 2, 5]},
			"faces": {
				"north": {"uv": [2.25, 8.5, 2.375, 8.625], "texture": "#1"},
				"east": {"uv": [7.25, 5.5, 8.5, 5.625], "texture": "#1"},
				"south": {"uv": [8.5, 2.25, 8.625, 2.375], "texture": "#1"},
				"west": {"uv": [5.75, 7.25, 7, 7.375], "texture": "#1"},
				"up": {"uv": [4.375, 8.5, 4.25, 7.25], "texture": "#1"},
				"down": {"uv": [7.125, 7.25, 7, 8.5], "texture": "#1"}
			}
		},
		{
			"from": [8.25, 2, 5.5],
			"to": [8.75, 2.5, 10.5],
			"rotation": {"angle": 0, "axis": "y", "origin": [9, 2, 5]},
			"faces": {
				"north": {"uv": [2.5, 8.5, 2.625, 8.625], "texture": "#1"},
				"east": {"uv": [7.25, 6.25, 8.5, 6.375], "texture": "#1"},
				"south": {"uv": [8.5, 2.5, 8.625, 2.625], "texture": "#1"},
				"west": {"uv": [7.25, 6.5, 8.5, 6.625], "texture": "#1"},
				"up": {"uv": [7.375, 8.5, 7.25, 7.25], "texture": "#1"},
				"down": {"uv": [0.375, 7.5, 0.25, 8.75], "texture": "#1"}
			}
		},
		{
			"from": [9.25, 2, 5.5],
			"to": [9.75, 2.5, 10.5],
			"rotation": {"angle": 0, "axis": "y", "origin": [10, 2, 5]},
			"faces": {
				"north": {"uv": [2.75, 8.5, 2.875, 8.625], "texture": "#1"},
				"east": {"uv": [7.25, 6.75, 8.5, 6.875], "texture": "#1"},
				"south": {"uv": [8.5, 2.75, 8.625, 2.875], "texture": "#1"},
				"west": {"uv": [7.5, 0, 8.75, 0.125], "texture": "#1"},
				"up": {"uv": [0.625, 8.75, 0.5, 7.5], "texture": "#1"},
				"down": {"uv": [0.875, 7.5, 0.75, 8.75], "texture": "#1"}
			}
		},
		{
			"from": [6.25, 2, 5.5],
			"to": [6.75, 2.5, 10.5],
			"rotation": {"angle": 0, "axis": "y", "origin": [7, 2, 5]},
			"faces": {
				"north": {"uv": [3, 8.5, 3.125, 8.625], "texture": "#1"},
				"east": {"uv": [7.5, 0.25, 8.75, 0.375], "texture": "#1"},
				"south": {"uv": [8.5, 3, 8.625, 3.125], "texture": "#1"},
				"west": {"uv": [7.5, 1.25, 8.75, 1.375], "texture": "#1"},
				"up": {"uv": [1.125, 8.75, 1, 7.5], "texture": "#1"},
				"down": {"uv": [1.375, 7.5, 1.25, 8.75], "texture": "#1"}
			}
		},
		{
			"from": [7.5, 3, 5.5],
			"to": [8.5, 3.5, 10.5],
			"rotation": {"angle": 0, "axis": "y", "origin": [9, 4, 5]},
			"faces": {
				"north": {"uv": [8.25, 2, 8.5, 2.125], "texture": "#1"},
				"east": {"uv": [7.5, 1.5, 8.75, 1.625], "texture": "#1"},
				"south": {"uv": [8.25, 2.25, 8.5, 2.375], "texture": "#1"},
				"west": {"uv": [7.5, 1.75, 8.75, 1.875], "texture": "#1"},
				"up": {"uv": [5.75, 3.5, 5.5, 2.25], "texture": "#1"},
				"down": {"uv": [5.75, 4.5, 5.5, 5.75], "texture": "#1"}
			}
		}
	],
	"display": {
		"thirdperson_righthand": {
			"rotation": [51, 20, -12],
			"translation": [1, 4, 1.5],
			"scale": [0.8, 0.8, 0.8]
		},
		"thirdperson_lefthand": {
			"rotation": [51, 20, -12],
			"translation": [1, 4, 1.5],
			"scale": [0.8, 0.8, 0.8]
		},
		"firstperson_righthand": {
			"translation": [-1, 7, -1]
		},
		"firstperson_lefthand": {
			"translation": [-1, 7, -1]
		},
		"ground": {
			"translation": [0, 3, 0]
		},
		"gui": {
			"translation": [0, 6.25, 0],
			"scale": [1.5, 1.5, 1.5]
		},
		"head": {
			"translation": [0, 14.5, 0]
		},
		"fixed": {
			"rotation": [-90, 0, 0],
			"translation": [0, 0, -11.5],
			"scale": [1.5, 1.5, 1.5]
		},
		"on_shelf": {
			"scale": [1.5, 1.5, 1.5]
		}
	},
	"groups": [
		{
			"name": "base",
			"origin": [0, 0, 0],
			"color": 0,
			"children": [0, 1, 2, 3, 4, 5, 6, 7, 8, 9, 10]
		},
		{
			"name": "top",
			"origin": [6, -1, 7],
			"color": 2,
			"children": [11, 12, 13, 14, 15, 16, 17, 18, 19, 20, 21, 22, 23, 24, 25, 26, 27, 28, 29, 30, 31, 32, 33, 34, 35, 36, 37, 38, 39, 40, 41, 42, 43, 44, 45, 46, 47, 48]
		}
	]
}