{
	"format_version": "1.21.6",
	"credit": "Made with Blockbench",
	"texture_size": [32, 32],
	"textures": {
		"0": "custom:item/pixels/gemstone",
		"particle": "custom:item/pixels/gemstone"
	},
	"elements": [
		{
			"from": [4, 2, 7.5],
			"to": [12, 10, 8.5],
			"rotation": {"angle": 0, "axis": "y", "origin": [0, 0, 8]},
			"faces": {
				"north": {"uv": [0, 0, 4, 4], "texture": "#0"},
				"east": {"uv": [4, 0, 4.5, 4], "texture": "#0"},
				"south": {"uv": [0, 4, 4, 8], "texture": "#0"},
				"west": {"uv": [4, 4, 4.5, 8], "texture": "#0"},
				"up": {"uv": [8.5, 0.5, 4.5, 0], "texture": "#0"},
				"down": {"uv": [8.5, 0.5, 4.5, 1], "texture": "#0"}
			}
		},
		{
			"from": [5, 1, 7.5],
			"to": [11, 2, 8.5],
			"rotation": {"angle": 0, "axis": "y", "origin": [0, 0, 8]},
			"faces": {
				"north": {"uv": [5.5, 1, 8.5, 1.5], "texture": "#0"},
				"east": {"uv": [4, 8, 4.5, 8.5], "texture": "#0"},
				"south": {"uv": [5.5, 1.5, 8.5, 2], "texture": "#0"},
				"west": {"uv": [5, 8, 5.5, 8.5], "texture": "#0"},
				"up": {"uv": [8.5, 2.5, 5.5, 2], "texture": "#0"},
				"down": {"uv": [8.5, 2.5, 5.5, 3], "texture": "#0"}
			}
		},
		{
			"from": [5, 10, 7.5],
			"to": [11, 11, 8.5],
			"rotation": {"angle": 0, "axis": "y", "origin": [0, 9, 8]},
			"faces": {
				"north": {"uv": [5.5, 3, 8.5, 3.5], "texture": "#0"},
				"east": {"uv": [5.5, 8, 6, 8.5], "texture": "#0"},
				"south": {"uv": [5.5, 3.5, 8.5, 4], "texture": "#0"},
				"west": {"uv": [6, 8, 6.5, 8.5], "texture": "#0"},
				"up": {"uv": [8.5, 4.5, 5.5, 4], "texture": "#0"},
				"down": {"uv": [8.5, 4.5, 5.5, 5], "texture": "#0"}
			}
		},
		{
			"from": [6, 0, 7.5],
			"to": [10, 1, 8.5],
			"rotation": {"angle": 0, "axis": "y", "origin": [0, 0, 8]},
			"faces": {
				"north": {"uv": [7, 5, 9, 5.5], "texture": "#0"},
				"east": {"uv": [6.5, 8, 7, 8.5], "texture": "#0"},
				"south": {"uv": [7, 5.5, 9, 6], "texture": "#0"},
				"west": {"uv": [7, 8, 7.5, 8.5], "texture": "#0"},
				"up": {"uv": [9, 6.5, 7, 6], "texture": "#0"},
				"down": {"uv": [9, 6.5, 7, 7], "texture": "#0"}
			}
		},
		{
			"from": [6, 11, 7.5],
			"to": [10, 12, 8.5],
			"rotation": {"angle": 0, "axis": "y", "origin": [0, 11, 8]},
			"faces": {
				"north": {"uv": [7, 7, 9, 7.5], "texture": "#0"},
				"east": {"uv": [7.5, 8, 8, 8.5], "texture": "#0"},
				"south": {"uv": [7, 7.5, 9, 8], "texture": "#0"},
				"west": {"uv": [8, 8, 8.5, 8.5], "texture": "#0"},
				"up": {"uv": [2, 8.5, 0, 8], "texture": "#0"},
				"down": {"uv": [4, 8, 2, 8.5], "texture": "#0"}
			}
		},
		{
			"from": [3, 3, 7.5],
			"to": [4, 9, 8.5],
			"rotation": {"angle": 0, "axis": "y", "origin": [-2, 2, 8]},
			"faces": {
				"north": {"uv": [5.5, 5, 6, 8], "texture": "#0"},
				"east": {"uv": [6, 5, 6.5, 8], "texture": "#0"},
				"south": {"uv": [6.5, 5, 7, 8], "texture": "#0"},
				"west": {"uv": [4.5, 7, 5, 10], "texture": "#0"},
				"up": {"uv": [0.5, 9, 0, 8.5], "texture": "#0"},
				"down": {"uv": [9, 0, 8.5, 0.5], "texture": "#0"}
			}
		},
		{
			"from": [12, 3, 7.5],
			"to": [13, 9, 8.5],
			"rotation": {"angle": 0, "axis": "y", "origin": [7, 2, 8]},
			"faces": {
				"north": {"uv": [4.5, 1, 5, 4], "texture": "#0"},
				"east": {"uv": [4.5, 4, 5, 7], "texture": "#0"},
				"south": {"uv": [5, 1, 5.5, 4], "texture": "#0"},
				"west": {"uv": [5, 4, 5.5, 7], "texture": "#0"},
				"up": {"uv": [5.5, 7.5, 5, 7], "texture": "#0"},
				"down": {"uv": [5.5, 7.5, 5, 8], "texture": "#0"}
			}
		}
	],
	"gui_light": "front",
	"display": {
		"thirdperson_righthand": {
			"rotation": [8, 0, 0],
			"translation": [0, 4.25, 1],
			"scale": [0.5, 0.5, 0.5]
		},
		"thirdperson_lefthand": {
			"rotation": [8, 0, 0],
			"translation": [0, 4.25, 1],
			"scale": [0.5, 0.5, 0.5]
		},
		"firstperson_righthand": {
			"rotation": [-32, -60, -1],
			"translation": [3.25, 3.5, -1],
			"scale": [0.72, 0.72, 0.72]
		},
		"firstperson_lefthand": {
			"rotation": [-32, -60, -1],
			"translation": [3.25, 3.5, -1],
			"scale": [0.72, 0.72, 0.72]
		},
		"ground": {
			"scale": [0.5, 0.5, 0.5]
		},
		"gui": {
			"translation": [0, 1.25, 0],
			"scale": [0.75, 0.75, 0.75]
		},
		"head": {
			"translation": [0, 10.25, 0],
			"scale": [0.5, 0.5, 0.5]
		},
		"fixed": {
			"translation": [0, 1.25, -0.25],
			"scale": [0.75, 0.75, 0.75]
		},
		"on_shelf": {
			"translation": [0, 0.5, 0],
			"scale": [0.75, 0.75, 0.75]
		}
	}
}