{
	"format_version": "1.21.6",
	"credit": "Made with Blockbench",
	"texture_size": [32, 32],
	"textures": {
		"0": "custom:item/pixels/hotcoco1",
		"particle": "custom:item/pixels/hotcoco1"
	},
	"elements": [
		{
			"from": [6, 0, 6],
			"to": [10, 1, 10],
			"rotation": {"angle": 0, "axis": "y", "origin": [6, -1, 6]},
			"faces": {
				"north": {"uv": [9, 1, 11, 1.5], "texture": "#0"},
				"east": {"uv": [9, 1.5, 11, 2], "texture": "#0"},
				"south": {"uv": [2, 9, 4, 9.5], "texture": "#0"},
				"west": {"uv": [9, 2, 11, 2.5], "texture": "#0"},
				"up": {"uv": [2, 8.5, 0, 6.5], "texture": "#0"},
				"down": {"uv": [4, 6.5, 2, 8.5], "texture": "#0"}
			}
		},
		{
			"from": [6, 1, 5],
			"to": [10, 4, 11],
			"rotation": {"angle": 0, "axis": "y", "origin": [6, 0, 5]},
			"faces": {
				"north": {"uv": [4, 6.5, 6, 8], "texture": "#0"},
				"east": {"uv": [4, 0, 7, 1.5], "texture": "#0"},
				"south": {"uv": [7, 0, 9, 1.5], "texture": "#0"},
				"west": {"uv": [4, 1.5, 7, 3], "texture": "#0"},
				"up": {"uv": [2, 3, 0, 0], "texture": "#0"},
				"down": {"uv": [4, 0, 2, 3], "texture": "#0"}
			}
		},
		{
			"from": [6, 4, 5],
			"to": [10, 6, 6],
			"rotation": {"angle": 0, "axis": "y", "origin": [6, 0, 5]},
			"faces": {
				"north": {"uv": [8, 3, 10, 4], "texture": "#0"},
				"east": {"uv": [10, 4, 10.5, 5], "texture": "#0"},
				"south": {"uv": [4, 8, 6, 9], "texture": "#0"},
				"west": {"uv": [10, 5, 10.5, 6], "texture": "#0"},
				"up": {"uv": [11, 3, 9, 2.5], "texture": "#0"},
				"down": {"uv": [6, 9, 4, 9.5], "texture": "#0"}
			}
		},
		{
			"from": [6, 4, 10],
			"to": [10, 6, 11],
			"rotation": {"angle": 0, "axis": "y", "origin": [6, 0, 10]},
			"faces": {
				"north": {"uv": [8, 4, 10, 5], "texture": "#0"},
				"east": {"uv": [10, 6, 10.5, 7], "texture": "#0"},
				"south": {"uv": [8, 5, 10, 6], "texture": "#0"},
				"west": {"uv": [10, 7, 10.5, 8], "texture": "#0"},
				"up": {"uv": [8, 9.5, 6, 9], "texture": "#0"},
				"down": {"uv": [10, 9, 8, 9.5], "texture": "#0"}
			}
		},
		{
			"from": [5, 1, 6],
			"to": [11, 4, 10],
			"rotation": {"angle": 0, "axis": "y", "origin": [5, 0, 6]},
			"faces": {
				"north": {"uv": [0, 5, 3, 6.5], "texture": "#0"},
				"east": {"uv": [7, 1.5, 9, 3], "texture": "#0"},
				"south": {"uv": [3, 5, 6, 6.5], "texture": "#0"},
				"west": {"uv": [6, 7, 8, 8.5], "texture": "#0"},
				"up": {"uv": [3, 5, 0, 3], "texture": "#0"},
				"down": {"uv": [6, 3, 3, 5], "texture": "#0"}
			}
		},
		{
			"from": [5, 4, 6],
			"to": [6, 6, 10],
			"rotation": {"angle": 0, "axis": "y", "origin": [5, 0, 6]},
			"faces": {
				"north": {"uv": [8, 10, 8.5, 11], "texture": "#0"},
				"east": {"uv": [8, 6, 10, 7], "texture": "#0"},
				"south": {"uv": [10, 8, 10.5, 9], "texture": "#0"},
				"west": {"uv": [8, 7, 10, 8], "texture": "#0"},
				"up": {"uv": [0.5, 11.5, 0, 9.5], "texture": "#0"},
				"down": {"uv": [1, 9.5, 0.5, 11.5], "texture": "#0"}
			}
		},
		{
			"from": [10, 4, 6],
			"to": [11, 6, 10],
			"rotation": {"angle": 0, "axis": "y", "origin": [10, 0, 6]},
			"faces": {
				"north": {"uv": [8.5, 10, 9, 11], "texture": "#0"},
				"east": {"uv": [8, 8, 10, 9], "texture": "#0"},
				"south": {"uv": [9, 10, 9.5, 11], "texture": "#0"},
				"west": {"uv": [0, 8.5, 2, 9.5], "texture": "#0"},
				"up": {"uv": [1.5, 11.5, 1, 9.5], "texture": "#0"},
				"down": {"uv": [2, 9.5, 1.5, 11.5], "texture": "#0"}
			}
		},
		{
			"from": [12, 2, 7.5],
			"to": [13, 5, 8.5],
			"rotation": {"angle": 0, "axis": "y", "origin": [5, 2, 8]},
			"faces": {
				"north": {"uv": [4, 9.5, 4.5, 11], "texture": "#0"},
				"east": {"uv": [4.5, 9.5, 5, 11], "texture": "#0"},
				"south": {"uv": [5, 9.5, 5.5, 11], "texture": "#0"},
				"west": {"uv": [5.5, 9.5, 6, 11], "texture": "#0"},
				"up": {"uv": [12, 0.5, 11.5, 0], "texture": "#0"},
				"down": {"uv": [1, 11.5, 0.5, 12], "texture": "#0"}
			}
		},
		{
			"from": [11, 2, 7.5],
			"to": [12, 3, 8.5],
			"rotation": {"angle": 0, "axis": "y", "origin": [4, 2, 8]},
			"faces": {
				"north": {"uv": [11.5, 0.5, 12, 1], "texture": "#0"},
				"east": {"uv": [1, 11.5, 1.5, 12], "texture": "#0"},
				"south": {"uv": [11.5, 1, 12, 1.5], "texture": "#0"},
				"west": {"uv": [1.5, 11.5, 2, 12], "texture": "#0"},
				"up": {"uv": [12, 2, 11.5, 1.5], "texture": "#0"},
				"down": {"uv": [2.5, 11.5, 2, 12], "texture": "#0"}
			}
		},
		{
			"from": [11, 4, 7.5],
			"to": [12, 5, 8.5],
			"rotation": {"angle": 0, "axis": "y", "origin": [4, 4, 8]},
			"faces": {
				"north": {"uv": [11.5, 2, 12, 2.5], "texture": "#0"},
				"east": {"uv": [2.5, 11.5, 3, 12], "texture": "#0"},
				"south": {"uv": [11.5, 2.5, 12, 3], "texture": "#0"},
				"west": {"uv": [3, 11.5, 3.5, 12], "texture": "#0"},
				"up": {"uv": [12, 3.5, 11.5, 3], "texture": "#0"},
				"down": {"uv": [4, 11.5, 3.5, 12], "texture": "#0"}
			}
		},
		{
			"from": [6, 4.5, 6],
			"to": [10, 5.5, 10],
			"rotation": {"angle": 0, "axis": "y", "origin": [6, 4, 6]},
			"faces": {
				"north": {"uv": [2, 8.5, 4, 9], "texture": "#0"},
				"east": {"uv": [6, 8.5, 8, 9], "texture": "#0"},
				"south": {"uv": [9, 0, 11, 0.5], "texture": "#0"},
				"west": {"uv": [9, 0.5, 11, 1], "texture": "#0"},
				"up": {"uv": [8, 5, 6, 3], "texture": "#0"},
				"down": {"uv": [8, 5, 6, 7], "texture": "#0"}
			}
		},
		{
			"from": [6.5, 5, 6.5],
			"to": [7.5, 6, 7.5],
			"rotation": {"angle": 45, "axis": "y", "origin": [7, 5, 7]},
			"faces": {
				"north": {"uv": [7, 11, 7.5, 11.5], "texture": "#0"},
				"east": {"uv": [11, 7, 11.5, 7.5], "texture": "#0"},
				"south": {"uv": [7.5, 11, 8, 11.5], "texture": "#0"},
				"west": {"uv": [11, 7.5, 11.5, 8], "texture": "#0"},
				"up": {"uv": [8.5, 11.5, 8, 11], "texture": "#0"},
				"down": {"uv": [11.5, 8, 11, 8.5], "texture": "#0"}
			}
		},
		{
			"from": [8.5, 5, 7.5],
			"to": [9.5, 6, 8.5],
			"rotation": {"angle": -30, "axis": "y", "origin": [9, 5, 8]},
			"faces": {
				"north": {"uv": [8.5, 11, 9, 11.5], "texture": "#0"},
				"east": {"uv": [11, 8.5, 11.5, 9], "texture": "#0"},
				"south": {"uv": [9, 11, 9.5, 11.5], "texture": "#0"},
				"west": {"uv": [11, 9, 11.5, 9.5], "texture": "#0"},
				"up": {"uv": [10, 11.5, 9.5, 11], "texture": "#0"},
				"down": {"uv": [11.5, 9.5, 11, 10], "texture": "#0"}
			}
		},
		{
			"from": [7, 5, 8.75],
			"to": [8, 6, 9.75],
			"rotation": {"angle": 22.5, "axis": "y", "origin": [7.5, 5, 9.25]},
			"faces": {
				"north": {"uv": [10, 11, 10.5, 11.5], "texture": "#0"},
				"east": {"uv": [11, 10, 11.5, 10.5], "texture": "#0"},
				"south": {"uv": [10.5, 11, 11, 11.5], "texture": "#0"},
				"west": {"uv": [11, 10.5, 11.5, 11], "texture": "#0"},
				"up": {"uv": [11.5, 11.5, 11, 11], "texture": "#0"},
				"down": {"uv": [0.5, 11.5, 0, 12], "texture": "#0"}
			}
		},
		{
			"from": [7, 5, 8],
			"to": [8, 7, 9],
			"rotation": {"angle": 0, "axis": "y", "origin": [7, 5, 9]},
			"faces": {
				"north": {"uv": [6, 9.5, 6.5, 10.5], "texture": "#0"},
				"east": {"uv": [6.5, 9.5, 7, 10.5], "texture": "#0"},
				"south": {"uv": [7, 9.5, 7.5, 10.5], "texture": "#0"},
				"west": {"uv": [7.5, 9.5, 8, 10.5], "texture": "#0"},
				"up": {"uv": [10.5, 9.5, 10, 9], "texture": "#0"},
				"down": {"uv": [10, 10, 9.5, 10.5], "texture": "#0"}
			}
		},
		{
			"from": [6, 7, 8],
			"to": [7, 8, 9],
			"rotation": {"angle": 0, "axis": "y", "origin": [6, 7, 9]},
			"faces": {
				"north": {"uv": [10, 9.5, 10.5, 10], "texture": "#0"},
				"east": {"uv": [10, 10, 10.5, 10.5], "texture": "#0"},
				"south": {"uv": [10.5, 4, 11, 4.5], "texture": "#0"},
				"west": {"uv": [10.5, 4.5, 11, 5], "texture": "#0"},
				"up": {"uv": [11, 5.5, 10.5, 5], "texture": "#0"},
				"down": {"uv": [11, 5.5, 10.5, 6], "texture": "#0"}
			}
		},
		{
			"from": [5, 8, 8],
			"to": [6, 11, 9],
			"rotation": {"angle": 0, "axis": "y", "origin": [5, 8, 9]},
			"faces": {
				"north": {"uv": [2, 9.5, 2.5, 11], "texture": "#0"},
				"east": {"uv": [2.5, 9.5, 3, 11], "texture": "#0"},
				"south": {"uv": [3, 9.5, 3.5, 11], "texture": "#0"},
				"west": {"uv": [3.5, 9.5, 4, 11], "texture": "#0"},
				"up": {"uv": [6.5, 11, 6, 10.5], "texture": "#0"},
				"down": {"uv": [11, 6, 10.5, 6.5], "texture": "#0"}
			}
		},
		{
			"from": [6, 11, 8],
			"to": [8, 12, 9],
			"rotation": {"angle": 0, "axis": "y", "origin": [6, 11, 9]},
			"faces": {
				"north": {"uv": [8, 9.5, 9, 10], "texture": "#0"},
				"east": {"uv": [6.5, 10.5, 7, 11], "texture": "#0"},
				"south": {"uv": [9, 9.5, 10, 10], "texture": "#0"},
				"west": {"uv": [10.5, 6.5, 11, 7], "texture": "#0"},
				"up": {"uv": [11, 3.5, 10, 3], "texture": "#0"},
				"down": {"uv": [11, 3.5, 10, 4], "texture": "#0"}
			}
		},
		{
			"from": [8, 10, 8],
			"to": [9, 11, 9],
			"rotation": {"angle": 0, "axis": "y", "origin": [8, 10, 9]},
			"faces": {
				"north": {"uv": [7, 10.5, 7.5, 11], "texture": "#0"},
				"east": {"uv": [10.5, 7, 11, 7.5], "texture": "#0"},
				"south": {"uv": [7.5, 10.5, 8, 11], "texture": "#0"},
				"west": {"uv": [10.5, 7.5, 11, 8], "texture": "#0"},
				"up": {"uv": [11, 8.5, 10.5, 8], "texture": "#0"},
				"down": {"uv": [11, 8.5, 10.5, 9], "texture": "#0"}
			}
		},
		{
			"from": [7, 9, 8],
			"to": [8, 10, 9],
			"rotation": {"angle": 0, "axis": "y", "origin": [7, 9, 9]},
			"faces": {
				"north": {"uv": [10.5, 9, 11, 9.5], "texture": "#0"},
				"east": {"uv": [9.5, 10.5, 10, 11], "texture": "#0"},
				"south": {"uv": [10.5, 9.5, 11, 10], "texture": "#0"},
				"west": {"uv": [10, 10.5, 10.5, 11], "texture": "#0"},
				"up": {"uv": [11, 10.5, 10.5, 10], "texture": "#0"},
				"down": {"uv": [11, 10.5, 10.5, 11], "texture": "#0"}
			}
		},
		{
			"from": [9, 8, 6.5],
			"to": [10, 9, 7.5],
			"rotation": {"angle": 0, "axis": "y", "origin": [9, 8, 7]},
			"faces": {
				"north": {"uv": [11, 0, 11.5, 0.5], "texture": "#0"},
				"east": {"uv": [11, 0.5, 11.5, 1], "texture": "#0"},
				"south": {"uv": [11, 1, 11.5, 1.5], "texture": "#0"},
				"west": {"uv": [11, 1.5, 11.5, 2], "texture": "#0"},
				"up": {"uv": [2.5, 11.5, 2, 11], "texture": "#0"},
				"down": {"uv": [11.5, 2, 11, 2.5], "texture": "#0"}
			}
		},
		{
			"from": [8, 5, 6.5],
			"to": [9, 6, 7.5],
			"rotation": {"angle": 0, "axis": "y", "origin": [8, 5, 7]},
			"faces": {
				"north": {"uv": [2.5, 11, 3, 11.5], "texture": "#0"},
				"east": {"uv": [11, 2.5, 11.5, 3], "texture": "#0"},
				"south": {"uv": [3, 11, 3.5, 11.5], "texture": "#0"},
				"west": {"uv": [11, 3, 11.5, 3.5], "texture": "#0"},
				"up": {"uv": [4, 11.5, 3.5, 11], "texture": "#0"},
				"down": {"uv": [11.5, 3.5, 11, 4], "texture": "#0"}
			}
		},
		{
			"from": [10, 7, 6.5],
			"to": [11, 8, 7.5],
			"rotation": {"angle": 0, "axis": "y", "origin": [10, 7, 7]},
			"faces": {
				"north": {"uv": [4, 11, 4.5, 11.5], "texture": "#0"},
				"east": {"uv": [11, 4, 11.5, 4.5], "texture": "#0"},
				"south": {"uv": [4.5, 11, 5, 11.5], "texture": "#0"},
				"west": {"uv": [11, 4.5, 11.5, 5], "texture": "#0"},
				"up": {"uv": [5.5, 11.5, 5, 11], "texture": "#0"},
				"down": {"uv": [11.5, 5, 11, 5.5], "texture": "#0"}
			}
		},
		{
			"from": [9, 6, 6.5],
			"to": [10, 7, 7.5],
			"rotation": {"angle": 0, "axis": "y", "origin": [9, 6, 7]},
			"faces": {
				"north": {"uv": [5.5, 11, 6, 11.5], "texture": "#0"},
				"east": {"uv": [11, 5.5, 11.5, 6], "texture": "#0"},
				"south": {"uv": [6, 11, 6.5, 11.5], "texture": "#0"},
				"west": {"uv": [11, 6, 11.5, 6.5], "texture": "#0"},
				"up": {"uv": [7, 11.5, 6.5, 11], "texture": "#0"},
				"down": {"uv": [11.5, 6.5, 11, 7], "texture": "#0"}
			}
		}
	],
	"gui_light": "front",
	"display": {
		"thirdperson_righthand": {
			"rotation": [62, -19, 1],
			"translation": [-4.25, 2.75, 2.5]
		},
		"thirdperson_lefthand": {
			"rotation": [64, 156, 0],
			"translation": [-4, 2.75, 3.25]
		},
		"firstperson_righthand": {
			"rotation": [0, -38, 1],
			"translation": [0, 2.25, -5.25]
		},
		"firstperson_lefthand": {
			"rotation": [0, 136, 3],
			"translation": [0, 3.5, -5.25]
		},
		"ground": {
			"translation": [0, 2.25, 0]
		},
		"gui": {
			"translation": [0, 2, 0]
		},
		"head": {
			"translation": [0, 1.75, 0]
		},
		"fixed": {
			"rotation": [-90, -26, 0],
			"translation": [1, 1, -7.25]
		}
	},
	"groups": [
		{
			"name": "cup",
			"origin": [0, 0, 0],
			"color": 3,
			"children": [0, 1, 2, 3, 4, 5, 6, 7, 8, 9]
		},
		{
			"name": "coco",
			"origin": [0, 0, 0],
			"color": 0,
			"children": [10, 11, 12, 13]
		},
		{
			"name": "steam",
			"origin": [6, 4, 6],
			"color": 9,
			"children": [14, 15, 16, 17, 18, 19, 20, 21, 22, 23]
		}
	]
}