{
	"format_version": "1.21.6",
	"credit": "Made with Blockbench",
	"texture_size": [64, 64],
	"textures": {
		"0": "custom:item/pixels/pixels_hat",
		"particle": "custom:item/pixels/pixels_hat"
	},
	"elements": [
		{
			"from": [2, 0, 4],
			"to": [14, 1, 12],
			"rotation": {"angle": 0, "axis": "y", "origin": [1, 0, 1]},
			"faces": {
				"north": {"uv": [8, 6, 11, 6.25], "texture": "#0"},
				"east": {"uv": [8.5, 0.5, 10.5, 0.75], "texture": "#0"},
				"south": {"uv": [8, 6.25, 11, 6.5], "texture": "#0"},
				"west": {"uv": [8.5, 0.75, 10.5, 1], "texture": "#0"},
				"up": {"uv": [5.5, 2, 2.5, 0], "texture": "#0"},
				"down": {"uv": [5.5, 2, 2.5, 4], "texture": "#0"}
			}
		},
		{
			"from": [4, 0, 2],
			"to": [12, 1, 14],
			"rotation": {"angle": 0, "axis": "y", "origin": [9, 0, 1]},
			"faces": {
				"north": {"uv": [8.5, 1, 10.5, 1.25], "texture": "#0"},
				"east": {"uv": [8, 6.5, 11, 6.75], "texture": "#0"},
				"south": {"uv": [8.5, 1.25, 10.5, 1.5], "texture": "#0"},
				"west": {"uv": [8, 6.75, 11, 7], "texture": "#0"},
				"up": {"uv": [4.5, 7, 2.5, 4], "texture": "#0"},
				"down": {"uv": [6.5, 4, 4.5, 7], "texture": "#0"}
			}
		},
		{
			"from": [3, 0, 3],
			"to": [13, 1, 13],
			"rotation": {"angle": 0, "axis": "y", "origin": [2, 0, 2]},
			"faces": {
				"north": {"uv": [8, 7, 10.5, 7.25], "texture": "#0"},
				"east": {"uv": [8, 7.25, 10.5, 7.5], "texture": "#0"},
				"south": {"uv": [8.5, 0, 11, 0.25], "texture": "#0"},
				"west": {"uv": [8.5, 0.25, 11, 0.5], "texture": "#0"},
				"up": {"uv": [2.5, 2.5, 0, 0], "texture": "#0"},
				"down": {"uv": [2.5, 2.5, 0, 5], "texture": "#0"}
			}
		},
		{
			"from": [5, 1, 5],
			"to": [11, 7, 11],
			"rotation": {"angle": 0, "axis": "y", "origin": [5, 1, 7]},
			"faces": {
				"north": {"uv": [6.5, 3, 8, 4.5], "texture": "#0"},
				"east": {"uv": [6.5, 4.5, 8, 6], "texture": "#0"},
				"south": {"uv": [6.5, 6, 8, 7.5], "texture": "#0"},
				"west": {"uv": [2, 7, 3.5, 8.5], "texture": "#0"},
				"up": {"uv": [5, 8.5, 3.5, 7], "texture": "#0"},
				"down": {"uv": [6.5, 7, 5, 8.5], "texture": "#0"}
			}
		},
		{
			"from": [6, 1, 4],
			"to": [10, 7, 12],
			"rotation": {"angle": 0, "axis": "y", "origin": [8, 1, 3]},
			"faces": {
				"north": {"uv": [0, 8, 1, 9.5], "texture": "#0"},
				"east": {"uv": [0, 5, 2, 6.5], "texture": "#0"},
				"south": {"uv": [1, 8, 2, 9.5], "texture": "#0"},
				"west": {"uv": [5.5, 0, 7.5, 1.5], "texture": "#0"},
				"up": {"uv": [8.5, 2, 7.5, 0], "texture": "#0"},
				"down": {"uv": [7.5, 7.5, 6.5, 9.5], "texture": "#0"}
			}
		},
		{
			"from": [4, 1, 6],
			"to": [12, 7, 10],
			"rotation": {"angle": 0, "axis": "z", "origin": [11, 1, 6]},
			"faces": {
				"north": {"uv": [5.5, 1.5, 7.5, 3], "texture": "#0"},
				"east": {"uv": [8, 3, 9, 4.5], "texture": "#0"},
				"south": {"uv": [0, 6.5, 2, 8], "texture": "#0"},
				"west": {"uv": [8, 4.5, 9, 6], "texture": "#0"},
				"up": {"uv": [9.5, 3, 7.5, 2], "texture": "#0"},
				"down": {"uv": [9.5, 7.5, 7.5, 8.5], "texture": "#0"}
			}
		}
	],
	"display": {
		"thirdperson_righthand": {
			"rotation": [75, 45, 0],
			"translation": [0, 2.5, 0],
			"scale": [0.375, 0.375, 0.375]
		},
		"thirdperson_lefthand": {
			"rotation": [75, 45, 0],
			"translation": [0, 2.5, 0],
			"scale": [0.375, 0.375, 0.375]
		},
		"firstperson_righthand": {
			"translation": [0, 5.75, 0]
		},
		"firstperson_lefthand": {
			"translation": [0, 5.5, 0]
		},
		"ground": {
			"translation": [0, 2, 0],
			"scale": [0.5, 0.5, 0.5]
		},
		"gui": {
			"rotation": [30, -135, 0],
			"translation": [0, 3.25, 0],
			"scale": [0.83, 0.83, 0.83]
		},
		"head": {
			"rotation": [5, 3, -11],
			"translation": [4.5, 13, -0.75],
			"scale": [0.82, 0.82, 0.82]
		},
		"fixed": {
			"rotation": [-91, 0, 0],
			"translation": [0, 0.25, -8.5]
		}
	},
	"groups": [
		{
			"name": "base",
			"origin": [8, 8, 8],
			"color": 0,
			"children": [0, 1, 2, 3]
		},
		4,
		5
	]
}