{
	"format_version": "1.21.6",
	"credit": "Made with Blockbench",
	"texture_size": [32, 32],
	"textures": {
		"0": "custom:item/pixels/witches_brew",
		"particle": "custom:item/pixels/witches_brew"
	},
	"elements": [
		{
			"from": [6.5, 0, 6.5],
			"to": [9.5, 1, 9.5],
			"rotation": {"angle": 0, "axis": "y", "origin": [7, 0, 7]},
			"faces": {
				"north": {"uv": [7.5, 4, 9, 4.5], "texture": "#0"},
				"east": {"uv": [4.5, 7.5, 6, 8], "texture": "#0"},
				"south": {"uv": [7.5, 4.5, 9, 5], "texture": "#0"},
				"west": {"uv": [7.5, 5, 9, 5.5], "texture": "#0"},
				"up": {"uv": [1.5, 7, 0, 5.5], "texture": "#0"},
				"down": {"uv": [3, 5.5, 1.5, 7], "texture": "#0"}
			}
		},
		{
			"from": [7.5, 1, 7.5],
			"to": [8.5, 3, 8.5],
			"rotation": {"angle": 0, "axis": "y", "origin": [7, 0, 7]},
			"faces": {
				"north": {"uv": [8, 0, 8.5, 1], "texture": "#0"},
				"east": {"uv": [2, 8, 2.5, 9], "texture": "#0"},
				"south": {"uv": [2.5, 8, 3, 9], "texture": "#0"},
				"west": {"uv": [3, 8, 3.5, 9], "texture": "#0"},
				"up": {"uv": [10, 10, 9.5, 9.5], "texture": "#0"},
				"down": {"uv": [10.5, 0.5, 10, 1], "texture": "#0"}
			}
		},
		{
			"from": [6, 3, 6],
			"to": [10, 6, 10],
			"rotation": {"angle": 0, "axis": "y", "origin": [7, 0, 7]},
			"faces": {
				"north": {"uv": [0, 4, 2, 5.5], "texture": "#0"},
				"east": {"uv": [4, 0, 6, 1.5], "texture": "#0"},
				"south": {"uv": [4, 1.5, 6, 3], "texture": "#0"},
				"west": {"uv": [2, 4, 4, 5.5], "texture": "#0"},
				"up": {"uv": [4, 2, 2, 0], "texture": "#0"},
				"down": {"uv": [4, 2, 2, 4], "texture": "#0"}
			}
		},
		{
			"from": [10, 8, 5.5],
			"to": [10.5, 9, 10.5],
			"rotation": {"angle": 0, "axis": "y", "origin": [11, 5, 7]},
			"faces": {
				"north": {"uv": [10, 6.5, 10.25, 7], "texture": "#0"},
				"east": {"uv": [4.5, 7, 7, 7.5], "texture": "#0"},
				"south": {"uv": [7, 10, 7.25, 10.5], "texture": "#0"},
				"west": {"uv": [7, 7, 9.5, 7.5], "texture": "#0"},
				"up": {"uv": [6.25, 10, 6, 7.5], "texture": "#0"},
				"down": {"uv": [6.75, 7.5, 6.5, 10], "texture": "#0"}
			}
		},
		{
			"from": [9.5, 6, 6],
			"to": [10, 8, 10],
			"rotation": {"angle": 0, "axis": "y", "origin": [11, 3, 8]},
			"faces": {
				"north": {"uv": [1, 10, 1.25, 11], "texture": "#0"},
				"east": {"uv": [5.5, 3, 7.5, 4], "texture": "#0"},
				"south": {"uv": [10, 1, 10.25, 2], "texture": "#0"},
				"west": {"uv": [5.5, 4, 7.5, 5], "texture": "#0"},
				"up": {"uv": [3.75, 10, 3.5, 8], "texture": "#0"},
				"down": {"uv": [4.25, 8, 4, 10], "texture": "#0"}
			}
		},
		{
			"from": [6, 6, 6],
			"to": [6.5, 8, 10],
			"rotation": {"angle": 0, "axis": "y", "origin": [7, 3, 8]},
			"faces": {
				"north": {"uv": [1.5, 10, 1.75, 11], "texture": "#0"},
				"east": {"uv": [5.5, 5, 7.5, 6], "texture": "#0"},
				"south": {"uv": [2, 10, 2.25, 11], "texture": "#0"},
				"west": {"uv": [6, 0, 8, 1], "texture": "#0"},
				"up": {"uv": [4.75, 10, 4.5, 8], "texture": "#0"},
				"down": {"uv": [5.25, 8, 5, 10], "texture": "#0"}
			}
		},
		{
			"from": [5.5, 8, 5.5],
			"to": [6, 9, 10.5],
			"rotation": {"angle": 0, "axis": "y", "origin": [7, 5, 7]},
			"faces": {
				"north": {"uv": [10, 7, 10.25, 7.5], "texture": "#0"},
				"east": {"uv": [7.5, 1, 10, 1.5], "texture": "#0"},
				"south": {"uv": [7.5, 10, 7.75, 10.5], "texture": "#0"},
				"west": {"uv": [7.5, 1.5, 10, 2], "texture": "#0"},
				"up": {"uv": [7.25, 10, 7, 7.5], "texture": "#0"},
				"down": {"uv": [7.75, 7.5, 7.5, 10], "texture": "#0"}
			}
		},
		{
			"from": [6, 8, 10],
			"to": [10, 9, 10.5],
			"rotation": {"angle": 0, "axis": "y", "origin": [8, 5, 11]},
			"faces": {
				"north": {"uv": [7.5, 2, 9.5, 2.5], "texture": "#0"},
				"east": {"uv": [10, 7.5, 10.25, 8], "texture": "#0"},
				"south": {"uv": [7.5, 2.5, 9.5, 3], "texture": "#0"},
				"west": {"uv": [8, 10, 8.25, 10.5], "texture": "#0"},
				"up": {"uv": [10, 7.75, 8, 7.5], "texture": "#0"},
				"down": {"uv": [10, 8, 8, 8.25], "texture": "#0"}
			}
		},
		{
			"from": [6, 8, 5.5],
			"to": [10, 9, 6],
			"rotation": {"angle": 0, "axis": "y", "origin": [8, 5, 6]},
			"faces": {
				"north": {"uv": [7.5, 3, 9.5, 3.5], "texture": "#0"},
				"east": {"uv": [10, 8, 10.25, 8.5], "texture": "#0"},
				"south": {"uv": [7.5, 3.5, 9.5, 4], "texture": "#0"},
				"west": {"uv": [8.5, 10, 8.75, 10.5], "texture": "#0"},
				"up": {"uv": [2, 8.75, 0, 8.5], "texture": "#0"},
				"down": {"uv": [10.5, 0, 8.5, 0.25], "texture": "#0"}
			}
		},
		{
			"from": [6.5, 6, 6],
			"to": [9.5, 8, 6.5],
			"rotation": {"angle": 0, "axis": "y", "origin": [8, 3, 7]},
			"faces": {
				"north": {"uv": [6, 6, 7.5, 7], "texture": "#0"},
				"east": {"uv": [10, 2, 10.25, 3], "texture": "#0"},
				"south": {"uv": [0, 7, 1.5, 8], "texture": "#0"},
				"west": {"uv": [2.5, 10, 2.75, 11], "texture": "#0"},
				"up": {"uv": [10, 0.75, 8.5, 0.5], "texture": "#0"},
				"down": {"uv": [9.5, 8.5, 8, 8.75], "texture": "#0"}
			}
		},
		{
			"from": [6.5, 6, 9.5],
			"to": [9.5, 8, 10],
			"rotation": {"angle": 0, "axis": "y", "origin": [8, 3, 11]},
			"faces": {
				"north": {"uv": [1.5, 7, 3, 8], "texture": "#0"},
				"east": {"uv": [10, 3, 10.25, 4], "texture": "#0"},
				"south": {"uv": [3, 7, 4.5, 8], "texture": "#0"},
				"west": {"uv": [3.5, 10, 3.75, 11], "texture": "#0"},
				"up": {"uv": [1.5, 9.25, 0, 9], "texture": "#0"},
				"down": {"uv": [3, 9, 1.5, 9.25], "texture": "#0"}
			}
		},
		{
			"from": [5, 7, 6.5],
			"to": [5.5, 7.5, 9.5],
			"rotation": {"angle": 0, "axis": "y", "origin": [6, 4, 8]},
			"faces": {
				"north": {"uv": [10.5, 9.5, 10.75, 9.75], "texture": "#0"},
				"east": {"uv": [9, 4, 10.5, 4.25], "texture": "#0"},
				"south": {"uv": [10, 10.5, 10.25, 10.75], "texture": "#0"},
				"west": {"uv": [9, 4.5, 10.5, 4.75], "texture": "#0"},
				"up": {"uv": [5.75, 9.5, 5.5, 8], "texture": "#0"},
				"down": {"uv": [3.25, 9, 3, 10.5], "texture": "#0"}
			}
		},
		{
			"from": [10.5, 7, 6.5],
			"to": [11, 7.5, 9.5],
			"rotation": {"angle": 0, "axis": "y", "origin": [11, 4, 8]},
			"faces": {
				"north": {"uv": [10.5, 10, 10.75, 10.25], "texture": "#0"},
				"east": {"uv": [9, 5, 10.5, 5.25], "texture": "#0"},
				"south": {"uv": [10.5, 10.5, 10.75, 10.75], "texture": "#0"},
				"west": {"uv": [8, 9, 9.5, 9.25], "texture": "#0"},
				"up": {"uv": [0.25, 11, 0, 9.5], "texture": "#0"},
				"down": {"uv": [0.75, 9.5, 0.5, 11], "texture": "#0"}
			}
		},
		{
			"from": [5.5, 7, 6.5],
			"to": [6, 7.5, 7],
			"rotation": {"angle": 0, "axis": "y", "origin": [6, 4, 8]},
			"faces": {
				"north": {"uv": [0, 11, 0.25, 11.25], "texture": "#0"},
				"east": {"uv": [11, 0, 11.25, 0.25], "texture": "#0"},
				"south": {"uv": [0.5, 11, 0.75, 11.25], "texture": "#0"},
				"west": {"uv": [11, 0.5, 11.25, 0.75], "texture": "#0"},
				"up": {"uv": [1.25, 11.25, 1, 11], "texture": "#0"},
				"down": {"uv": [11.25, 1, 11, 1.25], "texture": "#0"}
			}
		},
		{
			"from": [10, 7, 6.5],
			"to": [10.5, 7.5, 7],
			"rotation": {"angle": 0, "axis": "y", "origin": [11, 4, 8]},
			"faces": {
				"north": {"uv": [1.5, 11, 1.75, 11.25], "texture": "#0"},
				"east": {"uv": [11, 1.5, 11.25, 1.75], "texture": "#0"},
				"south": {"uv": [2, 11, 2.25, 11.25], "texture": "#0"},
				"west": {"uv": [11, 2, 11.25, 2.25], "texture": "#0"},
				"up": {"uv": [2.75, 11.25, 2.5, 11], "texture": "#0"},
				"down": {"uv": [11.25, 2.5, 11, 2.75], "texture": "#0"}
			}
		},
		{
			"from": [5.5, 7, 9],
			"to": [6, 7.5, 9.5],
			"rotation": {"angle": 0, "axis": "y", "origin": [6, 4, 11]},
			"faces": {
				"north": {"uv": [3, 11, 3.25, 11.25], "texture": "#0"},
				"east": {"uv": [11, 3, 11.25, 3.25], "texture": "#0"},
				"south": {"uv": [3.5, 11, 3.75, 11.25], "texture": "#0"},
				"west": {"uv": [11, 3.5, 11.25, 3.75], "texture": "#0"},
				"up": {"uv": [4.25, 11.25, 4, 11], "texture": "#0"},
				"down": {"uv": [11.25, 4, 11, 4.25], "texture": "#0"}
			}
		},
		{
			"from": [10, 7, 9],
			"to": [10.5, 7.5, 9.5],
			"rotation": {"angle": 0, "axis": "y", "origin": [11, 4, 11]},
			"faces": {
				"north": {"uv": [4.5, 11, 4.75, 11.25], "texture": "#0"},
				"east": {"uv": [11, 4.5, 11.25, 4.75], "texture": "#0"},
				"south": {"uv": [5, 11, 5.25, 11.25], "texture": "#0"},
				"west": {"uv": [11, 5, 11.25, 5.25], "texture": "#0"},
				"up": {"uv": [5.75, 11.25, 5.5, 11], "texture": "#0"},
				"down": {"uv": [11.25, 5.5, 11, 5.75], "texture": "#0"}
			}
		},
		{
			"from": [6.5, 6, 6.5],
			"to": [9.5, 8, 9.5],
			"rotation": {"angle": 0, "axis": "y", "origin": [7, 6, 7]},
			"faces": {
				"north": {"uv": [6, 1, 7.5, 2], "texture": "#0"},
				"east": {"uv": [6, 2, 7.5, 3], "texture": "#0"},
				"south": {"uv": [3, 6, 4.5, 7], "texture": "#0"},
				"west": {"uv": [4.5, 6, 6, 7], "texture": "#0"},
				"up": {"uv": [5.5, 4.5, 4, 3], "texture": "#0"},
				"down": {"uv": [5.5, 4.5, 4, 6], "texture": "#0"}
			}
		},
		{
			"from": [6, 8, 6],
			"to": [10, 8.5, 10],
			"rotation": {"angle": 0, "axis": "y", "origin": [7, 6, 7]},
			"faces": {
				"north": {"uv": [7.5, 5.5, 9.5, 5.75], "texture": "#0"},
				"east": {"uv": [7.5, 6, 9.5, 6.25], "texture": "#0"},
				"south": {"uv": [7.5, 6.5, 9.5, 6.75], "texture": "#0"},
				"west": {"uv": [0, 8, 2, 8.25], "texture": "#0"},
				"up": {"uv": [2, 2, 0, 0], "texture": "#0"},
				"down": {"uv": [2, 2, 0, 4], "texture": "#0"}
			}
		},
		{
			"from": [6, 8, 6.5],
			"to": [7, 9, 7.5],
			"rotation": {"angle": 0, "axis": "y", "origin": [7, 8, 7]},
			"faces": {
				"north": {"uv": [3, 5.5, 3.5, 6], "texture": "#0"},
				"east": {"uv": [3.5, 5.5, 4, 6], "texture": "#0"},
				"south": {"uv": [1, 9.5, 1.5, 10], "texture": "#0"},
				"west": {"uv": [1.5, 9.5, 2, 10], "texture": "#0"},
				"up": {"uv": [2.5, 10, 2, 9.5], "texture": "#0"},
				"down": {"uv": [10, 2, 9.5, 2.5], "texture": "#0"}
			}
		},
		{
			"from": [7, 8, 8.5],
			"to": [8, 9, 9.5],
			"rotation": {"angle": 0, "axis": "y", "origin": [8, 7, 9]},
			"faces": {
				"north": {"uv": [2.5, 9.5, 3, 10], "texture": "#0"},
				"east": {"uv": [9.5, 2.5, 10, 3], "texture": "#0"},
				"south": {"uv": [9.5, 3, 10, 3.5], "texture": "#0"},
				"west": {"uv": [9.5, 3.5, 10, 4], "texture": "#0"},
				"up": {"uv": [6, 10, 5.5, 9.5], "texture": "#0"},
				"down": {"uv": [10, 5.5, 9.5, 6], "texture": "#0"}
			}
		},
		{
			"from": [8.5, 8, 7],
			"to": [9.5, 9, 8],
			"rotation": {"angle": 0, "axis": "y", "origin": [10, 7, 9]},
			"faces": {
				"north": {"uv": [9.5, 6, 10, 6.5], "texture": "#0"},
				"east": {"uv": [9.5, 6.5, 10, 7], "texture": "#0"},
				"south": {"uv": [9.5, 7, 10, 7.5], "texture": "#0"},
				"west": {"uv": [8, 9.5, 8.5, 10], "texture": "#0"},
				"up": {"uv": [9, 10, 8.5, 9.5], "texture": "#0"},
				"down": {"uv": [10, 8.5, 9.5, 9], "texture": "#0"}
			}
		},
		{
			"from": [5.5, 9, 7],
			"to": [6.5, 9.5, 8],
			"rotation": {"angle": 0, "axis": "y", "origin": [6, 9, 8]},
			"faces": {
				"north": {"uv": [4, 10, 4.5, 10.25], "texture": "#0"},
				"east": {"uv": [4.5, 10, 5, 10.25], "texture": "#0"},
				"south": {"uv": [5, 10, 5.5, 10.25], "texture": "#0"},
				"west": {"uv": [5.5, 10, 6, 10.25], "texture": "#0"},
				"up": {"uv": [9.5, 10, 9, 9.5], "texture": "#0"},
				"down": {"uv": [10, 9, 9.5, 9.5], "texture": "#0"}
			}
		},
		{
			"from": [6, 8.5, 7.5],
			"to": [6.5, 9, 8],
			"rotation": {"angle": 0, "axis": "y", "origin": [6, 9, 9]},
			"faces": {
				"north": {"uv": [10, 8.5, 10.25, 8.75], "texture": "#0"},
				"east": {"uv": [9, 10, 9.25, 10.25], "texture": "#0"},
				"south": {"uv": [10, 9, 10.25, 9.25], "texture": "#0"},
				"west": {"uv": [9.5, 10, 9.75, 10.25], "texture": "#0"},
				"up": {"uv": [10.25, 9.75, 10, 9.5], "texture": "#0"},
				"down": {"uv": [10.25, 10, 10, 10.25], "texture": "#0"}
			}
		},
		{
			"from": [7.5, 9, 7],
			"to": [8, 9.5, 7.5],
			"rotation": {"angle": 10, "axis": "y", "origin": [7, 9, 9]},
			"faces": {
				"north": {"uv": [10.5, 0, 10.75, 0.25], "texture": "#0"},
				"east": {"uv": [10.5, 0.5, 10.75, 0.75], "texture": "#0"},
				"south": {"uv": [10.5, 1, 10.75, 1.25], "texture": "#0"},
				"west": {"uv": [10.5, 1.5, 10.75, 1.75], "texture": "#0"},
				"up": {"uv": [10.75, 2.25, 10.5, 2], "texture": "#0"},
				"down": {"uv": [10.75, 2.5, 10.5, 2.75], "texture": "#0"}
			}
		},
		{
			"from": [9, 9.5, 8.5],
			"to": [9.5, 10, 9],
			"rotation": {"angle": -20, "axis": "z", "origin": [9, 10, 10]},
			"faces": {
				"north": {"uv": [3, 10.5, 3.25, 10.75], "texture": "#0"},
				"east": {"uv": [10.5, 3, 10.75, 3.25], "texture": "#0"},
				"south": {"uv": [10.5, 3.5, 10.75, 3.75], "texture": "#0"},
				"west": {"uv": [4, 10.5, 4.25, 10.75], "texture": "#0"},
				"up": {"uv": [10.75, 4.25, 10.5, 4], "texture": "#0"},
				"down": {"uv": [4.75, 10.5, 4.5, 10.75], "texture": "#0"}
			}
		},
		{
			"from": [5.5, 7.5, 7],
			"to": [6, 8, 7.5],
			"rotation": {"angle": 0, "axis": "y", "origin": [5, 8, 8]},
			"faces": {
				"north": {"uv": [10.5, 4.5, 10.75, 4.75], "texture": "#0"},
				"east": {"uv": [5, 10.5, 5.25, 10.75], "texture": "#0"},
				"south": {"uv": [10.5, 5, 10.75, 5.25], "texture": "#0"},
				"west": {"uv": [5.5, 10.5, 5.75, 10.75], "texture": "#0"},
				"up": {"uv": [10.75, 5.75, 10.5, 5.5], "texture": "#0"},
				"down": {"uv": [6.25, 10.5, 6, 10.75], "texture": "#0"}
			}
		},
		{
			"from": [5, 8, 7.5],
			"to": [5.5, 8.5, 8],
			"rotation": {"angle": 0, "axis": "y", "origin": [5, 8, 8]},
			"faces": {
				"north": {"uv": [10.5, 6, 10.75, 6.25], "texture": "#0"},
				"east": {"uv": [6.5, 10.5, 6.75, 10.75], "texture": "#0"},
				"south": {"uv": [10.5, 6.5, 10.75, 6.75], "texture": "#0"},
				"west": {"uv": [7, 10.5, 7.25, 10.75], "texture": "#0"},
				"up": {"uv": [10.75, 7.25, 10.5, 7], "texture": "#0"},
				"down": {"uv": [7.75, 10.5, 7.5, 10.75], "texture": "#0"}
			}
		},
		{
			"from": [5, 8.5, 7],
			"to": [6, 9, 7.5],
			"rotation": {"angle": 0, "axis": "y", "origin": [5, 8, 8]},
			"faces": {
				"north": {"uv": [10, 5.5, 10.5, 5.75], "texture": "#0"},
				"east": {"uv": [10.5, 9, 10.75, 9.25], "texture": "#0"},
				"south": {"uv": [6, 10, 6.5, 10.25], "texture": "#0"},
				"west": {"uv": [9.5, 10.5, 9.75, 10.75], "texture": "#0"},
				"up": {"uv": [10.5, 6.25, 10, 6], "texture": "#0"},
				"down": {"uv": [7, 10, 6.5, 10.25], "texture": "#0"}
			}
		}
	],
	"display": {
		"thirdperson_righthand": {
			"rotation": [69, 0, 0],
			"translation": [-0.75, 2.75, 2],
			"scale": [0.9, 0.9, 0.9]
		},
		"thirdperson_lefthand": {
			"rotation": [69, 0, 0],
			"translation": [-0.75, 2.75, 2],
			"scale": [0.9, 0.9, 0.9]
		},
		"firstperson_righthand": {
			"translation": [0, 2.5, 0],
			"scale": [0.9, 0.9, 0.9]
		},
		"firstperson_lefthand": {
			"translation": [0, 2.5, 0],
			"scale": [0.9, 0.9, 0.9]
		},
		"ground": {
			"translation": [0, 0.25, 0]
		},
		"gui": {
			"rotation": [0, -180, 0],
			"translation": [0, 4.25, 0],
			"scale": [1.25, 1.25, 1.25]
		},
		"head": {
			"translation": [0, 14.75, 0]
		},
		"fixed": {
			"rotation": [-87, -17, 0],
			"translation": [0, -0.75, -8.5],
			"scale": [1.25, 1.25, 1.25]
		},
		"on_shelf": {
			"rotation": [0, -180, 0],
			"scale": [1.5, 1.5, 1.5]
		}
	},
	"groups": [
		{
			"name": "glass",
			"origin": [8, 8, 8],
			"color": 9,
			"children": [0, 1, 2, 3, 4, 5, 6, 7, 8, 9, 10, 11, 12, 13, 14, 15, 16]
		},
		{
			"name": "brew",
			"origin": [8, 8, 8],
			"color": 6,
			"children": [17, 18, 19, 20, 21, 22, 23, 24, 25, 26, 27, 28]
		}
	]
}