{
	"format_version": "1.21.6",
	"credit": "Made by SHO310",
	"texture_size": [64, 75],
	"textures": {
		"1": "custom:item/sho/spiritbound_badge/ghost_detective_badge",
		"2": "custom:item/sho/spiritbound_badge/ghost_detective_badge_outline",
		"particle": "custom:item/sho/spiritbound_badge/ghost_detective_badge_outline"
	},
	"elements": [
		{
			"from": [6.95, 0, 7],
			"to": [9.35, 0.75, 9],
			"rotation": {"angle": 0, "axis": "y", "origin": [7.1, 0, 7]},
			"faces": {
				"north": {"uv": [7.18367, 15.58922, 8.80459, 16], "texture": "#1"},
				"east": {"uv": [0, 0, 0.5, 0.16], "texture": "#2"},
				"south": {"uv": [7.18367, 15.58922, 8.80459, 16], "texture": "#1"},
				"west": {"uv": [0, 0, 0.5, 0.16], "texture": "#2"},
				"up": {"uv": [0, 0, 0.625, 0.42667], "texture": "#2"},
				"down": {"uv": [0, 0, 0.625, 0.42667], "texture": "#2"}
			}
		},
		{
			"from": [1, 2.25, 7],
			"to": [2.75, 27.5, 9],
			"rotation": {"angle": 0, "axis": "y", "origin": [0.5, 3, 7]},
			"faces": {
				"north": {"uv": [11.59184, 0.83592, 12.56811, 14.76288], "texture": "#1"},
				"east": {"uv": [0, 0, 0.5, 5.38667], "texture": "#2"},
				"south": {"uv": [3.42857, 0.83592, 4.40485, 14.76288], "texture": "#1"},
				"west": {"uv": [0, 0, 0.5, 5.38667], "texture": "#2"},
				"up": {"uv": [0, 0, 0.4375, 0.42667], "texture": "#2"},
				"down": {"uv": [0, 0, 0.4375, 0.42667], "texture": "#2"}
			}
		},
		{
			"from": [13.5, 2.25, 7],
			"to": [15.25, 27.5, 9],
			"rotation": {"angle": 0, "axis": "y", "origin": [13, 3, 7]},
			"faces": {
				"north": {"uv": [3.42857, 0.83592, 4.40485, 14.76288], "texture": "#1"},
				"east": {"uv": [0, 0, 0.5, 5.38667], "texture": "#2"},
				"south": {"uv": [11.59184, 0.83592, 12.56811, 14.76288], "texture": "#1"},
				"west": {"uv": [0, 0, 0.5, 5.38667], "texture": "#2"},
				"up": {"uv": [0, 0, 0.4375, 0.42667], "texture": "#2"},
				"down": {"uv": [0, 0, 0.4375, 0.42667], "texture": "#2"}
			}
		},
		{
			"from": [0.25, 26, 7],
			"to": [1, 27.5, 9],
			"rotation": {"angle": 0, "axis": "y", "origin": [-1.25, 5, 7]},
			"faces": {
				"north": {"uv": [12.57143, 0.83592, 13.05281, 1.65747], "texture": "#1"},
				"east": {"uv": [0, 0, 0.5, 0.32], "texture": "#2"},
				"south": {"uv": [12.57143, 0.83592, 13.05281, 1.65747], "texture": "#1"},
				"west": {"uv": [0, 0, 0.5, 0.32], "texture": "#2"},
				"up": {"uv": [0, 0, 0.1875, 0.42667], "texture": "#2"},
				"down": {"uv": [0, 0, 0.1875, 0.42667], "texture": "#2"}
			}
		},
		{
			"from": [15.25, 26, 7],
			"to": [16, 27.5, 9],
			"rotation": {"angle": 0, "axis": "y", "origin": [13.75, 5, 7]},
			"faces": {
				"north": {"uv": [2.93878, 0.83592, 3.45281, 1.65747], "texture": "#1"},
				"east": {"uv": [0, 0, 0.5, 0.32], "texture": "#2"},
				"south": {"uv": [2.93878, 0.83592, 3.45281, 1.65747], "texture": "#1"},
				"west": {"uv": [0, 0, 0.5, 0.32], "texture": "#2"},
				"up": {"uv": [0, 0, 0.1875, 0.42667], "texture": "#2"},
				"down": {"uv": [0, 0, 0.1875, 0.42667], "texture": "#2"}
			}
		},
		{
			"from": [-0.5, 26, 7],
			"to": [0.25, 26.75, 9],
			"rotation": {"angle": 0, "axis": "y", "origin": [-2, 5, 7]},
			"faces": {
				"north": {"uv": [13.06123, 1.23994, 13.5426, 1.65072], "texture": "#1"},
				"east": {"uv": [0, 0, 0.5, 0.16], "texture": "#2"},
				"south": {"uv": [13.06123, 1.23994, 13.5426, 1.65072], "texture": "#1"},
				"west": {"uv": [0, 0, 0.5, 0.16], "texture": "#2"},
				"up": {"uv": [0, 0, 0.1875, 0.42667], "texture": "#2"},
				"down": {"uv": [0, 0, 0.1875, 0.42667], "texture": "#2"}
			}
		},
		{
			"from": [16, 26, 7],
			"to": [16.75, 26.75, 9],
			"rotation": {"angle": 0, "axis": "y", "origin": [14.5, 5, 7]},
			"faces": {
				"north": {"uv": [2.44898, 1.25388, 2.93036, 1.65072], "texture": "#1"},
				"east": {"uv": [0, 0, 0.5, 0.16], "texture": "#2"},
				"south": {"uv": [2.44898, 1.25388, 2.93036, 1.65072], "texture": "#1"},
				"west": {"uv": [0, 0, 0.5, 0.16], "texture": "#2"},
				"up": {"uv": [0, 0, 0.1875, 0.42667], "texture": "#2"},
				"down": {"uv": [0, 0, 0.1875, 0.42667], "texture": "#2"}
			}
		},
		{
			"from": [5.7, 27.5, 7],
			"to": [10.6, 28.25, 9],
			"rotation": {"angle": 0, "axis": "y", "origin": [8.25, 6.5, 7]},
			"faces": {
				"north": {"uv": [6.38367, 0.41796, 9.62551, 0.82873], "texture": "#1"},
				"east": {"uv": [0, 0, 0.5, 0.16], "texture": "#2"},
				"south": {"uv": [6.38367, 0.41796, 9.62551, 0.82873], "texture": "#1"},
				"west": {"uv": [0, 0, 0.5, 0.16], "texture": "#2"},
				"up": {"uv": [0, 0, 1.25, 0.42667], "texture": "#2"},
				"down": {"uv": [0, 0, 1.25, 0.42667], "texture": "#2"}
			}
		},
		{
			"from": [6.45, 28.25, 7],
			"to": [9.85, 29, 9],
			"rotation": {"angle": 0, "axis": "y", "origin": [8.25, 7.25, 7]},
			"faces": {
				"north": {"uv": [6.85714, 0, 9.1199, 0.39684], "texture": "#1"},
				"east": {"uv": [0, 0, 0.5, 0.16], "texture": "#2"},
				"south": {"uv": [6.85714, 0, 9.1199, 0.39684], "texture": "#1"},
				"west": {"uv": [0, 0, 0.5, 0.16], "texture": "#2"},
				"up": {"uv": [0, 0, 0.875, 0.42667], "texture": "#2"},
				"down": {"uv": [0, 0, 0.875, 0.42667], "texture": "#2"}
			}
		},
		{
			"from": [-2.8, 23.75, 7],
			"to": [-2.05, 24.5, 9],
			"rotation": {"angle": 0, "axis": "y", "origin": [-4.3, 2.75, 7]},
			"faces": {
				"north": {"uv": [14.53061, 2.47989, 15.01199, 2.89067], "texture": "#1"},
				"east": {"uv": [0, 0, 0.5, 0.16], "texture": "#2"},
				"south": {"uv": [14.53061, 2.47989, 15.01199, 2.89067], "texture": "#1"},
				"west": {"uv": [0, 0, 0.5, 0.16], "texture": "#2"},
				"up": {"uv": [0, 0, 0.1875, 0.42667], "texture": "#2"},
				"down": {"uv": [0, 0, 0.1875, 0.42667], "texture": "#2"}
			}
		},
		{
			"from": [18.3, 23.75, 7],
			"to": [19.05, 24.5, 9],
			"rotation": {"angle": 0, "axis": "y", "origin": [16.8, 2.75, 7]},
			"faces": {
				"north": {"uv": [0.97959, 2.47989, 1.46097, 2.89067], "texture": "#1"},
				"east": {"uv": [0, 0, 0.5, 0.16], "texture": "#2"},
				"south": {"uv": [0.97959, 2.47989, 1.46097, 2.89067], "texture": "#1"},
				"west": {"uv": [0, 0, 0.5, 0.16], "texture": "#2"},
				"up": {"uv": [0, 0, 0.1875, 0.42667], "texture": "#2"},
				"down": {"uv": [0, 0, 0.1875, 0.42667], "texture": "#2"}
			}
		},
		{
			"from": [-2.05, 3.75, 7],
			"to": [-1.3, 4.5, 9],
			"rotation": {"angle": 0, "axis": "y", "origin": [-3.55, -17.25, 7]},
			"faces": {
				"north": {"uv": [14.04082, 13.51401, 14.5222, 13.92479], "texture": "#1"},
				"east": {"uv": [0, 0, 0.5, 0.16], "texture": "#2"},
				"south": {"uv": [14.04082, 13.51401, 14.5222, 13.92479], "texture": "#1"},
				"west": {"uv": [0, 0, 0.5, 0.16], "texture": "#2"},
				"up": {"uv": [0, 0, 0.1875, 0.42667], "texture": "#2"},
				"down": {"uv": [0, 0, 0.1875, 0.42667], "texture": "#2"}
			}
		},
		{
			"from": [17.55, 3.75, 7],
			"to": [18.3, 4.5, 9],
			"rotation": {"angle": 0, "axis": "y", "origin": [16.05, -17.25, 7]},
			"faces": {
				"north": {"uv": [1.46939, 13.51401, 1.95077, 13.92479], "texture": "#1"},
				"east": {"uv": [0, 0, 0.5, 0.16], "texture": "#2"},
				"south": {"uv": [1.46939, 13.51401, 1.95077, 13.92479], "texture": "#1"},
				"west": {"uv": [0, 0, 0.5, 0.16], "texture": "#2"},
				"up": {"uv": [0, 0, 0.1875, 0.42667], "texture": "#2"},
				"down": {"uv": [0, 0, 0.1875, 0.42667], "texture": "#2"}
			}
		},
		{
			"from": [-3.55, 5.25, 7],
			"to": [-2.8, 12, 9],
			"rotation": {"angle": 0, "axis": "y", "origin": [-5.05, -15.75, 7]},
			"faces": {
				"north": {"uv": [15.02041, 9.39015, 15.50179, 13.10106], "texture": "#1"},
				"east": {"uv": [0, 0, 0.5, 1.44], "texture": "#2"},
				"south": {"uv": [15.02041, 9.39015, 15.50179, 13.10106], "texture": "#1"},
				"west": {"uv": [0, 0, 0.5, 1.44], "texture": "#2"},
				"up": {"uv": [0, 0, 0.1875, 0.42667], "texture": "#2"},
				"down": {"uv": [0, 0, 0.1875, 0.42667], "texture": "#2"}
			}
		},
		{
			"from": [19.05, 5.25, 7],
			"to": [19.8, 12, 9],
			"rotation": {"angle": 0, "axis": "y", "origin": [17.55, -15.75, 7]},
			"faces": {
				"north": {"uv": [0.4898, 9.39015, 0.97117, 13.10106], "texture": "#1"},
				"east": {"uv": [0, 0, 0.5, 1.44], "texture": "#2"},
				"south": {"uv": [0.4898, 9.39015, 0.97117, 13.10106], "texture": "#1"},
				"west": {"uv": [0, 0, 0.5, 1.44], "texture": "#2"},
				"up": {"uv": [0, 0, 0.1875, 0.42667], "texture": "#2"},
				"down": {"uv": [0, 0, 0.1875, 0.42667], "texture": "#2"}
			}
		},
		{
			"from": [-4.3, 6.75, 7],
			"to": [-3.55, 10.5, 9],
			"rotation": {"angle": 0, "axis": "y", "origin": [-5.8, -15.75, 7]},
			"faces": {
				"north": {"uv": [15.51021, 10.21214, 16, 12.26601], "texture": "#1"},
				"east": {"uv": [0, 0, 0.5, 0.8], "texture": "#2"},
				"south": {"uv": [15.51021, 10.21214, 16, 12.26601], "texture": "#1"},
				"west": {"uv": [0, 0, 0.5, 0.8], "texture": "#2"},
				"up": {"uv": [0, 0, 0.1875, 0.42667], "texture": "#2"},
				"down": {"uv": [0, 0, 0.1875, 0.42667], "texture": "#2"}
			}
		},
		{
			"from": [19.8, 6.75, 7],
			"to": [20.55, 10.5, 9],
			"rotation": {"angle": 0, "axis": "y", "origin": [18.3, -15.75, 7]},
			"faces": {
				"north": {"uv": [0, 10.21214, 0.48138, 12.26601], "texture": "#1"},
				"east": {"uv": [0, 0, 0.5, 0.8], "texture": "#2"},
				"south": {"uv": [0, 10.21214, 0.48138, 12.26601], "texture": "#1"},
				"west": {"uv": [0, 0, 0.5, 0.8], "texture": "#2"},
				"up": {"uv": [0, 0, 0.1875, 0.42667], "texture": "#2"},
				"down": {"uv": [0, 0, 0.1875, 0.42667], "texture": "#2"}
			}
		},
		{
			"from": [-3.55, 22.25, 7],
			"to": [-1.3, 23.75, 9],
			"rotation": {"angle": 0, "axis": "y", "origin": [-3.55, 2, 7]},
			"faces": {
				"north": {"uv": [14.05714, 2.89785, 15.50128, 3.7194], "texture": "#1"},
				"east": {"uv": [0, 0, 0.5, 0.32], "texture": "#2"},
				"south": {"uv": [15.50128, 2.89785, 14.05714, 3.7194], "texture": "#1"},
				"west": {"uv": [0, 0, 0.5, 0.32], "texture": "#2"},
				"up": {"uv": [0, 0, 0.5625, 0.42667], "texture": "#2"},
				"down": {"uv": [0, 0, 0.5625, 0.42667], "texture": "#2"}
			}
		},
		{
			"from": [17.55, 22.25, 7],
			"to": [19.8, 23.75, 9],
			"rotation": {"angle": 0, "axis": "y", "origin": [17.55, 2, 7]},
			"faces": {
				"north": {"uv": [0.4898, 2.89785, 1.96658, 3.7194], "texture": "#1"},
				"east": {"uv": [0, 0, 0.5, 0.32], "texture": "#2"},
				"south": {"uv": [1.96658, 2.89785, 0.4898, 3.7194], "texture": "#1"},
				"west": {"uv": [0, 0, 0.5, 0.32], "texture": "#2"},
				"up": {"uv": [0, 0, 0.5625, 0.42667], "texture": "#2"},
				"down": {"uv": [0, 0, 0.5625, 0.42667], "texture": "#2"}
			}
		},
		{
			"from": [-2.05, 23.75, 7],
			"to": [-1.3, 25.25, 9],
			"rotation": {"angle": 0, "axis": "y", "origin": [-3.55, 3.5, 7]},
			"faces": {
				"north": {"uv": [14.04082, 2.06193, 14.53852, 2.89741], "texture": "#1"},
				"east": {"uv": [0, 0, 0.5, 0.32], "texture": "#2"},
				"south": {"uv": [14.04082, 2.06193, 14.53852, 2.89741], "texture": "#1"},
				"west": {"uv": [0, 0, 0.5, 0.32], "texture": "#2"},
				"up": {"uv": [0, 0, 0.1875, 0.42667], "texture": "#2"},
				"down": {"uv": [0, 0, 0.1875, 0.42667], "texture": "#2"}
			}
		},
		{
			"from": [17.55, 23.75, 7],
			"to": [18.3, 25.25, 9],
			"rotation": {"angle": 0, "axis": "y", "origin": [16.05, 3.5, 7]},
			"faces": {
				"north": {"uv": [1.46939, 2.07586, 1.96709, 2.89741], "texture": "#1"},
				"east": {"uv": [0, 0, 0.5, 0.32], "texture": "#2"},
				"south": {"uv": [1.46939, 2.07586, 1.96709, 2.89741], "texture": "#1"},
				"west": {"uv": [0, 0, 0.5, 0.32], "texture": "#2"},
				"up": {"uv": [0, 0, 0.1875, 0.42667], "texture": "#2"},
				"down": {"uv": [0, 0, 0.1875, 0.42667], "texture": "#2"}
			}
		},
		{
			"from": [-2.8, 4.5, 7],
			"to": [-1.3, 22.25, 9],
			"rotation": {"angle": 0, "axis": "y", "origin": [-3.55, 0.5, 7]},
			"faces": {
				"north": {"uv": [14.04082, 3.71984, 15.0199, 13.51118], "texture": "#1"},
				"east": {"uv": [0, 0, 0.5, 3.78667], "texture": "#2"},
				"south": {"uv": [0.97959, 3.71984, 1.95867, 13.51118], "texture": "#1"},
				"west": {"uv": [0, 0, 0.5, 3.78667], "texture": "#2"},
				"up": {"uv": [0, 0, 0.375, 0.42667], "texture": "#2"},
				"down": {"uv": [0, 0, 0.375, 0.42667], "texture": "#2"}
			}
		},
		{
			"from": [17.55, 4.5, 7],
			"to": [19.05, 22.25, 9],
			"rotation": {"angle": 0, "axis": "y", "origin": [16.8, 0.5, 7]},
			"faces": {
				"north": {"uv": [0.97959, 3.71984, 1.95867, 13.51118], "texture": "#1"},
				"east": {"uv": [0, 0, 0.5, 3.78667], "texture": "#2"},
				"south": {"uv": [14.04082, 3.71984, 15.0199, 13.51118], "texture": "#1"},
				"west": {"uv": [0, 0, 0.5, 3.78667], "texture": "#2"},
				"up": {"uv": [0, 0, 0.375, 0.42667], "texture": "#2"},
				"down": {"uv": [0, 0, 0.375, 0.42667], "texture": "#2"}
			}
		},
		{
			"from": [-1.3, 3, 7],
			"to": [1, 26, 9],
			"rotation": {"angle": 0, "axis": "y", "origin": [-1.25, 3, 7]},
			"faces": {
				"north": {"uv": [12.56327, 1.65791, 14.0347, 14.35254], "texture": "#1"},
				"east": {"uv": [0, 0, 0.5, 4.90667], "texture": "#2"},
				"south": {"uv": [1.95918, 1.65791, 3.42245, 14.33861], "texture": "#1"},
				"west": {"uv": [0, 0, 0.5, 4.90667], "texture": "#2"},
				"up": {"uv": [0, 0, 0.5, 0.42667], "texture": "#2"},
				"down": {"uv": [0, 0, 0.5, 0.42667], "texture": "#2"}
			}
		},
		{
			"from": [15.25, 3, 7],
			"to": [17.55, 26, 9],
			"rotation": {"angle": 0, "axis": "y", "origin": [15, 3, 7]},
			"faces": {
				"north": {"uv": [1.95918, 1.65791, 3.42245, 14.33861], "texture": "#1"},
				"east": {"uv": [0, 0, 0.5, 4.90667], "texture": "#2"},
				"south": {"uv": [12.56327, 1.65791, 14.0347, 14.35254], "texture": "#1"},
				"west": {"uv": [0, 0, 0.5, 4.90667], "texture": "#2"},
				"up": {"uv": [0, 0, 0.5, 0.42667], "texture": "#2"},
				"down": {"uv": [0, 0, 0.5, 0.42667], "texture": "#2"}
			}
		},
		{
			"from": [5, 0.75, 7],
			"to": [11.25, 1.5, 9],
			"rotation": {"angle": 0, "axis": "y", "origin": [7, 0.75, 7]},
			"faces": {
				"north": {"uv": [5.87755, 15.17192, 10.1148, 15.58966], "texture": "#1"},
				"east": {"uv": [0, 0, 0.5, 0.16], "texture": "#2"},
				"south": {"uv": [5.87755, 15.17192, 10.1148, 15.58966], "texture": "#1"},
				"west": {"uv": [0, 0, 0.5, 0.16], "texture": "#2"},
				"up": {"uv": [0, 0, 1.625, 0.42667], "texture": "#2"},
				"down": {"uv": [0, 0, 1.625, 0.42667], "texture": "#2"}
			}
		},
		{
			"from": [2.75, 1.5, 7],
			"to": [13.5, 27.5, 9],
			"rotation": {"angle": 0, "axis": "y", "origin": [7, 2.25, 7]},
			"faces": {
				"north": {"uv": [4.40816, 0.83592, 11.58546, 15.16408], "texture": "#1"},
				"east": {"uv": [0, 0, 0.5, 5.54667], "texture": "#2"},
				"south": {"uv": [4.40816, 0.83592, 11.58546, 15.16408], "texture": "#1"},
				"west": {"uv": [0, 0, 0.5, 5.54667], "texture": "#2"},
				"up": {"uv": [0, 0, 2.6875, 0.42667], "texture": "#2"},
				"down": {"uv": [0, 0, 2.6875, 0.42667], "texture": "#2"}
			}
		}
	],
	"gui_light": "front",
	"display": {
		"thirdperson_righthand": {
			"rotation": [27, 0, 0],
			"translation": [0, 0.5, 1],
			"scale": [0.18, 0.18, 0.18]
		},
		"thirdperson_lefthand": {
			"rotation": [27, 0, 0],
			"translation": [0, 0.5, 1],
			"scale": [0.18, 0.18, 0.18]
		},
		"firstperson_righthand": {
			"rotation": [0, -9, 0],
			"translation": [1, 1, 0],
			"scale": [0.32, 0.32, 0.32]
		},
		"firstperson_lefthand": {
			"rotation": [0, -9, 0],
			"translation": [1, 1, 0],
			"scale": [0.32, 0.32, 0.32]
		},
		"ground": {
			"translation": [0, 1.5, 0],
			"scale": [0.3, 0.3, 0.3]
		},
		"gui": {
			"translation": [0, -3.25, 0],
			"scale": [0.5, 0.5, 0.5]
		},
		"head": {
			"translation": [0, 9, 0],
			"scale": [0.3, 0.3, 0.3]
		},
		"fixed": {
			"translation": [0, -3.75, 0],
			"scale": [0.55, 0.55, 0.55]
		},
		"on_shelf": {
			"scale": [0.6, 0.6, 0.6]
		}
	},
	"groups": [
		{
			"name": "badge",
			"origin": [11, 0, 0],
			"color": 0,
			"children": [0, 1, 2, 3, 4, 5, 6, 7, 8, 9, 10, 11, 12, 13, 14, 15, 16, 17, 18, 19, 20, 21, 22, 23, 24, 25, 26]
		}
	]
}